#,squad,page_id,tags,title,description,intent,video_id,intent_type,channel,category,category_icon,is_deep_link_available,deeplink,priority,line_of_business,resident_type,visibility,product_category,query_category,query_sub_category,sr_category,sr_name,is_popular,label,intent_priority,Follow up 1,Follow up 2 ,Follow up 3,nlu_intent,nlu_entities,nlu_examples,nlu_disambiguation_hint
1,RAS,All,balance enquiry|check balance|account balance|view balance|total balance|all accounts balance|available balance|balance|balances|show balance|show my balance|what is my balance|whats my balance|my balance|current balance|bank balance|savings balance|how much money do I have|bal|balance check|available funds|ledger balance|account balance enquiry|check my account balance|money in my account|how much in my account|account ka balance|show me my balance|tell me my balance,Check balance across accounts,Please find your account balance below ,S_BALANCE,,Executable,mobile,faq,FAQ,FALSE,,,liability,RI,True,Accounts,,,fd_rd,,False,View Balance,,Book FD ,Add Money,Download Statement ,view_balance,"{""action"": ""view"", ""feature"": ""balance"", ""product"": ""account""}",balance enquiry|check balance|account balance|view balance|total balance|all accounts balance|available balance|balance|balances|show balance|show my balance|what is my balance,Use for View Balance. Feature is balance.
2,RAS,All,recent transactions|last transactions|mini statement|recent activity|transaction history|last payments|account activity|transactions|transaction|show transactions|my transactions|last 5 transactions|last 10 transactions|recent debits|recent credits|view mini statement|txn|txn history|latest transactions|show recent activity|what did I spend|debit history|credit history|passbook entries|recent payments|where did my money go|last few transactions|show my recent transactions,View latest transactions,Please check your last 5 transactions below ,VIEW_TRANSACTIONS,,Executable,mobile,faq,FAQ,FALSE,,,liability|asset|creditcard,RI,True,Accounts,,,fd_rd,,False,View Transactions ,,,,,view_transactions,"{""action"": ""view"", ""feature"": ""transactions"", ""product"": ""account"", ""transaction_status"": ""recent""}",recent transactions|last transactions|mini statement|recent activity|transaction history|last payments|account activity|transactions|transaction|show transactions|my transactions|last 5 transactions,Use for View Transactions. Feature is transactions. Transaction bucket is recent.
3,RAS,All,recent requests|service requests|request status|support requests|complaint status|open requests|request history|case|support tickets|my requests|my service requests|track request|sr status|sr tracker|view sr|my open requests|my tickets|ticket status|track ticket|raised requests|request tracking|service request status|track my service request|show my requests,How do I track my service requests?,Track the status of your service requests and view updates for all open and past requests.,VIEW_RECENT_REQUESTS,,Executable,mobile,faq,FAQ,FALSE,,,liability|asset|creditcard,RI,True,profile,,,fd_rd,,False,View Recent Requests ,,,,,view_service_request,"{""action"": ""view"", ""feature"": ""service_request"", ""product"": ""service_request"", ""request_type"": ""service_request_tracking"", ""service_type"": ""service_request""}",recent requests|service requests|request status|support requests|complaint status|open requests|request history|case|support tickets|my requests|my service requests|track request,Use for View Recent Requests. Feature is service request. Service type is service request.
4,RL,All,loan documents|download loan files|loan papers|loan agreement|loan records|loan documents pdf|loan paperwork|loan|loan document download|loan sanction letter|loan welcome letter|loan amortization schedule|get loan documents|download loan agreement|loan certificates|my loan documents|loan statement|loan repayment schedule|loan kfs|loan key fact statement,Download loan documents,Download loan-related documents from the list,DOWNLOAD_LOAN_DOCUMENTS,,Executable,mobile,faq,FAQ,FALSE,,,asset,RI,True,loans,,,fd_rd,,False,Download Loan Documents,,,,,download_loan_documents,"{""action"": ""download"", ""document_type"": ""loan_document"", ""feature"": ""loan_documents"", ""loan_type"": ""loan"", ""product"": ""loan""}",loan documents|download loan files|loan papers|loan agreement|loan records|loan documents pdf|loan paperwork|loan|loan document download|loan sanction letter|loan welcome letter|loan amortization schedule,Use for Download Loan Documents. Feature is loan documents. Loan type is loan. Document requested is loan document.
5,RAS,All,temporary block debit card|lost debit card|debit card security|block card|freeze debit card|card misuse|debit card control|block my debit card|temporarily block debit card|debit card lost|debit card stolen|debit card misplaced|hotlist debit card|stop debit card|suspend debit card|freeze my debit card|block dc|dc block|deactivate debit card temporarily|i lost my debit card|my debit card is missing|atm card block,Temporary Block debit card,Please select  the debit card you want to block temporarily to prevent unauthorized transactions,BLOCK_DEBIT_CARD,,Executable,mobile,faq,FAQ,FALSE,,,liability,RI,True,debit_cards,,,debit_cards,,False,Temporary Block Debit Card,,,,,block_temporary_debit_card,"{""action"": ""block"", ""card_type"": ""debit_card"", ""feature"": ""temporary_debit_card"", ""product"": ""debit_card"", ""status"": ""temporary""}",temporary block debit card|lost debit card|debit card security|block card|freeze debit card|card misuse|debit card control|block my debit card|temporarily block debit card|debit card lost|debit card stolen|debit card misplaced,Use for Temporary Block Debit Card. Feature is temporary debit card. Card type is debit card. Block/status qualifier is temporary.
6,RAS,All,unblock debit card|debit card unblock|unblock card|resume debit card|enable debit card|card control|debit card status|unblock my debit card|reactivate debit card|activate debit card|enable my debit card|debit card unfreeze|remove block on debit card|unblock dc|dc unblock|lift debit card block|atm card unblock|found my debit card|re-enable debit card,Unblock debit card,Please select the debit card you want to unblock if it was temporarily blocked earlier,UNBLOCK_DEBIT_CARD,,Executable,mobile,faq,FAQ,FALSE,,,liability,RI,True,debit_cards,,,debit_cards,,False,Unblock Debit Card ,,,,,unblock_debit_card,"{""action"": ""unblock"", ""card_type"": ""debit_card"", ""feature"": ""debit_card"", ""product"": ""debit_card""}",unblock debit card|debit card unblock|unblock card|resume debit card|enable debit card|card control|debit card status|unblock my debit card|reactivate debit card|activate debit card|enable my debit card|debit card unfreeze,Use for Unblock Debit Card. Feature is debit card. Card type is debit card.
7,CC,All,block credit card|lost credit card|credit card security|block card|freeze credit card|card misuse|credit card control|credit card|block my credit card|temporarily block credit card|credit card lost|credit card stolen|credit card misplaced|hotlist credit card|stop credit card|suspend credit card|block cc|cc block|deactivate credit card temporarily|i lost my credit card|my credit card is missing,Block credit card,Please select the credit card you want to block temporarily to prevent unauthorized transactions,BLOCK_CREDIT_CARD,,Executable,mobile,faq,FAQ,FALSE,,,creditcard,RI,True,credit_cards,,,credit_cards,,False,Temporary Block Credit Card ,,,,,block_temporary_credit_card,"{""action"": ""block"", ""card_type"": ""credit_card"", ""feature"": ""temporary_credit_card"", ""product"": ""credit_card"", ""status"": ""temporary""}",block credit card|lost credit card|credit card security|block card|freeze credit card|card misuse|credit card control|credit card|block my credit card|temporarily block credit card|credit card lost|credit card stolen,Use for Temporary Block Credit Card. Feature is temporary credit card. Card type is credit card. Block/status qualifier is temporary.
8,CC,All,unblock credit card|credit card unblock|unblock card|resume credit card|enable credit card|card control|unblock my credit card|reactivate credit card|activate credit card|enable my credit card|credit card unfreeze|remove block on credit card|unblock cc|cc unblock|lift credit card block|found my credit card|re-enable credit card,Unblock credit card,Please select the credit card you want to unblock if it was temporarily blocked earlier,UNBLOCK_CREDIT_CARD,,Executable,mobile,faq,FAQ,FALSE,,,creditcard,RI,True,credit_cards,,,credit_cards,,False,UnBlock Credit Card ,,,,,unblock_credit_card,"{""action"": ""unblock"", ""card_type"": ""credit_card"", ""feature"": ""credit_card"", ""product"": ""credit_card""}",unblock credit card|credit card unblock|unblock card|resume credit card|enable credit card|card control|unblock my credit card|reactivate credit card|activate credit card|enable my credit card|credit card unfreeze|remove block on credit card,Use for UnBlock Credit Card. Feature is credit card. Card type is credit card.
9,RAS,All,savings interest|interest rate savings|savings rate|account interest|interest earnings|current rate|savings returns|interest|savings account interest|savings ac rate|sb interest rate|sb account interest|what is my interest rate|savings account roi|sa interest|current savings rate|savings interest percentage|interest rate on savings|saving account interest rate,What is the savings account interest rate?,"Sure, please find your savings interest rate below",SAVINGS_INTEREST_RATES,,Executable,mobile,faq,FAQ,FALSE,,,liability|asset|creditcard,RI,True,Accounts,,,Accounts,,False,Savings Interest Rates,,,,,view_savings_interest_rates,"{""account_type"": ""savings_account"", ""action"": ""view"", ""feature"": ""savings_interest_rates"", ""product"": ""savings_account""}",savings interest|interest rate savings|savings rate|account interest|interest earnings|current rate|savings returns|interest|savings account interest|savings ac rate|sb interest rate|sb account interest,Use for Savings Interest Rates. Feature is savings interest rates.
10,CC,All,credit card outstanding|statement balance|total due|card dues|amount payable|billing balance|credit card bill|cc outstanding|credit card due|cc due|credit card outstanding balance|my credit card dues|how much do I owe on credit card|credit card payable|cc bill amount|total credit card outstanding|my cc bill|what do I owe on my credit card|credit card balance due,What is my credit card outstanding?,You can view your total outstanding and statement balance for your credit card in one place.,CREDIT_CARD_OUTSTANDING_AMOUNT,,Executable,mobile,faq,FAQ,FALSE,,,creditcard,RI,True,credit_cards,,,credit_cards,,False,Credit Card Outstanding Amount,,,,,view_credit_card_outstanding,"{""action"": ""view"", ""card_type"": ""credit_card"", ""feature"": ""credit_card_outstanding"", ""product"": ""credit_card""}",credit card outstanding|statement balance|total due|card dues|amount payable|billing balance|credit card bill|cc outstanding|credit card due|cc due|credit card outstanding balance|my credit card dues,Use for Credit Card Outstanding Amount. Feature is credit card outstanding. Card type is credit card.
11,RAS,All,relationship manager|rm details|rm contact|assigned rm|account manager|bank rm|rm phone email|RM|my rm|who is my rm|contact my rm|rm name|rm email|rm number|relationship manager number|relationship manager contact|my account manager|my banker|personal banker|branch manager contact,Who is my relationship manager?,You can view your assigned Relationship Manager’s name and contact details instantly.,RELATIONSHIP_MANAGER_DETAILS,,Executable,mobile,faq,FAQ,FALSE,,,liability|asset|creditcard,RI,True,Accounts,,,Accounts,,False,Relationship Manager Details,,,,,view_relationship_manager,"{""action"": ""view"", ""feature"": ""relationship_manager"", ""product"": ""relationship_manager""}",relationship manager|rm details|rm contact|assigned rm|account manager|bank rm|rm phone email|RM|my rm|who is my rm|contact my rm|rm name,Use for Relationship Manager Details. Feature is relationship manager.
12,CC,All,credit card status|credit card state|card availability|is my credit card active|cc status|credit card active or blocked|my cc status|check credit card status|credit card active status|is my cc blocked|credit card current status|is my credit card working,What is the status of my credit card?,"You can check whether your credit card is active, temporarily blocked, or permanently blocked.",CREDIT_CARD_STATUS,,Executable,mobile,faq,FAQ,FALSE,,,creditcard,RI,True,credit_cards,,,credit_cards,,False,Credit Card Status,,,,,view_credit_card_status,"{""action"": ""view"", ""card_type"": ""credit_card"", ""feature"": ""credit_card_status"", ""product"": ""credit_card"", ""status"": ""active_or_blocked""}",credit card status|credit card state|card availability|is my credit card active|cc status|credit card active or blocked|my cc status|check credit card status|credit card active status|is my cc blocked|credit card current status|is my credit card working,Use for Credit Card Status. Feature is credit card status. Card type is credit card. Block/status qualifier is active or blocked.
13,CC,All,credit limit|available limit|remaining limit|card limit|spending limit|credit balance|limit details|cc limit|my credit card limit|available credit limit|what is my cc limit|how much can I spend on credit card|total credit limit|current credit limit|cc available limit|credit card max limit|remaining credit card limit,What is my available credit limit?,You can view your total credit limit and current available limit for each card.,CREDIT_CARD_LIMIT,,Executable,mobile,faq,FAQ,FALSE,,,creditcard,RI,True,credit_cards,,,credit_cards,,False,Credit Card Limit,,,,,view_credit_card_limit,"{""action"": ""view"", ""card_type"": ""credit_card"", ""feature"": ""credit_card_limit"", ""limit_type"": ""credit_limit"", ""product"": ""credit_card""}",credit limit|available limit|remaining limit|card limit|spending limit|credit balance|limit details|cc limit|my credit card limit|available credit limit|what is my cc limit|how much can I spend on credit card,Use for Credit Card Limit. Feature is credit card limit. Card type is credit card.
14,CC,All,credit card statement date|billing date|statement cycle|bill generation date|card billing|monthly cycle|statement schedule|when is my credit card bill|cc statement date|my credit card bill date|credit card due date|cc due date|cc billing cycle|when is my cc due|credit card payment due date|credit card cycle|when does my cc bill generate|credit card statement generation,What is my credit card statement date?,You can check your credit card statement generation date and billing cycle easily.,VIEW_CREDIT_CARD,,Executable,mobile,faq,FAQ,FALSE,,,creditcard,RI,True,credit_cards,,,credit_cards,,False,View Credit Card,,,,,view_statement_date,"{""action"": ""view"", ""card_type"": ""credit_card"", ""document_type"": ""credit_card_statement"", ""feature"": ""statement_date"", ""limit_type"": ""billing_cycle"", ""product"": ""credit_card""}",credit card statement date|billing date|statement cycle|bill generation date|card billing|monthly cycle|statement schedule|when is my credit card bill|cc statement date|my credit card bill date|credit card due date|cc due date,Use for View Credit Card. Feature is statement date. Card type is credit card. Document requested is credit card statement.
15,RL,All,account statement|download statement|bank statement|transaction statement|statement pdf|account history|monthly statement|download bank statement|e-statement|get account statement|my account statement|download passbook|statement download|download my statement|savings statement download|account ledger|statement of account|soa|savings account statement pdf,Download my account statement,You can download your account statement for any selected period instantly.,DOWNLOAD_ACCOUNT_STATEMENT,,Executable,mobile,faq,FAQ,FALSE,,,liability,RI,True,Accounts,,,Accounts,,False,Download Account Statement,,,,,download_account_statement,"{""account_type"": ""savings_account"", ""action"": ""download"", ""document_type"": ""account_statement"", ""feature"": ""account_statement"", ""product"": ""account""}",account statement|download statement|bank statement|transaction statement|statement pdf|account history|monthly statement|download bank statement|e-statement|get account statement|my account statement|download passbook,Use for Download Account Statement. Feature is account statement. Document requested is account statement.
16,RL,All,tds certificate|download tds|tax certificate|interest tds|tds statement|tax proof|tds document|tds|form 16a|download form 16a|tds form|tds form download|get tds certificate|tax deduction certificate|my tds certificate|tds form 16|16a certificate|tds certificate download|tds for fd|fd tds certificate,Download my TDS certificate,You can download your TDS certificate for applicable accounts from one place.,DOWNLOAD_TDS_CERTIFICATE,,Executable,mobile,faq,FAQ,FALSE,,,liability,RI,True,Accounts,,,Accounts,,False,Download TDS Certificate,,,,,download_tds_certificate,"{""action"": ""download"", ""document_type"": ""tds_certificate"", ""feature"": ""tds_certificate"", ""product"": ""account""}",tds certificate|download tds|tax certificate|interest tds|tds statement|tax proof|tds document|tds|form 16a|download form 16a|tds form|tds form download,Use for Download TDS Certificate. Feature is tds certificate. Document requested is tds certificate.
17,RL,All,interest certificate|download interest|loan interest certificate|tax interest proof|interest statement|interest document|loan tax certificate|interest|home loan interest certificate|home loan tax certificate|provisional interest certificate|loan interest statement|download loan certificate|home loan 80c certificate|interest paid certificate|loan provisional certificate|loan interest paid statement,Download my interest certificate,You can download your interest certificate for  loans instantly.,DOWNLOAD_LOAN_INTEREST_CERTIFICATE,,Executable,mobile,faq,FAQ,FALSE,,,asset,RI,True,loans,,,loans,,False,Download Loan Interest Certificate,,,,,download_loan_interest_certificate,"{""action"": ""download"", ""document_type"": ""interest_certificate"", ""feature"": ""loan_interest_certificate"", ""loan_type"": ""loan"", ""product"": ""loan""}",interest certificate|download interest|loan interest certificate|tax interest proof|interest statement|interest document|loan tax certificate|interest|home loan interest certificate|home loan tax certificate|provisional interest certificate|loan interest statement,Use for Download Loan Interest Certificate. Feature is loan interest certificate. Loan type is loan. Document requested is interest certificate.
18,PLATFORM,All,customer id|customer id number|my customer id|find customer id|bank customer id|profile details|account identity|my cust id|cust id|what is my customer id|find my customer id|where is my customer id|cif|cif number|customer information file|my cif|show me my customer id,How can I get my Customer ID?,You can view your Customer ID in your profile and account details section.,SHOW_CUSTOMER_ID,,Executable,mobile,faq,FAQ,FALSE,,,liability|asset|creditcard,RI,True,profile,,,profile,,False,Show Customer ID,,,,,view_customer_id,"{""action"": ""view"", ""feature"": ""customer_id"", ""product"": ""customer_id"", ""service_type"": ""profile_update""}",customer id|customer id number|my customer id|find customer id|bank customer id|profile details|account identity|my cust id|cust id|what is my customer id|find my customer id|where is my customer id,Use for Show Customer ID. Feature is customer id. Service type is profile update.
19,CC,All,track deliverables|credit card delivery|credit card delivery status|where is my credit card|when will I get my credit card|credit card courier status|track cc|credit card dispatch|credit card delivery tracking|cc tracking|credit card shipment|when will my credit card arrive|credit card not received|new credit card delivery|track new credit card,How can I track delivery of my Credit card ?,You can track the delivery status of your credit card instantly.,TRACK_DELIVERABLE_STATUS_CREDIT_CARD,,Executable,mobile,faq,FAQ,FALSE,,,liability|asset|creditcard,RI,True,credit_cards,,,credit_cards,,False,Track Credit Card Deliverable Status,,,,,track_credit_card_deliverable_status,"{""action"": ""track"", ""card_type"": ""credit_card"", ""feature"": ""credit_card_deliverable_status"", ""product"": ""credit_card"", ""request_type"": ""delivery_tracking"", ""service_type"": ""delivery_tracking""}",track deliverables|credit card delivery|credit card delivery status|where is my credit card|when will I get my credit card|credit card courier status|track cc|credit card dispatch|credit card delivery tracking|cc tracking|credit card shipment|when will my credit card arrive,Use for Track Credit Card Deliverable Status. Feature is credit card deliverable status. Service type is delivery tracking. Card type is credit card.
20,CC,All,credit card statement|view statement|card bill|billing statement|statement pdf|monthly statement|card transactions|credit card|cc statement|download credit card statement|my credit card bill|credit card e-statement|get credit card statement|credit card bill download|cc bill|credit card statement pdf|monthly credit card statement|view my cc statement,How can I view my credit card statement?,You can view and download your credit card statement for the selected billing period.,VIEW_CREDIT_CARD_STATEMENT,,Executable,mobile,faq,FAQ,FALSE,,,creditcard,RI,True,credit_cards,,,credit_cards,,False,View Credit Card Statement ,,,,,view_credit_card_statement,"{""action"": ""view"", ""card_type"": ""credit_card"", ""document_type"": ""credit_card_statement"", ""feature"": ""credit_card_statement"", ""product"": ""credit_card""}",credit card statement|view statement|card bill|billing statement|statement pdf|monthly statement|card transactions|credit card|cc statement|download credit card statement|my credit card bill|credit card e-statement,Use for View Credit Card Statement. Feature is credit card statement. Card type is credit card. Document requested is credit card statement.
21,RL,All,loan details|loan account|loan summary|loan tenure|interest rate loan|emi schedule|loan information|EMI|Loan EMI|my loan|my loans|loan emi details|loan balance|loan outstanding|principal outstanding|loan info|view my loan|check loan details|loan tenure remaining|loan balance enquiry|my home loan|my personal loan|current loan status|remaining loan amount,How can I view my loan details?,"You can see your complete loan details including tenure, interest rate, and EMI schedule.",VIEW_LOAN_DETAILS,,Executable,mobile,faq,FAQ,FALSE,,,asset,RI,True,loans,,,loans,,False,View Loan Details,,,,,view_loan_details,"{""action"": ""view"", ""feature"": ""loan_details"", ""loan_type"": ""loan"", ""product"": ""loan""}",loan details|loan account|loan summary|loan tenure|interest rate loan|emi schedule|loan information|EMI|Loan EMI|my loan|my loans|loan emi details,Use for View Loan Details. Feature is loan details. Loan type is loan.
22,PFM,All,net worth|total net worth|financial overview|assets and liabilities|wealth summary|portfolio overview|networth details|my net worth|total assets|my wealth|networth tracker|my financial summary|total wealth|my portfolio summary|financial position|my finances overview|show my net worth|calculate my net worth,How can I check my net worth?,"You can view your overall net worth based on linked accounts, loans, and investments.",VIEW_NETWORTH,,Executable,mobile,faq,FAQ,FALSE,,,liability|asset|creditcard,RI,True,networth,,,networth,,False,View Networth,,,,,view_networth,"{""action"": ""view"", ""feature"": ""networth"", ""product"": ""networth""}",net worth|total net worth|financial overview|assets and liabilities|wealth summary|portfolio overview|networth details|my net worth|total assets|my wealth|networth tracker|my financial summary,Use for View Networth. Feature is networth.
23,RAS,All,debit card status|active card|temporary block|permanent block|debit card blocked|card availability|is my debit card active|dc status|my debit card status|check debit card status|debit card active status|is my debit card blocked|debit card current status|is my debit card working|atm card status,What is the status of my debit card?,"You can check whether your debit card is active, temporarily blocked, or permanently blocked.",SHOW_DEBIT_CARD_STATUS,,Executable,mobile,faq,FAQ,FALSE,,,liability|asset|creditcard,RI,True,debit_cards,,,debit_cards,,False,Show Debit Card Status,,,,,view_debit_card_status,"{""action"": ""view"", ""card_type"": ""debit_card"", ""feature"": ""debit_card_status"", ""product"": ""debit_card"", ""status"": ""active_or_blocked""}",debit card status|active card|temporary block|permanent block|debit card blocked|card availability|is my debit card active|dc status|my debit card status|check debit card status|debit card active status|is my debit card blocked,Use for Show Debit Card Status. Feature is debit card status. Card type is debit card. Block/status qualifier is active or blocked.
24,CC,All,pay credit card bill|credit card payment|card bill payment|pay cc dues|credit card outstanding|statement payment|bill pay|credit card|pay cc bill|settle credit card|clear credit card dues|pay my credit card|cc payment|pay credit card outstanding|settle cc dues|payment of credit card|pay credit card dues|credit card bill pay,How can I pay my credit card bill?,You can pay your credit card bill securely and instantly from your bank account.,PAY_CREDIT_CARD_BILL,,Executable,mobile,faq,FAQ,FALSE,,,creditcard,RI,True,credit_cards,,,credit_cards,,False,Pay Credit Card Bill,,,,,pay_credit_card_bill,"{""action"": ""pay"", ""card_type"": ""credit_card"", ""feature"": ""credit_card_bill"", ""payment_type"": ""credit_card_bill"", ""product"": ""credit_card""}",pay credit card bill|credit card payment|card bill payment|pay cc dues|credit card outstanding|statement payment|bill pay|credit card|pay cc bill|settle credit card|clear credit card dues|pay my credit card,Use for Pay Credit Card Bill. Feature is credit card bill. Card type is credit card. Payment rail or bill type is credit card bill.
25,RAS,All,track deliverables|Debit card delivery|Debit card delivery status|where is my debit card|when will I get my debit card|debit card courier status|track dc|debit card dispatch|debit card delivery tracking|dc tracking|debit card shipment|new debit card status|debit card not received|track new debit card|atm card delivery,How can I track delivery of my Debit card ?,You can track the delivery status of your Debit card instantly.,TRACK_DELIVERABLE_STATUS_DEBIT_CARD,,Executable,mobile,faq,FAQ,FALSE,,,liability|asset|creditcard,RI,True,debit_cards,,,debit_cards,,False,Track Debit Card Deliverable Status,,,,,track_debit_card_deliverable_status,"{""action"": ""track"", ""card_type"": ""debit_card"", ""feature"": ""debit_card_deliverable_status"", ""product"": ""debit_card"", ""request_type"": ""delivery_tracking"", ""service_type"": ""delivery_tracking""}",track deliverables|Debit card delivery|Debit card delivery status|where is my debit card|when will I get my debit card|debit card courier status|track dc|debit card dispatch|debit card delivery tracking|dc tracking|debit card shipment|new debit card status,Use for Track Debit Card Deliverable Status. Feature is debit card deliverable status. Service type is delivery tracking. Card type is debit card.
26,RAS,All,track deliverables|cheuque book delivery|cheque book delivery status|where is my cheque book|when will I get cheque book|cheque book courier|track chequebook|chequebook tracking|chequebook dispatch|cheque book delivery|cheque book not received|new cheque book status|chequebook courier status,How can I track delivery of my Cheque Book ?,You can track the delivery status of your Cheque Book instantly.,TRACK_DELIVERABLE_STATUS_CHEQUE_BOOK,,Executable,mobile,faq,FAQ,FALSE,,,liability|asset|creditcard,RI,True,Accounts,,,Accounts,,False,Track Cheque Book Deliverable Status,,,,,track_cheque_deliverable_status,"{""action"": ""track"", ""feature"": ""cheque_deliverable_status"", ""product"": ""cheque_book"", ""request_type"": ""delivery_tracking"", ""service_type"": ""delivery_tracking""}",track deliverables|cheuque book delivery|cheque book delivery status|where is my cheque book|when will I get cheque book|cheque book courier|track chequebook|chequebook tracking|chequebook dispatch|cheque book delivery|cheque book not received|new cheque book status,Use for Track Cheque Book Deliverable Status. Feature is cheque deliverable status. Service type is delivery tracking.
27,RAS,All,track deliverables|welcome kit delivery|welcome kit delivery status|welcome kit tracking|welcome kit dispatch|where is my welcome kit|welcome kit courier|new account kit status|account opening kit|welcome kit shipment|welcome kit not received|kit delivery status|track welcome kit,How can I track delivery of my Welcome Kit?,You can track the delivery status of your Welcome Kit instantly.,TRACK_DELIVERABLE_STATUS_WELCOME_KIT,,Executable,mobile,faq,FAQ,FALSE,,,liability|asset|creditcard,RI,True,Accounts,,,Accounts,,False,Track Welcome Kit Deliverable Status,,,,,track_welcome_kit_deliverable_status,"{""action"": ""track"", ""feature"": ""welcome_kit_deliverable_status"", ""product"": ""welcome_kit"", ""request_type"": ""delivery_tracking"", ""service_type"": ""delivery_tracking""}",track deliverables|welcome kit delivery|welcome kit delivery status|welcome kit tracking|welcome kit dispatch|where is my welcome kit|welcome kit courier|new account kit status|account opening kit|welcome kit shipment|welcome kit not received|kit delivery status,Use for Track Welcome Kit Deliverable Status. Feature is welcome kit deliverable status. Service type is delivery tracking.
28,CC,All,credit card emi|all emis|emi details|active emis|card emi summary|monthly emis|emi breakup|my credit card emi|cc emi|credit card installments|my cc emis|ongoing credit card emi|emi on credit card|my card emis|credit card emi list|active emis on cc|credit card monthly emi,Show all EMIs on my credit cards,"Sure, here are your EMIs for your credit card",VIEW_CREDIT_CARD_EMIS,creditcard,Executable,RI,credit_cards,"
","
",,"
",creditcard,RI,True,credit_cards,,,credit_cards,,False,View Credit Card EMIs,,,,,view_credit_card_emis,"{""action"": ""view"", ""card_type"": ""credit_card"", ""feature"": ""credit_card_emis"", ""product"": ""credit_card"", ""status"": ""active_or_blocked""}",credit card emi|all emis|emi details|active emis|card emi summary|monthly emis|emi breakup|my credit card emi|cc emi|credit card installments|my cc emis|ongoing credit card emi,Use for View Credit Card EMIs. Feature is credit card emis. Card type is credit card. Block/status qualifier is active or blocked.
29,RAS,All,fd rate|current fd interest|fixed deposit rate|best fd rate|fd returns|FD interest rates|interest|latest fd rates|current fd rates|fd interest|fixed deposit interest rate|today fd rate|fd interest rate today|fd roi|best fixed deposit rate|fd rate chart|fd interest for senior citizens|fd rate for 1 year|fd rate for 2 year|fd rate for 3 year|fd rates today|highest fd rate,FD interest rate today?,Our FD rates depend on tenure and customer type. Check latest rates and book FD instantly.,VIEW_FD_RATE,liability|asset|creditcard,Executable,RI,FD/RD,"
","
",,"
",liability|asset|creditcard,RI,True,FD/RD,,,fd_rd,,True,View FD Rates,,,,,view_fd_rates,"{""action"": ""view"", ""deposit_type"": ""fixed_deposit"", ""feature"": ""fd_rates"", ""product"": ""fixed_deposit""}",fd rate|current fd interest|fixed deposit rate|best fd rate|fd returns|FD interest rates|interest|latest fd rates|current fd rates|fd interest|fixed deposit interest rate|today fd rate,Use for View FD Rates. Feature is fd rates. Deposit type is fixed deposit.
30,RAS,All,open fd|book fd|create fixed deposit|start fd|new fd|fd opening|book new fd|create fd|start a fixed deposit|open a fixed deposit|invest in fd|make an fd|fd booking|place fd|open new fixed deposit|book fixed deposit|i want to open fd|open fd online|fd online booking,How to open FD online?,"Sure, you can book FD in one click",OPEN_FD,liability,Executable,RI,FD/RD,"
","
",,"
",liability,RI,True,FD/RD,,,fd_rd,,True,Open FD,,,,,open_fd,"{""action"": ""open"", ""deposit_type"": ""fixed_deposit"", ""feature"": ""fd"", ""product"": ""fixed_deposit""}",open fd|book fd|create fixed deposit|start fd|new fd|fd opening|book new fd|create fd|start a fixed deposit|open a fixed deposit|invest in fd|make an fd,Use for Open FD. Feature is fd. Deposit type is fixed deposit.
31,RAS,All,pay to mobile|send money mobile|mobile payment|upi to mobile|pay phone number|transfer to mobile|quick pay|upi|send money to contact|upi send money|transfer to phone number|pay using upi|pay contact|send to phone|upi transfer|instant money transfer|pay friend|pay using mobile number|send money via upi|upi payment|scan and pay contact,How can I pay to a mobile number?,"You can send money instantly using UPI to a mobile number, contact, or person. For example, you can pay to your contact (ex. Rahul or abhishek) by entering their mobile number or contact name.",PAY_TO_MOBILE,liability,Executable,RI,Accounts,"
","
",,"
",liability,RI,True,Accounts,,,Accounts,,False,Pay to Mobile,,,,,pay_mobile,"{""action"": ""pay"", ""feature"": ""mobile"", ""payment_type"": ""pay_to_mobile"", ""product"": ""account"", ""profile_attribute"": ""mobile""}",pay to mobile|send money mobile|mobile payment|upi to mobile|pay phone number|transfer to mobile|quick pay|upi|send money to contact|upi send money|transfer to phone number|pay using upi,Use for Pay to Mobile. Feature is mobile. Payment rail or bill type is pay to mobile.
32,PAYMENTS,All,My QR Code|How to see my QR Code|UPI ID|Download QR|Manage UPI|Share QR|VPA|my upi qr|scan my qr|receive money qr|show my qr code|my receive money qr|my vpa|my upi handle|get my qr|my upi address|my payment qr|share my qr code|qr code download,How do I view my QR code and UPI ID?,View your personal QR code and UPI ID to receive payments quickly and securely.,VIEW_MY_QR,,Executable,,,,,,,liability,RI,True,,,,,,False,My QR Code,,,,,view_upi_qr,"{""action"": ""view"", ""feature"": ""upi_qr"", ""product"": ""upi""}",My QR Code|How to see my QR Code|UPI ID|Download QR|Manage UPI|Share QR|VPA|my upi qr|scan my qr|receive money qr|show my qr code|my receive money qr,Use for My QR Code. Feature is upi qr.
33,RAS,All,Change registered email|Change email|Registered email|Email|Change my Email|email  modification|Change|How do I update my email address|update email id|change email id|modify email|edit email|change my email address|update registered email|update my email|change my registered email id|new email|set new email|update email address|email id update,How do I update my email address?,Update your registered email ID to receive important notifications and communication.,EMAIL_CHANGE,,Executable,,,,,,,liability|asset|creditcard,RI,True,profile,,,profile,,False,Change Email ,,,,,update_email,"{""action"": ""update"", ""feature"": ""email"", ""product"": ""profile"", ""profile_attribute"": ""email"", ""service_type"": ""profile_update""}",Change registered email|Change email|Registered email|Email|Change my Email|email modification|Change|How do I update my email address|update email id|change email id|modify email|edit email,Use for Change Email. Feature is email. Service type is profile update.
34,ALL,All,manage setting|setting|How do I manage settings,How do I manage settings?,"Access your settings section to manage preferences, security controls, and configurations. Update options like notifications, login methods, and defaults easily in one place.",MANAGE_SETTINGS,,Redirection ,,,,,/Settings,,liability|asset|creditcard,RI,True,,,,,,False,Manage settings,,,,,manage_settings,"{""action"": ""manage"", ""feature"": ""settings"", ""product"": ""settings"", ""service_type"": ""settings_management""}",manage setting|setting|How do I manage settings|How do I manage settings?|Manage settings,Use for Manage settings. Feature is settings. Service type is settings management.
35,BAS,All,Services|My SRs|Service request|New cheque|New cheque book request|Instant Services|Raise new request|Have a query|Service requests|How do I use instant services,How do I access instant services?,"Access instant services to raise service requests, request cheque books, and manage queries. Track all requests from one place.",VIEW_INSTANT_SERVICES,,Redirection ,,,,,/more/echequebooks,,liability|asset|creditcard,RI,True,,,,,,False,Instant Services,,,,,view_instant_services,"{""action"": ""view"", ""feature"": ""instant_services"", ""product"": ""instant_services"", ""service_type"": ""service_request""}",Services|My SRs|Service request|New cheque|New cheque book request|Instant Services|Raise new request|Have a query|Service requests|How do I use instant services|How do I access instant services?,Use for Instant Services. Feature is instant services. Service type is service request.
36,BAS,All,My settings|Settings|Change settings|Default account|Block fingerprint|Use biometrics|Enable/ disable biometric|How do I view my settings|How do I change the settings|How do I change settings,How do I manage my settings?,"Update your configuration including default account, MPIN, password, and biometric settings like fingerprint or Face ID securely.",SETTINGS,,Redirection ,,,,,/Settings,,liability|asset|creditcard,RI,True,,,,,,False,Settings,,,,,view_settings,"{""action"": ""view"", ""feature"": ""settings"", ""product"": ""settings"", ""service_type"": ""settings_management""}",My settings|Settings|Change settings|Default account|Block fingerprint|Use biometrics|Enable/ disable biometric|How do I view my settings|How do I change the settings|How do I change settings|How do I manage my settings?,Use for Settings. Feature is settings. Service type is settings management.
37,BAS,All,debit card block|debit card form|debit card apply|debit card hot listing|debit card visa|debit card shopping|debit cards list|debit card limit|debit card account number|debit card expiration date,How do I view my debit cards?,"View all your debit cards, check limits, manage usage, and access card details like CVV, expiry, and transaction controls.",VIEW_DEBIT_CARDS,,Redirection ,,,,,/cards,,liability|asset|creditcard,RI,True,,,,,,False,Debit Card List,,,,,view_debit_card_list,"{""action"": ""view"", ""card_type"": ""debit_card"", ""feature"": ""debit_card_list"", ""product"": ""debit_card""}",debit card block|debit card form|debit card apply|debit card hot listing|debit card visa|debit card shopping|debit cards list|debit card limit|debit card account number|debit card expiration date|How do I view my debit cards?|Debit Card List,Use for Debit Card List. Feature is debit card list. Card type is debit card.
38,BAS,All,Lost card|Card stolen|Block card|Block debit|Instant block|cancel debit card|new debit card|How do I report lost card|How to block a debit card|How to cancel debit card,How do I permanently block my debit card?,Permanently block your debit card immediately in case of loss or theft to prevent unauthorized usage.,BLOCK_DEBIT_CARD_PERMANENT,,Redirection ,,,,,/cards,,liability|asset|creditcard,RI,True,,,,,,False,Permanently Block Debit Card,,,,,block_permanently_debit_card,"{""action"": ""block"", ""card_type"": ""debit_card"", ""feature"": ""permanently_debit_card"", ""product"": ""debit_card"", ""status"": ""permanent""}",Lost card|Card stolen|Block card|Block debit|Instant block|cancel debit card|new debit card|How do I report lost card|How to block a debit card|How to cancel debit card|How do I permanently block my debit card?|Permanently Block Debit Card,Use for Permanently Block Debit Card. Feature is permanently debit card. Card type is debit card. Block/status qualifier is permanent.
39,BAS,All,New RD|Create RD|Open RD|RD interest|RD plans|RD tenure|RD installment|How to create a new recurring deposit|How do I create a new RD|How to find RD interest,How do I create a recurring deposit?,Open a recurring deposit by selecting tenure and installment amount. Grow your savings with regular contributions.,CREATE_RD,,Redirection ,,,,,/createrd,,liability|asset|creditcard,RI,True,,,,,,False,Create RD,,,,,open_rd,"{""action"": ""open"", ""deposit_type"": ""recurring_deposit"", ""feature"": ""rd"", ""product"": ""recurring_deposit""}",New RD|Create RD|Open RD|RD interest|RD plans|RD tenure|RD installment|How to create a new recurring deposit|How do I create a new RD|How to find RD interest|How do I create a recurring deposit?,Use for Create RD. Feature is rd. Deposit type is recurring deposit.
40,BAS,All,Close FD|Premature FD|Close fixed deposit|FD Closure|Close my FD|fd maturity|How to close a FD|How to close premature FD|How to check fd maturity|How to cancel FD,How do I close my fixed deposit?,Close your fixed deposit either on maturity or prematurely and receive the amount in your linked account.,FD_CLOSURE,,Redirection ,,,,,/deposits,,liability|asset|creditcard,RI,True,,,,,,False,FD Closure,,,,,close_fd_closure,"{""action"": ""close"", ""deposit_type"": ""fixed_deposit"", ""feature"": ""fd_closure"", ""product"": ""fixed_deposit""}",Close FD|Premature FD|Close fixed deposit|FD Closure|Close my FD|fd maturity|How to close a FD|How to close premature FD|How to check fd maturity|How to cancel FD|How do I close my fixed deposit?,Use for FD Closure. Feature is fd closure. Deposit type is fixed deposit.
41,BAS,All,Close RD|Premature RD|Close recurring deposit|RD Closure|Cancel RD|Mature RD|How to close a RD|How to close premature RD|How to check RD maturity|How to cancel RD,How do I close my recurring deposit?,Close your recurring deposit anytime or at maturity and get the proceeds credited to your account.,RD_CLOSURE,,Redirection ,,,,,/deposits,,liability|asset|creditcard,RI,True,,,,,,False,RD Closure,,,,,close_rd_closure,"{""action"": ""close"", ""deposit_type"": ""recurring_deposit"", ""feature"": ""rd_closure"", ""product"": ""recurring_deposit""}",Close RD|Premature RD|Close recurring deposit|RD Closure|Cancel RD|Mature RD|How to close a RD|How to close premature RD|How to check RD maturity|How to cancel RD|How do I close my recurring deposit?,Use for RD Closure. Feature is rd closure. Deposit type is recurring deposit.
42,CC,All,Change pin|Credit card PIN|Credit card secure pin|Credit card pin generation|How do I change my credit card pin?|How do I setup my credit card pin?,How do I set or change my credit card PIN?,Set or change your credit card PIN securely to enable transactions and ATM usage.,SET_CC_PIN,,Redirection ,,,,,/SetCardPin,,creditcard,RI,True,,,,,,False,Set New Credit Card Pin,,,,,set_new_credit_card_pin,"{""action"": ""set"", ""card_type"": ""credit_card"", ""feature"": ""new_credit_card_pin"", ""product"": ""credit_card""}",Change pin|Credit card PIN|Credit card secure pin|Credit card pin generation|How do I change my credit card pin?|How do I setup my credit card pin?|How do I set or change my credit card PIN?|Set New Credit Card Pin,Use for Set New Credit Card Pin. Feature is new credit card pin. Card type is credit card.
43,CC,All,ATM|Withdrawal,How do I enable ATM withdrawals on my credit card?,Enable ATM withdrawals on your credit card to access cash within your approved limits when required.,ENABLE_CC_ATM_WITHDRAWALS,,Redirection ,,,,,/ManageCreditCardLimit,,creditcard,RI,True,,,,,,False,ATM Withdrawals - Credit card,,,,,enable_atm_withdrawals_credit_card,"{""action"": ""enable"", ""card_type"": ""credit_card"", ""feature"": ""atm_withdrawals_credit_card"", ""limit_type"": ""atm_withdrawal"", ""product"": ""credit_card""}",ATM|Withdrawal|How do I enable ATM withdrawals on my credit card?|ATM Withdrawals - Credit card,Use for ATM Withdrawals - Credit card. Feature is atm withdrawals credit card. Card type is credit card.
44,CC,All,Domestic,How do I enable my credit card for domestic usage?,Enable domestic usage on your credit card to allow transactions within the country securely.,ENABLE_DOMESTIC_SPENDS_CC,,Redirection ,,,,,/ManageCreditCardLimit,,creditcard,RI,True,,,,,,False,Enable Domestic Spends - Credit Card,,,,,enable_domestic_spends_credit_card,"{""action"": ""enable"", ""card_type"": ""credit_card"", ""feature"": ""domestic_spends_credit_card"", ""product"": ""credit_card"", ""usage_scope"": ""domestic""}",Domestic|How do I enable my credit card for domestic usage?|Enable Domestic Spends - Credit Card,Use for Enable Domestic Spends - Credit Card. Feature is domestic spends credit card. Card type is credit card.
45,CC,All,atm withdrawal limit|How do I setup limits for atm withdrawals on my credit card?,How do I set ATM withdrawal limits on my credit card?,Set or modify ATM withdrawal limits on your credit card to control cash withdrawals and spending securely.,SET_CC_ATM_LIMITS,,Redirection ,,,,,/ManageCreditCardLimit,,creditcard,RI,True,,,,,,False,Setup ATM Withdrawals,,,,,set_setup_atm_withdrawals,"{""action"": ""set"", ""card_type"": ""credit_card"", ""feature"": ""setup_atm_withdrawals"", ""limit_type"": ""atm_withdrawal"", ""product"": ""credit_card""}",atm withdrawal limit|How do I setup limits for atm withdrawals on my credit card?|How do I set ATM withdrawal limits on my credit card?|Setup ATM Withdrawals,Use for Setup ATM Withdrawals. Feature is setup atm withdrawals. Card type is credit card.
46,CC,All,Setup SI on credit card|Setup standing instructions on credit card|Standing instructions|How do I enable SI / Autopay for my credit card bill?|auto pay|auto debit on credit card|auto debit|automatic payment credit card,How do I enable autopay for my credit card bill?,Set up standing instructions or autopay to automatically pay your credit card bill on time and avoid missing due dates.,SETUP_CC_AUTOPAY,,Redirection ,,,,,/CreditCardManageAutoPay,,creditcard,RI,True,,,,,,False,Setup Autopay for Credit Card Bills,,,,,set_setup_autopay_credit_card_bills,"{""action"": ""set"", ""card_type"": ""credit_card"", ""feature"": ""setup_autopay_credit_card_bills"", ""product"": ""credit_card""}",Setup SI on credit card|Setup standing instructions on credit card|Standing instructions|How do I enable SI / Autopay for my credit card bill?|auto pay|auto debit on credit card|auto debit|automatic payment credit card|How do I enable autopay for my credit card bill?|Setup Autopay for Credit Card Bills,Use for Setup Autopay for Credit Card Bills. Feature is setup autopay credit card bills. Card type is credit card.
47,CC,All,Credit card rewards|rewards|Redeem reward points|Redeem points,How do I view and redeem my credit card rewards?,"Check your reward points balance and redeem them easily for available offers, vouchers, or benefits.",REDEEM_CC_REWARDS,,Redirection ,,,,,/rewards/cclp,,creditcard,RI,True,,,,,,False,Redeem Reward Points,,,,,redeem_reward_points,"{""action"": ""redeem"", ""benefit_type"": ""reward_points"", ""card_type"": ""credit_card"", ""feature"": ""reward_points"", ""product"": ""credit_card""}",Credit card rewards|rewards|Redeem reward points|Redeem points|How do I view and redeem my credit card rewards?,Use for Redeem Reward Points. Feature is reward points. Card type is credit card.
48,CC,All,Billed transactions|How do I view billed transactions of my credit card?,How do I view billed transactions on my credit card?,View all billed transactions that are included in your current credit card statement cycle.,VIEW_BILLED_TRANSACTIONS_CC,,Redirection ,,,,,/SettledUnsettledTransactions,,creditcard,RI,True,,,,,,False,Billed Transactions - Credit Card,,,,,view_billed_transactions_credit_card,"{""action"": ""view"", ""card_type"": ""credit_card"", ""feature"": ""billed_transactions_credit_card"", ""product"": ""credit_card"", ""transaction_status"": ""billed""}",Billed transactions|How do I view billed transactions of my credit card?|How do I view billed transactions on my credit card?|Billed Transactions - Credit Card,Use for Billed Transactions - Credit Card. Feature is billed transactions credit card. Card type is credit card. Transaction bucket is billed.
49,CC,All,Pending transactions|How do I view pending transactions of my credit card?,How do I view pending transactions on my credit card?,Check pending transactions that are authorized but not yet billed on your credit card.,VIEW_PENDING_TRANSACTIONS_CC,,Redirection ,,,,,/SettledUnsettledTransactions,,creditcard,RI,True,,,,,,False,Pending Transactions - Credit Card,,,,,view_pending_transactions_credit_card,"{""action"": ""view"", ""card_type"": ""credit_card"", ""feature"": ""pending_transactions_credit_card"", ""product"": ""credit_card"", ""transaction_status"": ""pending""}",Pending transactions|How do I view pending transactions of my credit card?|How do I view pending transactions on my credit card?|Pending Transactions - Credit Card,Use for Pending Transactions - Credit Card. Feature is pending transactions credit card. Card type is credit card. Transaction bucket is pending.
50,CC,All,Unbilled transactions|How do I view unbilled transactions of my credit card?,How do I view unbilled transactions on my credit card?,View unbilled transactions that will appear in your upcoming credit card statement.,VIEW_UNBILLED_TRANSACTIONS_CC,,Redirection ,,,,,/SettledUnsettledTransactions,,creditcard,RI,True,,,,,,False,Unbilled Transactions - Credit Card,,,,,view_unbilled_transactions_credit_card,"{""action"": ""view"", ""card_type"": ""credit_card"", ""feature"": ""unbilled_transactions_credit_card"", ""product"": ""credit_card"", ""transaction_status"": ""unbilled""}",Unbilled transactions|How do I view unbilled transactions of my credit card?|How do I view unbilled transactions on my credit card?|Unbilled Transactions - Credit Card,Use for Unbilled Transactions - Credit Card. Feature is unbilled transactions credit card. Card type is credit card. Transaction bucket is unbilled.
51,CC,All,EMI|EMI conversion|Convert to EMI|easy monthly installments|installments,How can I convert my credit card transactions into EMIs?,Convert eligible credit card transactions into easy monthly installments to manage payments better.,CONVERT_TO_EMI_CC,,Redirection ,,,,,/SettledUnsettledTransactions,,creditcard,RI,True,,,,,,False,Convert to EMI - Credit Card,,,,,convert_emi_credit_card,"{""action"": ""convert"", ""card_type"": ""credit_card"", ""feature"": ""emi_credit_card"", ""product"": ""credit_card""}",EMI|EMI conversion|Convert to EMI|easy monthly installments|installments|How can I convert my credit card transactions into EMIs?|Convert to EMI - Credit Card,Use for Convert to EMI - Credit Card. Feature is emi credit card. Card type is credit card.
52,CC,All,Activate,How do I activate my credit card?,Activate your new credit card to start using it for transactions and payments.,ACTIVATE_CC,,Redirection ,,,,,/CreditCardDetails,,creditcard,RI,True,,,,,,False,Activate Your Credit Card,,,,,activate_credit_card,"{""action"": ""activate"", ""card_type"": ""credit_card"", ""feature"": ""credit_card"", ""product"": ""credit_card""}",Activate|How do I activate my credit card?|Activate Your Credit Card,Use for Activate Your Credit Card. Feature is credit card. Card type is credit card.
53,CC,All,Replace|replace blocked credit card|replace credit card|replace card|How do I replace my blocked credit card?,How do I replace my credit card?,"Request a replacement for your damaged, lost, or blocked credit card easily through the app.",REPLACE_CC,,Redirection ,,,,,/PermanentBlockCard,,creditcard,RI,True,,,,,,False,Apply For Replacement- Credit Card,,,,,replace_replacement_credit_card,"{""action"": ""replace"", ""card_type"": ""credit_card"", ""feature"": ""replacement_credit_card"", ""product"": ""credit_card""}",Replace|replace blocked credit card|replace credit card|replace card|How do I replace my blocked credit card?|How do I replace my credit card?|Apply For Replacement- Credit Card,Use for Apply For Replacement- Credit Card. Feature is replacement credit card. Card type is credit card.
54,CC,All,Track credit card application|Track application|credit card application|Application tracking,How do I track my credit card application?,Track the status of your credit card application and delivery updates in real time.,TRACK_CC_APPLICATION,,Redirection ,,,,,/servicerequests/dashboard,,creditcard,RI,True,,,,,,False,Track Your Credit Card Application,,,,,track_credit_card_application,"{""action"": ""track"", ""card_type"": ""credit_card"", ""feature"": ""credit_card_application"", ""product"": ""credit_card"", ""request_type"": ""delivery_tracking"", ""service_type"": ""delivery_tracking""}",Track credit card application|Track application|credit card application|Application tracking|How do I track my credit card application?|Track Your Credit Card Application,Use for Track Your Credit Card Application. Feature is credit card application. Service type is delivery tracking. Card type is credit card.
55,CC,All,CVV unmask|Unmask|CVV|How do I unmask my credit card CVV?,How do I view my credit card CVV?,Securely view or unmask your credit card CVV when needed for online transactions.,VIEW_CVV_CC,,Redirection ,,,,,/CreditCardDetails,,creditcard,RI,True,,,,,,False,View CVV Of Your Credit Card,,,,,view_cvv_credit_card,"{""action"": ""view"", ""card_type"": ""credit_card"", ""feature"": ""cvv_credit_card"", ""product"": ""credit_card""}",CVV unmask|Unmask|CVV|How do I unmask my credit card CVV?|How do I view my credit card CVV?|View CVV Of Your Credit Card,Use for View CVV Of Your Credit Card. Feature is cvv credit card. Card type is credit card.
56,CC,All,Card payment|How do I do card payment,How do I make a card payment?,Make payments using your credit card quickly and securely for purchases or bill payments.,CARD_PAYMENT,,Redirection ,,,,,/PayCreditCardBill,,creditcard,RI,True,,,,,,False,Card Payment,,,,,pay_card_payment,"{""action"": ""pay"", ""card_type"": ""credit_card"", ""feature"": ""card_payment"", ""product"": ""credit_card""}",Card payment|How do I do card payment|How do I make a card payment?,Use for Card Payment. Feature is card payment. Card type is credit card.
57,CC,All,Credit card settlement|How to do Credit card settlement,How do I settle my credit card dues?,Explore settlement options for your credit card dues and close outstanding balances as per eligibility.,CC_SETTLEMENT,,Redirection ,,,,,/SettledUnsettledTransactions,,creditcard,RI,True,,,,,,False,Credit Card Settlement,,,,,settle_credit_card_dues,"{""action"": ""settle"", ""card_type"": ""credit_card"", ""feature"": ""credit_card_dues"", ""product"": ""credit_card""}",Credit card settlement|How to do Credit card settlement|How do I settle my credit card dues?,Use for Credit Card Settlement. Feature is credit card dues. Card type is credit card.
58,FX,All,Send money to USA|Send money to UK|Transfer funds abroad|Send money abroad|Investment abroad|Studies abroad|Education abroad|Pay Abroad|How to pay abroad|How do I pay abroad,How do I send money abroad?,"Transfer funds internationally for education, investments, or personal use. Track remittance and exchange rates easily.",PAY_ABROAD,,Redirection ,,,,,/payabroad,,liability,RI,True,,,,,,False,Pay Abroad,,,,,pay_abroad,"{""action"": ""pay"", ""feature"": ""abroad"", ""payment_type"": ""international_transfer"", ""product"": ""investment"", ""usage_scope"": ""international""}",Send money to USA|Send money to UK|Transfer funds abroad|Send money abroad|Investment abroad|Studies abroad|Education abroad|Pay Abroad|How to pay abroad|How do I pay abroad|How do I send money abroad?,Use for Pay Abroad. Feature is abroad. Payment rail or bill type is international transfer.
59,FX,All,NRO to NRE|transfer from NRO to NRE|NRO|NRE|transfer to my NRE account|NRO to NRE Transfer|Transfer to NRE|fund transfer from NRO to NRE|transfer from NRO,How do I transfer money from NRO to NRE account?,Transfer funds from your NRO account to NRE account as per applicable guidelines and limits.,TRANSFER_NRO_TO_NRE,,Redirection ,,,,,/pay/payments/NroToNreTransfer,,liability,RI,True,,,,,,False,Transfer to NRE,,,,,transfer_nre,"{""account_type"": ""nro_nre"", ""action"": ""transfer"", ""feature"": ""nre"", ""payment_type"": ""nro_to_nre_transfer"", ""product"": ""account""}",NRO to NRE|transfer from NRO to NRE|NRO|NRE|transfer to my NRE account|NRO to NRE Transfer|Transfer to NRE|fund transfer from NRO to NRE|transfer from NRO|How do I transfer money from NRO to NRE account?,Use for Transfer to NRE. Feature is nre. Payment rail or bill type is nro to nre transfer.
60,PAYMENTS,All,Payee|Manage beneficiary|Manage payee|Delete beneficiary|Delete payee|How to view beneficiary|How to view payee|How do I manage beneficiary|How do I manage payee|How do I delete a payee,How do I manage my beneficiaries?,"View, add, or delete beneficiaries or payees to manage fund transfers easily and securely.",MANAGE_PAYEE,,Redirection ,,,,,/allPayees,,liability|asset|creditcard,RI,True,,,,,,False,Payee List,,,,,manage_payee_list,"{""action"": ""manage"", ""feature"": ""payee_list"", ""product"": ""payee""}",Payee|Manage beneficiary|Manage payee|Delete beneficiary|Delete payee|How to view beneficiary|How to view payee|How do I manage beneficiary|How do I manage payee|How do I delete a payee|How do I manage my beneficiaries?|Payee List,Use for Payee List. Feature is payee list.
61,PAYMENTS,All,Add beneficiary|Add Payee|new payee|How do I add beneficiary|How to  add payee|How to add new payee,How do I add a new beneficiary?,Add a new beneficiary or payee to transfer funds securely after verification.,ADD_PAYEE,,Redirection ,,,,,/bankTransfer,,liability|asset|creditcard,RI,True,,,,,,False,Send Money To New Payee,,,,,add_payee,"{""action"": ""add"", ""feature"": ""money_new_payee"", ""product"": ""payee""}",Add beneficiary|Add Payee|new payee|How do I add beneficiary|How to add payee|How to add new payee|How do I add a new beneficiary?|Send Money To New Payee,Use for Send Money To New Payee. Feature is money new payee.
62,PAYMENTS,All,How do I pay electricity bill|How do I pay gas bill|How do I pay mobile postpaid bill|How to I pay credit card bill|How do I pay for utiulities|How do I pay bill|How do I pay for insurance|How do I pay for rentals|How do I municipal pay tax|How do I pay for subscription,How do I pay my bills?,"Pay utility bills, subscriptions, taxes, and more easily from one place using secure payment options.",PAY_BILL,,Redirection ,,,,,/billerCategories,,liability|asset|creditcard,RI,True,,,,,,False,Pay Bill,,,,,pay_bill,"{""action"": ""pay"", ""biller_type"": ""generic_bill"", ""feature"": ""bill"", ""product"": ""bill_payment""}",How do I pay electricity bill|How do I pay gas bill|How do I pay mobile postpaid bill|How to I pay credit card bill|How do I pay for utiulities|How do I pay bill|How do I pay for insurance|How do I pay for rentals|How do I municipal pay tax|How do I pay for subscription|How do I pay my bills?|Pay Bill,Use for Pay Bill. Feature is bill. Biller type is generic bill.
63,PAYMENTS,All,Request Money List|Ask Money List|View Pending Request Money|How to see request money list|How to see ask money list|How to view pending request money,How do I view my pending money requests?,View all incoming money requests and take action by approving or declining them directly from the app.,VIEW_REQUEST_MONEY,,Redirection ,,,,,/pay/requests,,liability,RI,True,,,,,,False,Collect Confirm,,,,,view_collect_confirm,"{""action"": ""view"", ""feature"": ""collect_confirm"", ""product"": ""banking_service""}",Request Money List|Ask Money List|View Pending Request Money|How to see request money list|How to see ask money list|How to view pending request money|How do I view my pending money requests?|Collect Confirm,Use for Collect Confirm. Feature is collect confirm.
64,PAYMENTS,All,VPA|Manage UPI|Address|link account|How to use VPA|How to manage upi|How to use UPI Address|How to link account,How do I manage my UPI ID?,"Manage your UPI ID, link accounts, and configure payment settings for seamless UPI transactions.",MANAGE_UPI,,Redirection ,,,,,/UpiLanding,,liability,RI,True,,,,,,False,Manage UPI,,,,,manage_upi,"{""action"": ""manage"", ""feature"": ""upi"", ""product"": ""upi"", ""service_type"": ""settings_management""}",VPA|Manage UPI|Address|link account|How to use VPA|How to manage upi|How to use UPI Address|How to link account|How do I manage my UPI ID?,Use for Manage UPI. Feature is upi. Service type is settings management.
65,PLATFORM,All,Call|Need assistance|Schedule call back|Call later|Contact|Call back|How do I get a Call back from IDFC First Bank,How do I schedule a call back?,Request a call back from customer support at your preferred time for assistance.,SCHEDULE_CALLBACK,,Redirection ,,,,,/ScheduleCallBackLoggedInScreen,,liability|asset|creditcard,RI,True,,,,,,False,Schedule Call Back,,,,,contact_call_back,"{""action"": ""contact"", ""feature"": ""call_back"", ""product"": ""banking_service"", ""service_type"": ""callback""}",Call|Need assistance|Schedule call back|Call later|Contact|Call back|How do I get a Call back from IDFC First Bank|How do I schedule a call back?,Use for Schedule Call Back. Feature is call back. Service type is callback.
66,RAS,All,Add nominee|Change nominee|Deposit nominee|Nominee|Apoint Nominee|Change Nomination|Modify Nominee|How to change nomination|Change my nomination|How do I change my deposit nominee,How do I change my deposit nominee?,"Add, update, or modify nominee details for your deposits easily through the app.",CHANGE_DEPOSIT_NOMINEE,,Redirection ,,,,,/deposits,,liability|asset|creditcard,RI,True,,,,,,False,Change Deposit Nominee,,,,,update_deposit_nominee,"{""action"": ""update"", ""feature"": ""deposit_nominee"", ""product"": ""banking_service"", ""profile_attribute"": ""nominee""}",Add nominee|Change nominee|Deposit nominee|Nominee|Apoint Nominee|Change Nomination|Modify Nominee|How to change nomination|Change my nomination|How do I change my deposit nominee|How do I change my deposit nominee?|Change Deposit Nominee,Use for Change Deposit Nominee. Feature is deposit nominee.
67,RAS,All,Add nominee|Change nominee|Account nominee|Nominee|Nomination|Add nomination|Apoint Nominee|Apoint Nomination|Change Nomination|How do I update my Account nominee,How do I update my account nominee?,Update nominee details for your account to ensure correct beneficiary information is recorded.,UPDATE_ACCOUNT_NOMINEE,,Redirection ,,,,,/UpdateNominee,,liability|asset|creditcard,RI,True,,,,,,False,Update Account Nominee,,,,,update_account_nominee,"{""action"": ""update"", ""feature"": ""account_nominee"", ""product"": ""account"", ""profile_attribute"": ""nominee""}",Add nominee|Change nominee|Account nominee|Nominee|Nomination|Add nomination|Apoint Nominee|Apoint Nomination|Change Nomination|How do I update my Account nominee|How do I update my account nominee?|Update Account Nominee,Use for Update Account Nominee. Feature is account nominee.
68,RAS,All,Re-KYC|My Profile KYC|update kyc details|kyc renewal|kyc update mobile app|how to do rekyc|rekyc for nri account|kyc document upload|update kyc address|kyc verification update,How do I complete Re-KYC?,Update your KYC details by completing the re-KYC process to keep your account compliant and active.,COMPLETE_REKYC,,Redirection ,,,,,/profile,,liability|asset|creditcard,RI,True,,,,,,False,Complete Re-KYC,,,,,add_re_kyc,"{""action"": ""add"", ""feature"": ""re_kyc"", ""product"": ""account"", ""service_type"": ""profile_update""}",Re-KYC|My Profile KYC|update kyc details|kyc renewal|kyc update mobile app|how to do rekyc|rekyc for nri account|kyc document upload|update kyc address|kyc verification update|How do I complete Re-KYC?|Complete Re-KYC,Use for Complete Re-KYC. Feature is re kyc. Service type is profile update.
69,RAS,All,Welcome Letter|Welcome to Mobile Banking,How do I view my mobile banking welcome letter?,Access your welcome letter to understand key features and details of mobile banking services.,VIEW_WELCOME_LETTER,,Redirection ,,,,,/profile,,liability|asset|creditcard,RI,True,,,,,,False,Welcome Letter - Mobile Banking,,,,,view_welcome_letter_mobile_banking,"{""action"": ""view"", ""feature"": ""welcome_letter_mobile_banking"", ""product"": ""banking_service"", ""profile_attribute"": ""mobile""}",Welcome Letter|Welcome to Mobile Banking|How do I view my mobile banking welcome letter?|Welcome Letter - Mobile Banking,Use for Welcome Letter - Mobile Banking. Feature is welcome letter mobile banking.
70,RAS,All,Registered mobile number|Mobile number|Add PAN to profile|PAN details|PAN change|View profile|View personal details|How do I access my profile page,How do I access my profile page?,"View and manage your personal details including mobile number, email, PAN, and profile information.",VIEW_PROFILE,,Redirection ,,,,,/profile,,liability|asset|creditcard,RI,True,,,,,,False,Profile Page,,,,,view_profile_page,"{""action"": ""view"", ""feature"": ""profile_page"", ""product"": ""profile"", ""service_type"": ""profile_update""}",Registered mobile number|Mobile number|Add PAN to profile|PAN details|PAN change|View profile|View personal details|How do I access my profile page|How do I access my profile page?|Profile Page,Use for Profile Page. Feature is profile page. Service type is profile update.
71,RAS,All,Need chequebook|Chequebook|New chequebook|How do I request my chequebook,How do I request a chequebook?,Request a new chequebook quickly and track its delivery status within the app.,REQUEST_CHEQUEBOOK,,Redirection ,,,,,/more/echequebooks,,liability|asset|creditcard,RI,True,,,,,,False,Request Chequebook,,,,,track_chequebook,"{""action"": ""track"", ""feature"": ""chequebook"", ""product"": ""cheque_book"", ""request_type"": ""delivery_tracking"", ""service_type"": ""delivery_tracking""}",Need chequebook|Chequebook|New chequebook|How do I request my chequebook|How do I request a chequebook?|Request Chequebook,Use for Request Chequebook. Feature is chequebook. Service type is delivery tracking.
72,RAS,All,Interest summary|Interest certificate|Interest report|Interest earned|Interest on deposit|Interest on Accounts|How do I access my interest certificate,How do I access my interest certificate?,Download your interest certificate to view interest earned on deposits or accounts for a selected period.,DOWNLOAD_INTEREST_CERTIFICATE,,Redirection ,,,,,/InterestCertificate/Interest certificate,,liability|asset|creditcard,RI,True,,,,,,False,Savings Account Interest Certificate ,,,,,download_savings_account_interest_certificate,"{""account_type"": ""savings_account"", ""action"": ""download"", ""document_type"": ""interest_certificate"", ""feature"": ""savings_account_interest_certificate"", ""product"": ""savings_account""}",Interest summary|Interest certificate|Interest report|Interest earned|Interest on deposit|Interest on Accounts|How do I access my interest certificate|How do I access my interest certificate?|Savings Account Interest Certificate,Use for Savings Account Interest Certificate. Feature is savings account interest certificate. Document requested is interest certificate.
73,RL,All,Personal loan|Credit card loan|Borrow money|Education loan|Wedding loan|Funding for trip|Funding for holiday|Travel loan|Loans|How do I apply for a personal loan,How do I apply for a personal loan?,"Apply for a personal loan quickly to meet your financial needs like travel, education, or other expenses.",APPLY_PERSONAL_LOAN,,Redirection ,,,,,/loansDashboard/apply-for-loan/PL,,liability|asset|creditcard,RI,True,,,,,,False,Apply for Personal Loan,,,,,apply_personal_loan,"{""action"": ""apply"", ""feature"": ""personal_loan"", ""loan_type"": ""personal_loan"", ""product"": ""personal_loan""}",Personal loan|Credit card loan|Borrow money|Education loan|Wedding loan|Funding for trip|Funding for holiday|Travel loan|Loans|How do I apply for a personal loan|How do I apply for a personal loan?|Apply for Personal Loan,Use for Apply for Personal Loan. Feature is personal loan. Loan type is personal loan.
74,RL,All,Two wheeler loan|Two wheeler scooty|Two wheeler bike|Bike loan|Scooty loan|borrow for vehicle|Vehicle loan|How do I apply for a two-wheeler loan,How do I apply for a two-wheeler loan?,Apply for a two-wheeler loan easily to finance your bike or scooter purchase.,APPLY_TWO_WHEELER_LOAN,,Redirection ,,,,,/loansDashboard/apply-for-loan/TW,,liability|asset|creditcard,RI,True,,,,,,False,Apply for Two wheeler Loan,,,,,apply_two_wheeler_loan,"{""action"": ""apply"", ""feature"": ""two_wheeler_loan"", ""insurance_type"": ""two_wheeler"", ""loan_type"": ""two_wheeler_loan"", ""product"": ""two_wheeler_loan""}",Two wheeler loan|Two wheeler scooty|Two wheeler bike|Bike loan|Scooty loan|borrow for vehicle|Vehicle loan|How do I apply for a two-wheeler loan|How do I apply for a two-wheeler loan?|Apply for Two wheeler Loan,Use for Apply for Two wheeler Loan. Feature is two wheeler loan. Insurance type is two wheeler. Loan type is two wheeler loan.
75,RL,All,Home loan|House loan|Borrow money for home|Home improvement loan|How do I apply for a home loan,How do I apply for a home loan?,Apply for a home loan to purchase or renovate your house with suitable repayment options.,APPLY_HOME_LOAN,,Redirection ,,,,,/loansDashboard/apply-for-loan/HL,,liability|asset|creditcard,RI,True,,,,,,False,Apply for Home Loan,,,,,apply_home_loan,"{""action"": ""apply"", ""feature"": ""home_loan"", ""loan_type"": ""home_loan"", ""product"": ""home_loan""}",Home loan|House loan|Borrow money for home|Home improvement loan|How do I apply for a home loan|How do I apply for a home loan?|Apply for Home Loan,Use for Apply for Home Loan. Feature is home loan. Loan type is home loan.
76,RL,All,Home loan|Mortgage loan|House loan|Real Estate loan for business|Office loan|How do I apply for a mortgage loan,How do I apply for a mortgage loan?,Apply for a mortgage loan by leveraging your property for personal or business financial needs.,APPLY_MORTGAGE_LOAN,,Redirection ,,,,,/loansDashboard/apply-for-loan/LAP,,liability|asset|creditcard,RI,True,,,,,,False,Apply for Mortgage Loan,,,,,apply_mortgage_loan,"{""action"": ""apply"", ""feature"": ""mortgage_loan"", ""loan_type"": ""mortgage_loan"", ""product"": ""mortgage_loan""}",Home loan|Mortgage loan|House loan|Real Estate loan for business|Office loan|How do I apply for a mortgage loan|How do I apply for a mortgage loan?|Apply for Mortgage Loan,Use for Apply for Mortgage Loan. Feature is mortgage loan. Loan type is mortgage loan.
77,WEALTH,All,mutual funds investment|mutual funds portfolio|mutual funds holding|How much have I invested in mutual fund|How do I check my mutual fund portfolio|What is the market value of my mutual fund portfolio|Where can I see my mutual fund holdings|Where can I see my mutual fund summary|How do I see my mutual fund holdings|Where do I see my holdings,How do I view my mutual fund holdings?,"View your mutual fund investments, holdings, SIPs, and market value in one consolidated dashboard.",VIEW_MF_HOLDINGS,,Redirection ,,,,,/mfSummary/holdings,,liability,RI,True,,,,,,False,Mutual Fund Holdings,,,,,view_mutual_fund_holdings,"{""action"": ""view"", ""feature"": ""mutual_fund_holdings"", ""product"": ""mutual_fund""}",mutual funds investment|mutual funds portfolio|mutual funds holding|How much have I invested in mutual fund|How do I check my mutual fund portfolio|What is the market value of my mutual fund portfolio|Where can I see my mutual fund holdings|Where can I see my mutual fund summary|How do I see my mutual fund holdings|Where do I see my holdings|How do I view my mutual fund holdings?|Mutual Fund Holdings,Use for Mutual Fund Holdings. Feature is mutual fund holdings.
78,WEALTH,All,recommended mutual funds|get recommendations|which mutual fund should I buy|recommended funds for me|recommended portfolio|portfolio for me|curated mutual funds√î√∏Œ©√î√∏Œ©|SIP|How to invest in SIP,How do I invest in SIP?,Explore recommended mutual funds and start investing through SIP to build wealth over time.,INVEST_IN_SIP,,Redirection ,,,,,/recommendportfolio/sip,,liability,RI,True,,,,,,False,Invest in SIP,,,,,invest_sip,"{""action"": ""invest"", ""feature"": ""sip"", ""investment_mode"": ""sip"", ""product"": ""sip""}",recommended mutual funds|get recommendations|which mutual fund should I buy|recommended funds for me|recommended portfolio|portfolio for me|curated mutual funds√î√∏Œ©√î√∏Œ©|SIP|How to invest in SIP|How do I invest in SIP?|Invest in SIP,Use for Invest in SIP. Feature is sip. Investment mode is sip.
79,WEALTH,All,Saving goals|Goals based saving|Wedding|Child's education|How do I save money for my goals|How to achieve goals based saving|How much should i invest for my wedding|How much should I invest for my home|How much should I invest for my vacation|How much should I invest for my car,How do I save for my financial goals?,"Plan and invest towards goals like home, education, or travel with goal-based saving tools.",GOAL_BASED_SAVING,,Redirection ,,,,,/creategoal,,liability,RI,True,,,,,,False,Goal Based Saving,,,,,invest_goal_based_saving,"{""action"": ""invest"", ""feature"": ""goal_based_saving"", ""investment_goal"": ""financial_goals"", ""product"": ""banking_service""}",Saving goals|Goals based saving|Wedding|Child's education|How do I save money for my goals|How to achieve goals based saving|How much should i invest for my wedding|How much should I invest for my home|How much should I invest for my vacation|How much should I invest for my car|How do I save for my financial goals?|Goal Based Saving,Use for Goal Based Saving. Feature is goal based saving. Investment goal is financial goals.
80,WEALTH,All,How can I apply for IPO|Ways to apply IPO|How to apply for Rights Issue|how can HNI apply for IPO|How to apply for HNI in IPO|How to invest in IPO|How to Apply for Call money|How can I apply for an IPO|What are the ways to apply for an IPO|How to apply for HNI category in IPO,How do I apply for an IPO?,"Apply for IPOs, rights issues, or NCDs easily and invest in new offerings directly through the platform.",APPLY_IPO,,Redirection ,,,,,/investinipo,,liability,RI,True,,,,,,False,Apply For IPO,,,,,apply_ipo,"{""action"": ""apply"", ""feature"": ""ipo"", ""product"": ""ipo""}",How can I apply for IPO|Ways to apply IPO|How to apply for Rights Issue|how can HNI apply for IPO|How to apply for HNI in IPO|How to invest in IPO|How to Apply for Call money|How can I apply for an IPO|What are the ways to apply for an IPO|How to apply for HNI category in IPO|How do I apply for an IPO?|Apply For IPO,Use for Apply For IPO. Feature is ipo.
81,WEALTH,All,What is my IPO Status|Where Can I check IPO status|How can I withdraw my IPO application|How can I modify my IPO application|What is status for my IPO|How to Check my allotment status|How to Withdraw my hold money from IPO|Hold remove for IPO|What is my IPO application status|How to hold withdrawal for IPO process,How do I check my IPO status?,"Track IPO application status, allotment details, and manage modifications or withdrawals easily.",VIEW_IPO_STATUS,,Redirection ,,,,,/orderbook,,liability,RI,True,,,,,,False,IPO Order Book,,,,,view_ipo_order,"{""action"": ""view"", ""feature"": ""ipo_order"", ""product"": ""ipo""}",What is my IPO Status|Where Can I check IPO status|How can I withdraw my IPO application|How can I modify my IPO application|What is status for my IPO|How to Check my allotment status|How to Withdraw my hold money from IPO|Hold remove for IPO|What is my IPO application status|How to hold withdrawal for IPO process|How do I check my IPO status?|IPO Order Book,Use for IPO Order Book. Feature is ipo order.
82,WEALTH,All,Demat Account|Open Demat Account|Open Insta Demat Account|Instant Demat Account|Open Instant Demat Account|Open Instant Investment Account|What is Demat account|How to open Demat account|What is instant Demat account|How do I open Instant demat account,How do I open a Demat account?,"Open a Demat or investment account instantly to start investing in stocks, IPOs, and other securities.",OPEN_DEMAT_ACCOUNT,,Redirection ,,,,,/demat,,liability,RI,True,,,,,,False,Instant Demat Account,,,,,open_demat_account,"{""action"": ""open"", ""feature"": ""demat_account"", ""product"": ""account""}",Demat Account|Open Demat Account|Open Insta Demat Account|Instant Demat Account|Open Instant Demat Account|Open Instant Investment Account|What is Demat account|How to open Demat account|What is instant Demat account|How do I open Instant demat account|How do I open a Demat account?,Use for Instant Demat Account. Feature is demat account.
83,WEALTH,All,current investment value|How do I check current investment value of my investments,How do I check my current investment value?,View the current value of your investments across all products in one consolidated view.,VIEW_CURRENT_INVESTMENTS,,Redirection ,,,,,/investments,,liability,RI,True,,,,,,False,Current Investments,,,,,view_current_investments,"{""action"": ""view"", ""biller_type"": ""rent"", ""feature"": ""current_investments"", ""product"": ""investment""}",current investment value|How do I check current investment value of my investments|How do I check my current investment value?|Current Investments,Use for Current Investments. Feature is current investments. Biller type is rent.
84,WEALTH,All,Investments|Where can I see investments|total investments|Where can I see my total investments|show investments|Where can I see my investments,How do I view my investments?,"View all your investments including mutual funds, bonds, and other assets in one place.",VIEW_INVESTMENTS,,Redirection ,,,,,/investments,,liability,RI,True,,,,,,False,Investments,,,,,view_investments,"{""action"": ""view"", ""feature"": ""investments"", ""product"": ""investment""}",Investments|Where can I see investments|total investments|Where can I see my total investments|show investments|Where can I see my investments|How do I view my investments?,Use for Investments. Feature is investments.
85,WEALTH,All,Portfolio|show portfolio|How do I view my portfolio|my portfolio|How do I see my portfolio|check portfolio|How do I check my portfolio|market value|What is the market value of my portfolio,How do I view my portfolio?,Access your complete portfolio with market value and performance insights across all investments.,VIEW_PORTFOLIO,,Redirection ,,,,,/investments,,liability,RI,True,,,,,,False,My Portfolio,,,,,view_portfolio,"{""action"": ""view"", ""feature"": ""portfolio"", ""product"": ""investment""}",Portfolio|show portfolio|How do I view my portfolio|my portfolio|How do I see my portfolio|check portfolio|How do I check my portfolio|market value|What is the market value of my portfolio|How do I view my portfolio?,Use for My Portfolio. Feature is portfolio.
86,WEALTH,All,Portfolio summary|portfolio overview|Where can I get my portfolio summary|Where can I get my portfolio overview,How do I view my portfolio summary?,Get a summarized view of your portfolio including total value and investment distribution.,VIEW_PORTFOLIO_SUMMARY,,Redirection ,,,,,/investments,,liability,RI,True,,,,,,False,Portfolio Summary,,,,,view_portfolio_summary,"{""action"": ""view"", ""feature"": ""portfolio_summary"", ""product"": ""investment""}",Portfolio summary|portfolio overview|Where can I get my portfolio summary|Where can I get my portfolio overview|How do I view my portfolio summary?,Use for Portfolio Summary. Feature is portfolio summary.
87,WEALTH,All,How to invest in NCD|How to apply for NCD,How do I apply for NCD?,Apply for non-convertible debentures (NCDs) easily to invest in fixed income instruments.,APPLY_NCD,,Redirection ,,,,,/investinipo,,liability,RI,True,,,,,,False,Apply for NCD,,,,,apply_ncd,"{""action"": ""apply"", ""feature"": ""ncd"", ""product"": ""ncd""}",How to invest in NCD|How to apply for NCD|How do I apply for NCD?|Apply for NCD,Use for Apply for NCD. Feature is ncd.
88,WEALTH,All,Mutual Funds Investment|How to see my mutual funds investment|How much have I invested in mutual fund|My SIP|Where can I see my SIP|My MF|Where can I see my mutual funds?,How do I view my mutual fund investments?,"Check your mutual fund investments, SIPs, and total invested amount in one place.",VIEW_MF_INVESTMENTS,,Redirection ,,,,,/mfSummary/holdings,,liability,RI,True,,,,,,False,My Investments,,,,,view_investments_view_mf_investments,"{""action"": ""view"", ""feature"": ""investments"", ""product"": ""mutual_fund""}",Mutual Funds Investment|How to see my mutual funds investment|How much have I invested in mutual fund|My SIP|Where can I see my SIP|My MF|Where can I see my mutual funds?|How do I view my mutual fund investments?|My Investments,Use for My Investments. Feature is investments.
89,WEALTH,All,Buy Mutual Funds|How to buy mutual funds|Invest in Mutual Funds|How do I invest in mutual funds|From where do I buy a mutual fund,How do I invest in mutual funds?,Start investing in mutual funds easily by selecting suitable funds and completing your investment in a few steps.,BUY_MUTUAL_FUNDS,,Redirection ,,,,,/diymf,,liability,RI,True,,,,,,False,Buy Mutual Funds,,,,,buy_mutual_funds,"{""action"": ""buy"", ""feature"": ""mutual_funds"", ""product"": ""mutual_fund""}",Buy Mutual Funds|How to buy mutual funds|Invest in Mutual Funds|How do I invest in mutual funds|From where do I buy a mutual fund|How do I invest in mutual funds?,Use for Buy Mutual Funds. Feature is mutual funds.
90,WEALTH,All,Balanced Mutual Funds|How to invest in balanced mutual fund,How do I invest in balanced mutual funds?,Invest in balanced mutual funds that offer a mix of equity and debt for diversified returns.,INVEST_BALANCED_MF,,Redirection ,,,,,/diymf,,liability,RI,True,,,,,,False,Invest in Balanced MF,,,,,invest_balanced_mf,"{""action"": ""invest"", ""feature"": ""balanced_mf"", ""product"": ""mutual_fund""}",Balanced Mutual Funds|How to invest in balanced mutual fund|How do I invest in balanced mutual funds?|Invest in Balanced MF,Use for Invest in Balanced MF. Feature is balanced mf.
91,WEALTH,All,Mutual Funds|How to invest in mutual funds,How do I quickly invest in mutual funds?,Invest in mutual funds quickly using simplified options for faster onboarding and execution.,QUICK_MF_INVEST,,Redirection ,,,,,/diymf,,liability,RI,True,,,,,,False,Quick MF Invest,,,,,invest_quick_mf,"{""action"": ""invest"", ""feature"": ""quick_mf"", ""product"": ""mutual_fund""}",Mutual Funds|How to invest in mutual funds|How do I quickly invest in mutual funds?|Quick MF Invest,Use for Quick MF Invest. Feature is quick mf.
92,WEALTH,All,mutual funds|How to see mutual funds for me,How do I see mutual funds recommended for me?,View curated mutual fund options based on your profile and investment preferences.,VIEW_CURATED_MF,,Redirection ,,,,,/diymf,,liability,RI,True,,,,,,False,Curated Mutual Funds,,,,,view_curated_mutual_funds,"{""action"": ""view"", ""feature"": ""curated_mutual_funds"", ""fund_category"": ""curated"", ""investment_mode"": ""curated"", ""product"": ""mutual_fund"", ""service_type"": ""profile_update""}",mutual funds|How to see mutual funds for me|How do I see mutual funds recommended for me?|Curated Mutual Funds,Use for Curated Mutual Funds. Feature is curated mutual funds. Service type is profile update. Investment mode is curated. Fund category is curated.
93,WEALTH,All,SGB Share certificate|How to download SGB Share certificate,How do I download my SGB share certificate?,Download your sovereign gold bond share certificate securely for your records.,DOWNLOAD_SGB_CERTIFICATE,,Redirection ,,,,,/sgbSummary/holdings,,liability,RI,True,,,,,,False,SGB Share Certificate,,,,,download_sgb_certificate,"{""action"": ""download"", ""document_type"": ""certificate"", ""feature"": ""sgb_certificate"", ""product"": ""sovereign_gold_bond""}",SGB Share certificate|How to download SGB Share certificate|How do I download my SGB share certificate?,Use for SGB Share Certificate. Feature is sgb certificate. Document requested is certificate.
94,WEALTH,All,SGB Investment|How to check SGB investment|How much have I invested in soveregin gold bonds|How much have I invested in SGB|SGB Current Value|How to see my SGB portfolio,How do I check my SGB investment?,"View your sovereign gold bond investments, current value, and portfolio details in one place.",VIEW_SGB_INVESTMENT,,Redirection ,,,,,/sgbSummary/holdings,,liability,RI,True,,,,,,False,SGB Transactions,,,,,view_sgb_transactions,"{""action"": ""view"", ""feature"": ""sgb_transactions"", ""product"": ""sovereign_gold_bond""}",SGB Investment|How to check SGB investment|How much have I invested in soveregin gold bonds|How much have I invested in SGB|SGB Current Value|How to see my SGB portfolio|How do I check my SGB investment?|SGB Transactions,Use for SGB Transactions. Feature is sgb transactions.
95,WEALTH,All,SGB Application|Where can I fill SGB application,How do I apply for SGB?,Apply for sovereign gold bonds easily through the app during available issue windows.,APPLY_SGB,,Redirection ,,,,,/sgbSummary/applications,,liability,RI,True,,,,,,False,SGB Application,,,,,apply_sgb_application,"{""action"": ""apply"", ""feature"": ""sgb_application"", ""product"": ""sovereign_gold_bond""}",SGB Application|Where can I fill SGB application|How do I apply for SGB?,Use for SGB Application. Feature is sgb application.
96,WEALTH,All,SGB Transaction|How to place SGB transaction,How do I place an SGB transaction?,Buy or transact in sovereign gold bonds through a simple and secure process.,SGB_TRANSACTION,,Redirection ,,,,,/sgbSummary/applications,,liability,RI,True,,,,,,False,SGB Transaction,,,,,buy_sgb_transaction,"{""action"": ""buy"", ""feature"": ""sgb_transaction"", ""product"": ""sovereign_gold_bond""}",SGB Transaction|How to place SGB transaction|How do I place an SGB transaction?,Use for SGB Transaction. Feature is sgb transaction.
97,WEALTH,All,Digital Gold|How to buy digital gold,How do I buy digital gold?,Purchase digital gold instantly and securely in small or large quantities through the app.,BUY_DIGITAL_GOLD,,Redirection ,,,,,/buysgb,,liability,RI,True,,,,,,False,Buy Digital Gold,,,,,buy_digital_gold,"{""action"": ""buy"", ""feature"": ""digital_gold"", ""product"": ""banking_service""}",Digital Gold|How to buy digital gold|How do I buy digital gold?|Buy Digital Gold,Use for Buy Digital Gold. Feature is digital gold.
98,WEALTH,All,Buy gold|How to buy gold bonds,How do I buy gold bonds?,Invest in gold bonds to gain exposure to gold as an asset with added benefits.,BUY_GOLD_BONDS,,Redirection ,,,,,/buysgb,,liability,RI,True,,,,,,False,Buy Gold Bonds,,,,,buy_gold_bonds,"{""action"": ""buy"", ""feature"": ""gold_bonds"", ""fund_category"": ""bond"", ""product"": ""banking_service""}",Buy gold|How to buy gold bonds|How do I buy gold bonds?|Buy Gold Bonds,Use for Buy Gold Bonds. Feature is gold bonds. Fund category is bond.
99,WEALTH,All,Invest in Gold|How to invest in gold,How do I invest in gold?,Explore different ways to invest in gold including digital gold and sovereign gold bonds.,INVEST_IN_GOLD,,Redirection ,,,,,/buysgb,,liability,RI,True,,,,,,False,Invest in Gold,,,,,invest_gold,"{""action"": ""invest"", ""feature"": ""gold"", ""product"": ""sovereign_gold_bond""}",Invest in Gold|How to invest in gold|How do I invest in gold?,Use for Invest in Gold. Feature is gold.
100,WEALTH,All,Car|How much should I invest for my car,How much should I invest for my car?,Plan your savings and investments to achieve your goal of purchasing a car efficiently.,CAR_GOAL,,Redirection ,,,,,/creategoal,,liability,RI,True,,,,,,False,Car Goal,,,,,invest_car_goal,"{""action"": ""invest"", ""feature"": ""car_goal"", ""investment_goal"": ""car"", ""product"": ""investment""}",Car|How much should I invest for my car|How much should I invest for my car?|Car Goal,Use for Car Goal. Feature is car goal. Investment goal is car.
101,WEALTH,All,Saving Goals|How do I save money for my goals,How do I save money for my goals?,"Set financial goals and invest systematically to achieve milestones like home, travel, or education.",SAVING_GOALS,,Redirection ,,,,,/creategoal,,liability,RI,True,,,,,,False,Saving Goals,,,,,set_saving_goals,"{""action"": ""set"", ""feature"": ""saving_goals"", ""product"": ""banking_service""}",Saving Goals|How do I save money for my goals|How do I save money for my goals?,Use for Saving Goals. Feature is saving goals.
102,WEALTH,All,Where Can I check IPO status|What is status for my IPO|How to Check my allotment status,How do I check my IPO status?,"Check your IPO application status, allotment details, and updates easily from one place.",CHECK_IPO_STATUS,,Redirection ,,,,,/orderbook,,liability,RI,True,,,,,,False,Check IPO Status,,,,,view_ipo_status,"{""action"": ""view"", ""feature"": ""ipo_status"", ""product"": ""ipo""}",Where Can I check IPO status|What is status for my IPO|How to Check my allotment status|How do I check my IPO status?|Check IPO Status,Use for Check IPO Status. Feature is ipo status.
103,WEALTH,All,How to hold withdrawal for IPO process,How do I withdraw hold amount for IPO?,Remove or release funds blocked for IPO applications if the process is completed or withdrawn.,IPO_HOLD_WITHDRAWAL,,Redirection ,,,,,/orderbook,,liability,RI,True,,,,,,False,Hold Withdrawal for IPO,,,,,block_hold_withdrawal_ipo,"{""action"": ""block"", ""feature"": ""hold_withdrawal_ipo"", ""product"": ""ipo""}",How to hold withdrawal for IPO process|How do I withdraw hold amount for IPO?|Hold Withdrawal for IPO,Use for Hold Withdrawal for IPO. Feature is hold withdrawal ipo.
104,WEALTH,All,How can I withdraw my IPO application,How do I withdraw my IPO application?,Withdraw your IPO application easily before final processing as per applicable guidelines.,WITHDRAW_IPO_APPLICATION,,Redirection ,,,,,/orderbook,,liability,RI,True,,,,,,False,Manage IPO Application,,,,,manage_ipo_application,"{""action"": ""manage"", ""feature"": ""ipo_application"", ""product"": ""ipo""}",How can I withdraw my IPO application|How do I withdraw my IPO application?|Manage IPO Application,Use for Manage IPO Application. Feature is ipo application.
105,WEALTH,All,How can I modify my IPO application,How do I modify my IPO application?,Modify your IPO application details before submission deadlines as per allowed conditions.,MODIFY_IPO_APPLICATION,,Redirection ,,,,,/orderbook,,liability,RI,True,,,,,,False,Modify IPO,,,,,view_ipo,"{""action"": ""view"", ""feature"": ""ipo"", ""product"": ""ipo""}",How can I modify my IPO application|How do I modify my IPO application?|Modify IPO,Use for Modify IPO. Feature is ipo.
106,WEALTH,All,Demat|Demat Account,What is a Demat account?,Understand what a Demat account is and how it helps you hold and manage investments like stocks and bonds digitally.,DEMAT_ACCOUNT_INFO,,Redirection ,,,,,/demat,,liability,RI,True,,,,,,False,Demat Account,,,,,manage_demat_account,"{""action"": ""manage"", ""feature"": ""demat_account"", ""investment_mode"": ""nfo"", ""product"": ""account""}",Demat|Demat Account|What is a Demat account?,Use for Demat Account. Feature is demat account. Investment mode is nfo.
107,PAYMENTS,All,IMPS|How do I pay via IMPS,How do I pay using IMPS?,Transfer money instantly using IMPS to any bank account with real-time processing.,PAY_IMPS,,Redirection ,,,,,/bankTransfer,,BIB|liability,RI,True,,,,,,False,IMPS Payments,,,,,pay_imps_payments,"{""action"": ""pay"", ""feature"": ""imps_payments"", ""payment_type"": ""imps"", ""product"": ""account""}",IMPS|How do I pay via IMPS|How do I pay using IMPS?|IMPS Payments,Use for IMPS Payments. Feature is imps payments. Payment rail or bill type is imps.
108,PAYMENTS,All,NEFT|How do I pay via NEFT,How do I pay using NEFT?,Transfer funds securely using NEFT with scheduled settlement cycles.,PAY_NEFT,,Redirection ,,,,,/bankTransfer,,BIB|liability,RI,True,,,,,,False,NEFT Payments,,,,,pay_neft_payments,"{""action"": ""pay"", ""feature"": ""neft_payments"", ""payment_type"": ""neft"", ""product"": ""banking_service""}",NEFT|How do I pay via NEFT|How do I pay using NEFT?|NEFT Payments,Use for NEFT Payments. Feature is neft payments. Payment rail or bill type is neft.
109,PAYMENTS,All,Delete payee|How do I delete payee,How do I delete a payee?,Remove a saved beneficiary or payee from your list securely when no longer needed.,DELETE_PAYEE,,Redirection ,,,,,/allPayees,,liability|asset|creditcard,RI,True,,,,,,False,Delete Payee,,,,,pay_payee,"{""action"": ""pay"", ""feature"": ""payee"", ""product"": ""payee""}",Delete payee|How do I delete payee|How do I delete a payee?,Use for Delete Payee. Feature is payee.
110,PAYMENTS,All,Beneficiary|How to view beneficiary,How do I view my beneficiaries?,View all your saved beneficiaries or payees for quick and easy fund transfers.,VIEW_BENEFICIARY,,Redirection ,,,,,/allPayees,,liability|asset|creditcard,RI,True,,,,,,False,View Beneficiary,,,,,view_payee,"{""action"": ""view"", ""feature"": ""beneficiary"", ""product"": ""payee""}",Beneficiary|How to view beneficiary|How do I view my beneficiaries?|View Beneficiary,Use for View Beneficiary. Feature is beneficiary.
111,PAYMENTS,All,Insurance|How do I pay for insurance,How do I pay my insurance premium?,Pay your insurance premiums easily through the app using secure payment options.,PAY_INSURANCE,,Redirection ,,,,,/billerCategories,,liability|asset|creditcard,RI,True,,,,,,False,Insurance Payments,,,,,pay_insurance_payments,"{""action"": ""pay"", ""biller_type"": ""insurance_premium"", ""feature"": ""insurance_payments"", ""insurance_type"": ""premium"", ""product"": ""insurance""}",Insurance|How do I pay for insurance|How do I pay my insurance premium?|Insurance Payments,Use for Insurance Payments. Feature is insurance payments. Biller type is insurance premium. Insurance type is premium.
112,PAYMENTS,All,Broadband|How do I pay broadband bill,How do I pay my broadband bill?,Pay your broadband bills quickly and securely through the app without hassle.,PAY_BROADBAND,,Redirection ,,,,,/billerCategories,,liability|asset|creditcard,RI,True,,,,,,False,Pay Broadband Bill,,,,,pay_broadband_bill,"{""action"": ""pay"", ""biller_type"": ""broadband"", ""feature"": ""broadband_bill"", ""product"": ""banking_service""}",Broadband|How do I pay broadband bill|How do I pay my broadband bill?|Pay Broadband Bill,Use for Pay Broadband Bill. Feature is broadband bill. Biller type is broadband.
113,PAYMENTS,All,Gas Bill|How do I pay gas bill,How do I pay my gas bill?,Make gas bill payments easily and track your payment status instantly.,PAY_GAS_BILL,,Redirection ,,,,,/billerCategories,,liability|asset|creditcard,RI,True,,,,,,False,Pay Gas Bill,,,,,pay_gas_bill,"{""action"": ""pay"", ""biller_type"": ""gas"", ""feature"": ""gas_bill"", ""product"": ""banking_service""}",Gas Bill|How do I pay gas bill|How do I pay my gas bill?|Pay Gas Bill,Use for Pay Gas Bill. Feature is gas bill. Biller type is gas.
114,PAYMENTS,All,Landline|How do I pay landline bill,How do I pay my landline bill?,Pay your landline bills securely and conveniently through the app.,PAY_LANDLINE_BILL,,Redirection ,,,,,/billerCategories,,liability|asset|creditcard,RI,True,,,,,,False,Pay Landline Bill,,,,,pay_landline_bill,"{""action"": ""pay"", ""biller_type"": ""landline"", ""feature"": ""landline_bill"", ""product"": ""banking_service""}",Landline|How do I pay landline bill|How do I pay my landline bill?|Pay Landline Bill,Use for Pay Landline Bill. Feature is landline bill. Biller type is landline.
115,PAYMENTS,All,Municipal tax|How do I pay municipal tax,How do I pay municipal tax?,Pay your municipal taxes easily through the app with secure payment options.,PAY_MUNICIPAL_TAX,,Redirection ,,,,,/billerCategories,,liability|asset|creditcard,RI,True,,,,,,False,Pay Tax,,,,,pay_tax,"{""action"": ""pay"", ""biller_type"": ""municipal_tax"", ""feature"": ""tax"", ""product"": ""banking_service""}",Municipal tax|How do I pay municipal tax|How do I pay municipal tax?|Pay Tax,Use for Pay Tax. Feature is tax. Biller type is municipal tax.
116,PAYMENTS,All,Rental|How do I pay for rentals,How do I pay my rent?,Make rental payments quickly and securely using available payment methods.,PAY_RENT,,Redirection ,,,,,/billerCategories,,liability|asset|creditcard,RI,True,,,,,,False,Rental Payments,,,,,pay_rental_payments,"{""action"": ""pay"", ""biller_type"": ""rent"", ""feature"": ""rental_payments"", ""product"": ""banking_service""}",Rental|How do I pay for rentals|How do I pay my rent?|Rental Payments,Use for Rental Payments. Feature is rental payments. Biller type is rent.
117,PAYMENTS,All,Utilities|How do I pay for utilities,How do I pay utility bills?,"Pay multiple utility bills like electricity, gas, and more from one place easily.",PAY_UTILITIES,,Redirection ,,,,,/billerCategories,,liability|asset|creditcard,RI,True,,,,,,False,Utilities Payments,,,,,pay_utilities_payments,"{""action"": ""pay"", ""biller_type"": ""utilities"", ""feature"": ""utilities_payments"", ""product"": ""electricity_bill""}",Utilities|How do I pay for utilities|How do I pay utility bills?|Utilities Payments,Use for Utilities Payments. Feature is utilities payments. Biller type is utilities.
118,PAYMENTS,All,Cancel|How to cancel payment,How do I cancel a recurring payment?,Cancel or stop recurring payments or standing instructions easily through the app.,CANCEL_RECURRING_PAYMENT,,Redirection ,,,,,/pay/recurring,,BIB|liability,RI,True,,,,,,False,Cancel Recurring Payments,,,,,pay_recurring_payments,"{""action"": ""pay"", ""feature"": ""recurring_payments"", ""product"": ""banking_service""}",Cancel|How to cancel payment|How do I cancel a recurring payment?|Cancel Recurring Payments,Use for Cancel Recurring Payments. Feature is recurring payments.
119,PAYMENTS,All,VPA|How to use VPA,How do I pay using a VPA?,Send money using a Virtual Payment Address (UPI ID) without needing bank details.,PAY_TO_VPA,,Redirection ,,,,,/payToUpi,,liability,RI,True,,,,,,False,Pay To VPA,,,,,pay_upi_vpa,"{""action"": ""pay"", ""feature"": ""upi_vpa"", ""product"": ""upi""}",VPA|How to use VPA|How do I pay using a VPA?|Pay To VPA,Use for Pay To VPA. Feature is upi vpa.
120,WEALTH,All,How to switch my fund|How do I systematically transfer my funds|What is the minimum number of funds to switch|What is the minimum switch amount|fund switching|Systematic transfer,How do I switch between funds?,Switch or transfer your investments between mutual funds easily as per your investment strategy.,SWITCH_FUNDS,,Redirection ,,,,,/mfSummary?holdings,,liability,RI,True,,,,,,False,Switching Between Funds,,,,,invest_switching_between_funds,"{""action"": ""invest"", ""feature"": ""switching_between_funds"", ""product"": ""mutual_fund""}",How to switch my fund|How do I systematically transfer my funds|What is the minimum number of funds to switch|What is the minimum switch amount|fund switching|Systematic transfer|How do I switch between funds?|Switching Between Funds,Use for Switching Between Funds. Feature is switching between funds.
121,WEALTH,All,How do I plan savings goal for a car,How do I plan a savings goal for a car?,Set a financial goal and plan investments to achieve your target of buying a car.,CAR_GOAL_PLANNING,,Redirection ,,,,,/creategoal,,liability,RI,True,,,,,,False,Goal for a Car,,,,,set_goal_car,"{""action"": ""set"", ""feature"": ""goal_car"", ""investment_goal"": ""savings_goal"", ""product"": ""investment""}",How do I plan savings goal for a car|How do I plan a savings goal for a car?|Goal for a Car,Use for Goal for a Car. Feature is goal car. Investment goal is savings goal.
122,WEALTH,All,Plan a goal|How do I plan a goal,How do I plan a goal?,Set and plan your financial goals by choosing the target amount and timeline to invest systematically.,PLAN_GOAL,,Redirection ,,,,,/creategoal,,liability,RI,True,,,,,,False,Plan a Goal,,,,,set_goal,"{""action"": ""set"", ""feature"": ""goal"", ""product"": ""banking_service""}",Plan a goal|How do I plan a goal|How do I plan a goal?,Use for Plan a Goal. Feature is goal.
123,WEALTH,All,Discover top funds|How do I discover top funds,How do I discover top funds?,"Discover top-performing funds based on returns, ratings, and market trends to make informed investments.",DISCOVER_TOP_FUNDS,,Redirection ,,,,,/investinmf,,liability,RI,True,,,,,,False,Discover Top Funds,,,,,invest_top_funds,"{""action"": ""invest"", ""feature"": ""top_funds"", ""product"": ""mutual_fund""}",Discover top funds|How do I discover top funds|How do I discover top funds?,Use for Discover Top Funds. Feature is top funds.
124,WEALTH,All,Quick Invest|How do I use quick Invest,How do I use Quick Invest?,Invest quickly in selected funds using simplified investment flows for faster execution.,QUICK_INVEST,,Redirection ,,,,,/recommendportfolio/sipandlumpsum,,liability,RI,True,,,,,,False,Quick Invest,,,,,invest_quick,"{""action"": ""invest"", ""feature"": ""quick"", ""investment_mode"": ""quick_invest"", ""product"": ""investment""}",Quick Invest|How do I use quick Invest|How do I use Quick Invest?,Use for Quick Invest. Feature is quick. Investment mode is quick invest.
125,WEALTH,All,Invest in NFO|How do I invest in NFO,How do I invest in NFO?,Invest in New Fund Offers (NFOs) and participate in newly launched mutual fund schemes.,INVEST_NFO,,Redirection ,,,,,/nfo,,liability,RI,True,,,,,,False,Invest in NFO,,,,,invest_nfo,"{""action"": ""invest"", ""feature"": ""nfo"", ""investment_mode"": ""nfo"", ""product"": ""mutual_fund""}",Invest in NFO|How do I invest in NFO|How do I invest in NFO?,Use for Invest in NFO. Feature is nfo. Investment mode is nfo.
126,WEALTH,All,Government securities|G-Sec|Goverment Securities|How do I invest in government securities,How do I invest in government securities?,Invest in government-backed securities for stable and low-risk returns through a simple process.,INVEST_GOVT_SECURITIES,,Redirection ,,,,,/investments,,liability,RI,True,,,,,,False,Government Securities,,,,,invest_government_securities,"{""action"": ""invest"", ""feature"": ""government_securities"", ""product"": ""banking_service""}",Government securities|G-Sec|Goverment Securities|How do I invest in government securities|How do I invest in government securities?,Use for Government Securities. Feature is government securities.
127,WEALTH,All,Trending mutual funds|How do I see trending mutual funds,How do I view trending mutual funds?,Explore trending mutual funds based on popularity and recent performance trends.,VIEW_TRENDING_MF,,Redirection ,,,,,/diymf,,liability,RI,True,,,,,,False,Trending Mutual Funds,,,,,view_trending_mutual_funds,"{""action"": ""view"", ""feature"": ""trending_mutual_funds"", ""product"": ""mutual_fund""}",Trending mutual funds|How do I see trending mutual funds|How do I view trending mutual funds?,Use for Trending Mutual Funds. Feature is trending mutual funds.
128,CC,All,Charge Summary|How to view a summary of charges,How do I view a summary of charges?,View a detailed summary of all applicable charges and fees for your accounts and services.,VIEW_CHARGE_SUMMARY,,Redirection ,,,,,/CreditCardDetails,,creditcard,RI,True,,,,,,False,Charge Summary,,,,,view_charge_summary,"{""action"": ""view"", ""feature"": ""charge_summary"", ""product"": ""account""}",Charge Summary|How to view a summary of charges|How do I view a summary of charges?,Use for Charge Summary. Feature is charge summary.
129,CC,All,Add on Card application status|How to check status of add-on card application,How do I check add-on card application status?,Track the status of your add-on credit card application and its progress easily.,TRACK_ADDON_CARD_STATUS,,Redirection ,,,,,/CreditCardDetails,,creditcard,RI,True,,,,,,False,Add-on Card Application Status,,,,,track_on_card_application_status,"{""action"": ""track"", ""card_type"": ""credit_card"", ""feature"": ""on_card_application_status"", ""insurance_type"": ""add_on"", ""product"": ""credit_card""}",Add on Card application status|How to check status of add-on card application|How do I check add-on card application status?|Add-on Card Application Status,Use for Add-on Card Application Status. Feature is on card application status. Insurance type is add on. Card type is credit card.
130,CC,All,Card closure|How to close credit card account,How do I close my credit card account?,Close your credit card account by following a simple process after clearing all dues.,CLOSE_CREDIT_CARD,,Redirection ,,,,,/CreditCardDetails,,creditcard,RI,True,,,,,,False,Card Closure,,,,,close_card_closure,"{""action"": ""close"", ""card_type"": ""credit_card"", ""feature"": ""card_closure"", ""product"": ""credit_card""}",Card closure|How to close credit card account|How do I close my credit card account?,Use for Card Closure. Feature is card closure. Card type is credit card.
131,CC,All,Foreclosure of credit card EMI|How to foreclose credit card EMI,How do I foreclose my credit card EMI?,Foreclose your ongoing credit card EMIs and clear outstanding amounts in advance.,FORECLOSE_CC_EMI,,Redirection ,,,,,/CreditCardDetails,,creditcard,RI,True,,,,,,False,Foreclosure of Credit Card EMI,,,,,foreclose_foreclosure_credit_card_emi,"{""action"": ""foreclose"", ""card_type"": ""credit_card"", ""feature"": ""foreclosure_credit_card_emi"", ""product"": ""credit_card"", ""service_type"": ""foreclosure""}",Foreclosure of credit card EMI|How to foreclose credit card EMI|How do I foreclose my credit card EMI?,Use for Foreclosure of Credit Card EMI. Feature is foreclosure credit card emi. Service type is foreclosure. Card type is credit card.
132,CC,All,Credit card rewards expiry enquiry|How to enquire about credit card rewards expiry,How do I check reward points expiry?,Check expiry details of your credit card reward points to redeem them before they lapse.,CHECK_REWARD_EXPIRY,,Redirection ,,,,,/CreditCardDetails,,creditcard,RI,True,,,,,,False,Credit Card Rewards Expiry Enquiry,,,,,view_reward_points,"{""action"": ""view"", ""benefit_type"": ""reward_points"", ""card_type"": ""credit_card"", ""feature"": ""reward_points"", ""product"": ""credit_card""}",Credit card rewards expiry enquiry|How to enquire about credit card rewards expiry|How do I check reward points expiry?,Use for Credit Card Rewards Expiry Enquiry. Feature is reward points. Card type is credit card.
133,PAYMENTS,All,Favourite Payees|How do I view favourite payees,How do I view favourite payees?,View your frequently used or saved favourite payees for quick transactions.,VIEW_FAVOURITE_PAYEES,,Redirection ,,,,,/allPayees,,liability|asset|creditcard,RI,True,,,,,,False,View Favourite Payees,,,,,view_favourite_payees,"{""action"": ""view"", ""feature"": ""favourite_payees"", ""product"": ""payee""}",Favourite Payees|How do I view favourite payees|How do I view favourite payees?|View Favourite Payees,Use for View Favourite Payees. Feature is favourite payees.
134,WEALTH,All,List of transactions for Mutual Funds|How to view list of transactions for Mutual Funds,How do I view mutual fund transactions?,"View all your mutual fund transaction history including purchases, redemptions, and SIPs.",VIEW_MF_TRANSACTIONS,,Redirection ,,,,,/mfSummary/transactions,,liability,RI,True,,,,,,False,List of Transactions for Mutual Funds,,,,,view_list_transactions_mutual_funds,"{""action"": ""view"", ""feature"": ""list_transactions_mutual_funds"", ""product"": ""mutual_fund""}",List of transactions for Mutual Funds|How to view list of transactions for Mutual Funds|How do I view mutual fund transactions?,Use for List of Transactions for Mutual Funds. Feature is list transactions mutual funds.
135,WEALTH,All,View previous investment goals|How to view previously set investment goals,How do I view previous investment goals?,Access previously created investment goals and track their progress or status.,VIEW_PREVIOUS_GOALS,,Redirection ,,,,,/goaltracking,,liability,RI,True,,,,,,False,Previous Investment Goals,,,,,view_previous_investment_goals,"{""action"": ""view"", ""feature"": ""previous_investment_goals"", ""investment_goal"": ""investment_goal"", ""product"": ""investment""}",View previous investment goals|How to view previously set investment goals|How do I view previous investment goals?|Previous Investment Goals,Use for Previous Investment Goals. Feature is previous investment goals. Investment goal is investment goal.
136,WEALTH,All,Invest in Large Cap Funds|How to invest in Large Cap Funds,How do I invest in large cap funds?,Invest in large cap mutual funds that focus on established companies with stable growth.,INVEST_LARGE_CAP_FUNDS,,Redirection ,,,,,/investinmf,,liability,RI,True,,,,,,False,Invest in Large Cap Funds,,,,,invest_large_cap_funds,"{""action"": ""invest"", ""feature"": ""large_cap_funds"", ""product"": ""mutual_fund""}",Invest in Large Cap Funds|How to invest in Large Cap Funds|How do I invest in large cap funds?,Use for Invest in Large Cap Funds. Feature is large cap funds.
137,WEALTH,All,Invest in Flexi Cap Fund|How to invest in Flexi Cap Fund,How do I invest in flexi cap funds?,"Invest in flexi cap funds that dynamically allocate across large, mid, and small-cap stocks.",INVEST_FLEXI_CAP_FUNDS,,Redirection ,,,,,/investinmf,,liability,RI,True,,,,,,False,Invest in Flexi Cap Fund,,,,,invest_flexi_cap_fund,"{""action"": ""invest"", ""feature"": ""flexi_cap_fund"", ""fund_category"": ""flexi_cap"", ""product"": ""mutual_fund""}",Invest in Flexi Cap Fund|How to invest in Flexi Cap Fund|How do I invest in flexi cap funds?,Use for Invest in Flexi Cap Fund. Feature is flexi cap fund. Fund category is flexi cap.
138,WEALTH,All,Invest in Multi Cap Fund|How to invest in Multi Cap Fund,How do I invest in multi cap funds?,"Invest in multi cap funds that diversify across large, mid, and small-cap stocks for balanced growth.",INVEST_MULTI_CAP_FUNDS,,Redirection ,,,,,/investinmf,,liability,RI,True,,,,,,False,Invest in Multi Cap Fund,,,,,invest_multi_cap_fund,"{""action"": ""invest"", ""feature"": ""multi_cap_fund"", ""product"": ""mutual_fund""}",Invest in Multi Cap Fund|How to invest in Multi Cap Fund|How do I invest in multi cap funds?,Use for Invest in Multi Cap Fund. Feature is multi cap fund.
139,WEALTH,All,Invest in Sectoral/Thematic Fund|How to invest in Sectoral/Thematic Fund,How do I invest in sectoral or thematic funds?,Invest in sectoral or thematic funds focusing on specific industries or themes based on market opportunities.,INVEST_SECTORAL_FUNDS,,Redirection ,,,,,/investinmf,,liability,RI,True,,,,,,False,Invest in Sectoral/Thematic Fund,,,,,invest_sectoral_thematic_fund,"{""action"": ""invest"", ""feature"": ""sectoral_thematic_fund"", ""product"": ""mutual_fund""}",Invest in Sectoral/Thematic Fund|How to invest in Sectoral/Thematic Fund|How do I invest in sectoral or thematic funds?,Use for Invest in Sectoral/Thematic Fund. Feature is sectoral thematic fund.
140,WEALTH,All,Invest in Value Fund|How to invest in Value Fund,How do I invest in value funds?,Invest in value funds that focus on undervalued stocks with long-term growth potential.,INVEST_VALUE_FUNDS,,Redirection ,,,,,/investinmf,,liability,RI,True,,,,,,False,Invest in Value Fund,,,,,invest_value_fund,"{""action"": ""invest"", ""feature"": ""value_fund"", ""product"": ""mutual_fund""}",Invest in Value Fund|How to invest in Value Fund|How do I invest in value funds?,Use for Invest in Value Fund. Feature is value fund.
141,WEALTH,All,Invest in Contra Fund|How to invest in Contra Fund,How do I invest in contra funds?,Invest in contra funds that follow a contrarian strategy to capitalize on market opportunities.,INVEST_CONTRA_FUNDS,,Redirection ,,,,,/investinmf,,liability,RI,True,,,,,,False,Invest in Contra Fund,,,,,invest_contra_fund,"{""action"": ""invest"", ""feature"": ""contra_fund"", ""product"": ""mutual_fund""}",Invest in Contra Fund|How to invest in Contra Fund|How do I invest in contra funds?,Use for Invest in Contra Fund. Feature is contra fund.
142,WEALTH,All,Invest in Debt Funds|How to invest in Debt Funds,How do I invest in debt funds?,Invest in debt funds for relatively stable returns through fixed income securities.,INVEST_DEBT_FUNDS,,Redirection ,,,,,/diymf,,liability,RI,True,,,,,,False,Invest in Debt Funds,,,,,invest_debt_funds,"{""action"": ""invest"", ""feature"": ""debt_funds"", ""product"": ""mutual_fund""}",Invest in Debt Funds|How to invest in Debt Funds|How do I invest in debt funds?,Use for Invest in Debt Funds. Feature is debt funds.
143,WEALTH,All,Invest in Hybrid Funds|How to invest in Hybrid Funds|hybrid funds|MF|SIPs,How do I invest in hybrid funds?,Invest in hybrid funds that combine equity and debt to balance risk and returns.,INVEST_HYBRID_FUNDS,,Redirection ,,,,,/diymf,,liability,RI,True,,,,,,False,Invest in Hybrid Funds,,,,,invest_hybrid_funds,"{""action"": ""invest"", ""feature"": ""hybrid_funds"", ""product"": ""mutual_fund""}",Invest in Hybrid Funds|How to invest in Hybrid Funds|hybrid funds|MF|SIPs|How do I invest in hybrid funds?,Use for Invest in Hybrid Funds. Feature is hybrid funds.
144,WEALTH,All,Plan investment goal|How to plan my investment goal,How do I plan my investment goal?,Set your financial goals and create an investment plan to achieve them with disciplined contributions.,PLAN_INVESTMENT_GOAL,,Redirection ,,,,,/creategoal,,liability,RI,True,,,,,,False,Plan investment goal,,,,,create_investment_goal,"{""action"": ""create"", ""feature"": ""investment_goal"", ""investment_goal"": ""investment_goal"", ""product"": ""investment""}",Plan investment goal|How to plan my investment goal|How do I plan my investment goal?,Use for Plan investment goal. Feature is investment goal. Investment goal is investment goal.
145,PAYMENTS,All,Utility Bill Payment|How to pay my utility bills online,How do I pay my utility bills online?,"Pay electricity, gas, and other utility bills quickly through secure online payment options.",PAY_UTILITY_BILLS,,Redirection ,,,,,/billerCategories,,liability|asset|creditcard,RI,True,,,,,,False,Utility Bill Payment,,,,,pay_utility_bill_payment,"{""action"": ""pay"", ""biller_type"": ""utilities"", ""feature"": ""utility_bill_payment"", ""product"": ""electricity_bill""}",Utility Bill Payment|How to pay my utility bills online|How do I pay my utility bills online?,Use for Utility Bill Payment. Feature is utility bill payment. Biller type is utilities.
146,WEALTH,All,Retirement Planning|How to plan for my retirement,How do I plan for retirement?,Plan your retirement by setting financial goals and investing in suitable long-term options.,PLAN_RETIREMENT,,Redirection ,,,,,/creategoal,,liability|asset|creditcard,RI,True,,,,,,False,Retirement Planning,,,,,set_retirement_planning,"{""action"": ""set"", ""feature"": ""retirement_planning"", ""product"": ""banking_service""}",Retirement Planning|How to plan for my retirement|How do I plan for retirement?,Use for Retirement Planning. Feature is retirement planning.
147,WEALTH,All,Investment Risk Assessment|How to assess investment risks,How do I assess my investment risk?,Evaluate your risk profile to choose suitable investments aligned with your financial goals.,ASSESS_INVESTMENT_RISK,,Redirection ,,,,,/riskprofile,,liability|asset|creditcard,RI,True,,,,,,False,Investment Risk Assessment,,,,,invest_investment_risk_assessment,"{""action"": ""invest"", ""feature"": ""investment_risk_assessment"", ""product"": ""investment"", ""service_type"": ""profile_update""}",Investment Risk Assessment|How to assess investment risks|How do I assess my investment risk?,Use for Investment Risk Assessment. Feature is investment risk assessment. Service type is profile update.
148,WEALTH,All,Gold Investment|How to check my gold investment,How do I check my gold investment?,Check my  different gold investment options such as digital gold or bonds based on your preferences.,VIEW_MY_GOLD_INVESTMENT,,Redirection ,,,,,/sgbSummary/applications,,liability|asset|creditcard,RI,True,,,,,,False,My Gold Investment,,,,,view_gold_investment,"{""action"": ""view"", ""feature"": ""gold_investment"", ""product"": ""investment""}",Gold Investment|How to check my gold investment|How do I check my gold investment?|My Gold Investment,Use for My Gold Investment. Feature is gold investment.
149,RAS,All,Add PAN to profile|Add PAN to my account|How do I add PAN to my account,How do I add PAN to my account?,Add your PAN details to your profile to comply with regulatory requirements.,ADD_PAN,,Redirection ,,,,,/EditCustomerDetail/pan,,liability|asset|creditcard,RI,True,,,,,,False,Add PAN To My Account,,,,,add_pan_account,"{""action"": ""add"", ""feature"": ""pan_account"", ""product"": ""account"", ""service_type"": ""profile_update""}",Add PAN to profile|Add PAN to my account|How do I add PAN to my account|How do I add PAN to my account?,Use for Add PAN To My Account. Feature is pan account. Service type is profile update.
150,RAS,All,Upload Signature|How to upload signature,How do I upload my signature?,Upload your signature securely for account verification and transaction processing.,UPLOAD_SIGNATURE,,Redirection ,,,,,/account,,liability|asset|creditcard,RI,True,,,,,,False,Upload Signature,,,,,view_upload_signature,"{""action"": ""view"", ""feature"": ""upload_signature"", ""product"": ""account""}",Upload Signature|How to upload signature|How do I upload my signature?,Use for Upload Signature. Feature is upload signature.
151,RAS,All,Update preferred account|How to update preferred account|Change preferred account|How to change preferred account|Change default preferred account|Default preferred account|Preferred account,How do I change my preferred account?,Update your preferred or default account for transactions and payments easily.,CHANGE_PREFERRED_ACCOUNT,,Redirection ,,,,,/Settings,,liability|asset|creditcard,RI,True,,,,,,False,Change Preferred Account,,,,,update_preferred_account,"{""action"": ""update"", ""feature"": ""preferred_account"", ""product"": ""account""}",Update preferred account|How to update preferred account|Change preferred account|How to change preferred account|Change default preferred account|Default preferred account|Preferred account|How do I change my preferred account?,Use for Change Preferred Account. Feature is preferred account.
152,RAS,All,Revoke stopped cheque|How to revoke stopped cheque,How do I revoke a stopped cheque?,Revoke a previously stopped cheque to allow it to be processed again if required.,REVOKE_STOPPED_CHEQUE,,Redirection ,,,,,/more/echequebooks,,liability|asset|creditcard,RI,True,,,,,,False,Revoke Stopped Cheque,,,,,stop_revoke_stopped_cheque,"{""action"": ""stop"", ""feature"": ""revoke_stopped_cheque"", ""product"": ""banking_service""}",Revoke stopped cheque|How to revoke stopped cheque|How do I revoke a stopped cheque?,Use for Revoke Stopped Cheque. Feature is revoke stopped cheque.
153,WEALTH,All,Manage my SIPs - Edit/ Cancel/ Pause SIP|How to manage my SIPs,How do I manage my SIPs?,"Edit, pause, or cancel your SIPs easily based on your investment needs.",MANAGE_SIP,,Redirection ,,,,,/mfSummary/systematicPlans,,liability,RI,True,,,,,,False,Manage my SIPs - Edit/ Cancel/ Pause SIP,,,,,manage_sips_edit_pause_sip,"{""action"": ""manage"", ""feature"": ""sips_edit_pause_sip"", ""investment_mode"": ""sip"", ""product"": ""sip""}",Manage my SIPs - Edit/ Cancel/ Pause SIP|How to manage my SIPs|How do I manage my SIPs?,Use for Manage my SIPs - Edit/ Cancel/ Pause SIP. Feature is sips edit pause sip. Investment mode is sip.
154,WEALTH,All,Check Mutual Fund status|How to check mutual fund transaction status,How do I check my mutual fund transaction status?,"Track the status of your mutual fund transactions including purchases, redemptions, and SIPs.",CHECK_MF_STATUS,,Redirection ,,,,,/mfSummary/transactions,,liability,RI,True,,,,,,False,Check Mutual Fund transaction status,,,,,track_mutual_fund_transaction_status,"{""action"": ""track"", ""feature"": ""mutual_fund_transaction_status"", ""product"": ""mutual_fund""}",Check Mutual Fund status|How to check mutual fund transaction status|How do I check my mutual fund transaction status?|Check Mutual Fund transaction status,Use for Check Mutual Fund transaction status. Feature is mutual fund transaction status.
155,WEALTH,All,Download Gold Bond Certificate|How to download gold bond certificate,How do I download my gold bond certificate?,Download your sovereign gold bond certificate securely for your records and reference.,DOWNLOAD_GOLD_BOND_CERTIFICATE,,Redirection ,,,,,/sgbSummary/holdings,,liability,RI,True,,,,,,False,Download Gold Bond Certificate,,,,,download_gold_bond_certificate,"{""action"": ""download"", ""document_type"": ""certificate"", ""feature"": ""gold_bond_certificate"", ""fund_category"": ""bond"", ""product"": ""sovereign_gold_bond""}",Download Gold Bond Certificate|How to download gold bond certificate|How do I download my gold bond certificate?,Use for Download Gold Bond Certificate. Feature is gold bond certificate. Document requested is certificate. Fund category is bond.
156,RAS,All,Adhar|Aadhaar|Aadhar Seeding|How to link Aadhar to my account,How do I link Aadhaar to my account?,Link your Aadhaar to your bank account to comply with regulatory requirements and enable services.,LINK_AADHAAR,,Redirection ,,,,,/profile,,liability|asset|creditcard,RI,True,,,,,,False,Aadhar Seeding,,,,,enable_aadhar_seeding,"{""action"": ""enable"", ""feature"": ""aadhar_seeding"", ""product"": ""account"", ""profile_attribute"": ""aadhaar""}",Adhar|Aadhaar|Aadhar Seeding|How to link Aadhar to my account|How do I link Aadhaar to my account?,Use for Aadhar Seeding. Feature is aadhar seeding.
157,PLATFORM,All,Device management|Device Activities,How do I manage my devices?,"Manage registered devices, view activity, and ensure secure access to your account.",DEVICE_MANAGEMENT,,Redirection ,,,,,/deviceManagement,,liability|asset|creditcard,RI,True,,,,,,False,Device Management,,,,,view_device_management,"{""action"": ""view"", ""feature"": ""device_management"", ""product"": ""account"", ""service_type"": ""device_management""}",Device management|Device Activities|How do I manage my devices?,Use for Device Management. Feature is device management. Service type is device management.
158,RAS,All,"RBI, RBI Information, RBI Awareness, RBI Kehta hai, Awareness|How do I know about RBI guidelines",How do I view RBI guidelines and awareness information?,"Access RBI-related guidelines, updates, and awareness information for better financial understanding.",VIEW_RBI_INFO,,Redirection ,,,,,/hamburger,,liability|asset|creditcard,RI,True,,,,,,False,RBI Corner,,,,,view_rbi_corner,"{""action"": ""view"", ""feature"": ""rbi_corner"", ""investment_mode"": ""nfo"", ""product"": ""banking_service""}","RBI, RBI Information, RBI Awareness, RBI Kehta hai, Awareness|How do I know about RBI guidelines|How do I view RBI guidelines and awareness information?|RBI Corner",Use for RBI Corner. Feature is rbi corner. Investment mode is nfo.
159,RAS,All,IFSC Code|How do I find my IFSC code|Where can I find my IFSC code,How do I find my IFSC code?,"Find your bank branch IFSC code easily for transactions like NEFT, RTGS, and IMPS.",VIEW_IFSC_CODE,,Redirection ,,,,,/account,,liability|asset|creditcard,RI,True,,,,,,False,IFSC Code,,,,,view_ifsc_code,"{""action"": ""view"", ""feature"": ""ifsc_code"", ""product"": ""banking_service""}",IFSC Code|How do I find my IFSC code|Where can I find my IFSC code|How do I find my IFSC code?,Use for IFSC Code. Feature is ifsc code.
160,RAS,All,Hold Funds,How do I view held funds in my account?,Check funds that are on hold or not available for transactions in your account.,VIEW_HELD_FUNDS,,Redirection ,,,,,/account,,liability|asset|creditcard,RI,True,,,,,,False,Hold Funds,,,,,view_hold_funds,"{""action"": ""view"", ""feature"": ""hold_funds"", ""product"": ""account""}",Hold Funds|How do I view held funds in my account?,Use for Hold Funds. Feature is hold funds.
161,WEALTH,All,Life Insurance Summary,How do I view my life insurance summary?,View a summary of your life insurance policies including coverage and benefits.,VIEW_LIFE_INSURANCE_SUMMARY,,Redirection ,,,,,/insuranceDashboard,,liability|asset|creditcard,RI,True,,,,,,False,Life Insurance Summary,,,,,view_life_insurance_summary,"{""action"": ""view"", ""feature"": ""life_insurance_summary"", ""insurance_type"": ""life"", ""product"": ""insurance""}",Life Insurance Summary|How do I view my life insurance summary?,Use for Life Insurance Summary. Feature is life insurance summary. Insurance type is life.
162,WEALTH,All,Total Life Cover|Risk Cover|Total Life Insurance,How do I check my total life insurance cover?,Check your total life insurance coverage and risk protection details in one place.,VIEW_TOTAL_LIFE_COVER,,Redirection ,,,,,/insuranceDashboard,,liability|asset|creditcard,RI,True,,,,,,False,Total Life Cover- Insurance,,,,,view_total_life_cover_insurance,"{""action"": ""view"", ""feature"": ""total_life_cover_insurance"", ""insurance_type"": ""life"", ""product"": ""insurance""}",Total Life Cover|Risk Cover|Total Life Insurance|How do I check my total life insurance cover?|Total Life Cover- Insurance,Use for Total Life Cover- Insurance. Feature is total life cover insurance. Insurance type is life.
163,WEALTH,All,Buy A New Insurance Poilcy|Buy Policy,How do I buy a new insurance policy?,Explore and purchase a new insurance policy that suits your needs and coverage requirements.,BUY_INSURANCE_POLICY,,Redirection ,,,,,/insuranceDashboard,,liability|asset|creditcard,RI,True,,,,,,False,Buy Policy - Insurance,,,,,buy_policy_insurance,"{""action"": ""buy"", ""feature"": ""policy_insurance"", ""product"": ""insurance""}",Buy A New Insurance Poilcy|Buy Policy|How do I buy a new insurance policy?|Buy Policy - Insurance,Use for Buy Policy - Insurance. Feature is policy insurance.
164,WEALTH,All,Buy Insurance,How do I buy insurance?,Browse and buy different types of insurance policies directly through the app.,BUY_INSURANCE,,Redirection ,,,,,/insuranceDashboard,,liability|asset|creditcard,RI,True,,,,,,False,Buy Insurance,,,,,buy_insurance,"{""action"": ""buy"", ""feature"": ""insurance"", ""product"": ""insurance""}",Buy Insurance|How do I buy insurance?,Use for Buy Insurance. Feature is insurance.
165,WEALTH,All,Maternity Cover,How do I get maternity insurance cover?,Explore maternity insurance options to cover pregnancy and related medical expenses.,BUY_MATERNITY_COVER,,Redirection ,,,,,/insuranceDashboard,,liability|asset|creditcard,RI,True,,,,,,False,Maternity Cover - Insurance,,,,,buy_maternity_cover_insurance,"{""action"": ""buy"", ""feature"": ""maternity_cover_insurance"", ""insurance_type"": ""maternity"", ""product"": ""insurance""}",Maternity Cover|How do I get maternity insurance cover?|Maternity Cover - Insurance,Use for Maternity Cover - Insurance. Feature is maternity cover insurance. Insurance type is maternity.
166,WEALTH,All,Securing The Future|Term Insurance,How do I buy term insurance?,Get term insurance to financially secure your family in case of unforeseen events.,BUY_TERM_INSURANCE,,Redirection ,,,,,/insuranceDashboard,,liability|asset|creditcard,RI,True,,,,,,False,Securing The Future - Insurance,,,,,buy_securing_future_insurance,"{""action"": ""buy"", ""feature"": ""securing_future_insurance"", ""insurance_type"": ""term"", ""product"": ""insurance""}",Securing The Future|Term Insurance|How do I buy term insurance?|Securing The Future - Insurance,Use for Securing The Future - Insurance. Feature is securing future insurance. Insurance type is term.
167,WEALTH,All,Sum Insured,How do I check sum insured in my policy?,View the total sum insured under your insurance policy to understand your coverage.,VIEW_SUM_INSURED,,Redirection ,,,,,/insuranceDashboard,,liability|asset|creditcard,RI,True,,,,,,False,Sum Insured - Insurance,,,,,view_sum_insured_insurance,"{""action"": ""view"", ""feature"": ""sum_insured_insurance"", ""product"": ""insurance""}",Sum Insured|How do I check sum insured in my policy?|Sum Insured - Insurance,Use for Sum Insured - Insurance. Feature is sum insured insurance.
168,WEALTH,All,Buy Private Car Insurance,How do I buy private car insurance?,Purchase private car insurance to protect your vehicle against damages and liabilities.,BUY_CAR_INSURANCE,,Redirection ,,,,,/insuranceDashboard,,liability|asset|creditcard,RI,True,,,,,,False,Buy Private Car Insurance,,,,,buy_private_car_insurance,"{""action"": ""buy"", ""feature"": ""private_car_insurance"", ""insurance_type"": ""car"", ""product"": ""insurance""}",Buy Private Car Insurance|How do I buy private car insurance?,Use for Buy Private Car Insurance. Feature is private car insurance. Insurance type is car.
169,WEALTH,All,Buy Unit Link Insurance Plan|Unit Plan|Unit Link|Unit Link Insurance,How do I buy a unit linked insurance plan?,Invest in ULIPs to combine insurance coverage with investment opportunities for long-term goals.,BUY_ULIP,,Redirection ,,,,,/insuranceDashboard,,liability|asset|creditcard,RI,True,,,,,,False,Buy Unit Link Insurance Plan,,,,,buy_unit_link_insurance,"{""action"": ""buy"", ""feature"": ""unit_link_insurance"", ""insurance_type"": ""ulip"", ""product"": ""insurance""}",Buy Unit Link Insurance Plan|Unit Plan|Unit Link|Unit Link Insurance|How do I buy a unit linked insurance plan?,Use for Buy Unit Link Insurance Plan. Feature is unit link insurance. Insurance type is ulip.
170,CC,All,Insta Cash on CC|Instant Cash on Credit Card|CC Instant Cash|How do I get Instant Cash on CC ?|Quick Cash|How do I get CC Instant Cash ?,How do I get instant cash on my credit card?,Access instant cash on your credit card quickly to meet urgent financial needs.,CC_INSTANT_CASH,,Redirection ,,,,,/ApplyLoanOnCard,,creditcard,RI,True,,,,,,False,Insta Cash on CC,,,,,view_insta_cash_on_cc,"{""action"": ""view"", ""card_type"": ""credit_card"", ""feature"": ""insta_cash_on_cc"", ""product"": ""credit_card""}",Insta Cash on CC|Instant Cash on Credit Card|CC Instant Cash|How do I get Instant Cash on CC ?|Quick Cash|How do I get CC Instant Cash ?|How do I get instant cash on my credit card?,Use for Insta Cash on CC. Feature is insta cash on cc. Card type is credit card.
171,CC,All,Features and benefits|Features and benefits on Credit Card|What are features and benefits on Credit Card?,What are the features and benefits of my credit card?,"Explore all features, rewards, and benefits available on your credit card.",VIEW_CC_FEATURES,,Redirection ,,,,,/cards,,liability|asset|creditcard,RI,True,,,,,,False,Card Features and Benefits,,,,,view_card_features_and_benefits,"{""action"": ""view"", ""benefit_type"": ""reward_points"", ""card_type"": ""credit_card"", ""feature"": ""card_features_and_benefits"", ""product"": ""credit_card""}",Features and benefits|Features and benefits on Credit Card|What are features and benefits on Credit Card?|What are the features and benefits of my credit card?|Card Features and Benefits,Use for Card Features and Benefits. Feature is card features and benefits. Card type is credit card.
172,CC,All,Recurring transactions|Manage Card recurring transactions,How do I manage credit card recurring transactions?,"Manage, enable, or disable recurring transactions linked to your credit card.",MANAGE_CC_RECURRING,,Redirection ,,,,,/cards,,liability|asset|creditcard,RI,True,,,,,,False,Recurring Tansactions,,,,,manage_recurring_tansactions,"{""action"": ""manage"", ""card_type"": ""credit_card"", ""feature"": ""recurring_tansactions"", ""product"": ""credit_card""}",Recurring transactions|Manage Card recurring transactions|How do I manage credit card recurring transactions?|Recurring Tansactions,Use for Recurring Tansactions. Feature is recurring tansactions. Card type is credit card.
173,WEALTH,All,cautious|safe investment,How do I invest as a cautious investor?,Explore low-risk investment options suitable for cautious investors focused on capital protection.,CAUTIOUS_INVESTOR,,Redirection ,,,,,/riskprofile,,liability|asset|creditcard,RI,True,,,,,,False,Cautious Investor,,,,,invest_cautious_investor,"{""action"": ""invest"", ""feature"": ""cautious_investor"", ""product"": ""investment""}",cautious|safe investment|How do I invest as a cautious investor?|Cautious Investor,Use for Cautious Investor. Feature is cautious investor.
174,WEALTH,All,blue chip|large cap,How do I invest in blue chip companies?,Invest in large cap or blue chip companies known for stability and consistent performance.,INVEST_BLUE_CHIP,,Redirection ,,,,,/investments,,liability|asset|creditcard,RI,True,,,,,,False,Invest in Blue Chip Companies,,,,,invest_blue_chip_companies,"{""action"": ""invest"", ""feature"": ""blue_chip_companies"", ""product"": ""banking_service""}",blue chip|large cap|How do I invest in blue chip companies?|Invest in Blue Chip Companies,Use for Invest in Blue Chip Companies. Feature is blue chip companies.
175,WEALTH,All,corporate bonds|corporate|bonds,How do I invest in corporate bonds?,Invest in corporate bonds to earn stable returns through fixed income instruments.,INVEST_CORPORATE_BONDS,,Redirection ,,,,,/investments,,liability|asset|creditcard,RI,True,,,,,,False,Invest in Corporate Bonds,,,,,invest_corporate_bonds,"{""action"": ""invest"", ""feature"": ""corporate_bonds"", ""fund_category"": ""bond"", ""product"": ""banking_service""}",corporate bonds|corporate|bonds|How do I invest in corporate bonds?|Invest in Corporate Bonds,Use for Invest in Corporate Bonds. Feature is corporate bonds. Fund category is bond.
176,WEALTH,All,international|invest in internamtion MF,How do I invest in international mutual funds?,Invest in international mutual funds to diversify your portfolio across global markets.,INVEST_INTERNATIONAL_MF,,Redirection ,,,,,/investinmf,,liability|asset|creditcard,RI,True,,,,,,False,Invest in International MF,,,,,invest_international_mf,"{""action"": ""invest"", ""feature"": ""international_mf"", ""product"": ""mutual_fund"", ""usage_scope"": ""international""}",international|invest in internamtion MF|How do I invest in international mutual funds?|Invest in International MF,Use for Invest in International MF. Feature is international mf.
177,WEALTH,All,pharma|health|MF|SIPs,How do I invest in pharma or healthcare funds?,Invest in sectoral funds focused on pharma and healthcare industries for targeted exposure.,INVEST_PHARMA_FUNDS,,Redirection ,,,,,/investinmf,,liability|asset|creditcard,RI,True,,,,,,False,Invest in Pharma/Health Sector,,,,,invest_pharma_health_sector,"{""action"": ""invest"", ""feature"": ""pharma_health_sector"", ""insurance_type"": ""health"", ""product"": ""mutual_fund""}",pharma|health|MF|SIPs|How do I invest in pharma or healthcare funds?|Invest in Pharma/Health Sector,Use for Invest in Pharma/Health Sector. Feature is pharma health sector. Insurance type is health.
178,WEALTH,All,index funds|MF|SIPs,How do I invest in index funds?,Invest in index funds that track market indices and offer low-cost diversified exposure.,INVEST_INDEX_FUNDS,,Redirection ,,,,,/investinmf,,liability|asset|creditcard,RI,True,,,,,,False,Invest in Index Funds,,,,,invest_index_funds,"{""action"": ""invest"", ""feature"": ""index_funds"", ""product"": ""mutual_fund""}",index funds|MF|SIPs|How do I invest in index funds?|Invest in Index Funds,Use for Invest in Index Funds. Feature is index funds.
179,RAS,All,RD Calculator|FD Calculator,How do I use the FD calculator?,"Use the FD calculator to estimate returns based on tenure, interest rate, and deposit amount.",FD_CALCULATOR,,Redirection ,,,,,/createfd,,liability|asset|creditcard,RI,True,,,,,,False,FD Calculator,,,,,view_fd_calculator,"{""action"": ""view"", ""deposit_type"": ""fixed_deposit"", ""feature"": ""fd_calculator"", ""product"": ""fixed_deposit""}",RD Calculator|FD Calculator|How do I use the FD calculator?,Use for FD Calculator. Feature is fd calculator. Deposit type is fixed deposit.
180,FX,All,International payments|How to do international payments,How do I make international payments?,Make international payments securely using supported transfer methods and track them easily.,INTERNATIONAL_PAYMENTS,,Redirection ,,,,,/payabroad,,liability,RI,True,,,,,,False,International payments,,,,,track_international_payments,"{""action"": ""track"", ""feature"": ""international_payments"", ""product"": ""banking_service"", ""usage_scope"": ""international""}",International payments|How to do international payments|How do I make international payments?,Use for International payments. Feature is international payments.
181,FX,All,SWIFT payment|How to pay via SWIFT,How do I pay via SWIFT?,Transfer funds internationally using SWIFT with secure and reliable processing.,SWIFT_PAYMENT,,Redirection ,,,,,/payabroad,,liability,RI,True,,,,,,False,Swift Payments,,,,,pay_swift_payments,"{""action"": ""pay"", ""feature"": ""swift_payments"", ""product"": ""banking_service"", ""usage_scope"": ""international""}",SWIFT payment|How to pay via SWIFT|How do I pay via SWIFT?|Swift Payments,Use for Swift Payments. Feature is swift payments.
182,FX,All,AED|United Arab Emirates Dirham|UAE|How to pay in United Arab Emirates Dirham,How do I pay in AED?,Make payments in UAE Dirham (AED) easily for international transactions.,PAY_IN_AED,,Redirection ,,,,,/payabroad,,liability,RI,True,,,,,,False,Pay in United Arab Emirates Dirham,,,,,pay_united_arab_emirates_dirham,"{""action"": ""pay"", ""feature"": ""united_arab_emirates_dirham"", ""product"": ""banking_service"", ""usage_scope"": ""international""}",AED|United Arab Emirates Dirham|UAE|How to pay in United Arab Emirates Dirham|How do I pay in AED?|Pay in United Arab Emirates Dirham,Use for Pay in United Arab Emirates Dirham. Feature is united arab emirates dirham.
183,RAS,All,Cardless|Cardless withdrawal|How do I  use  for contactless transactions,How do I enable contactless transactions?,Enable contactless transactions to make quick and secure payments without inserting your card.,ENABLE_CONTACTLESS,,Redirection ,,,,,/cards,,liability,RI,True,,,,,,False,Enable Contactless Transaction,,,,,enable_contactless_transaction,"{""action"": ""enable"", ""feature"": ""contactless_transaction"", ""product"": ""banking_service""}",Cardless|Cardless withdrawal|How do I use for contactless transactions|How do I enable contactless transactions?|Enable Contactless Transaction,Use for Enable Contactless Transaction. Feature is contactless transaction.
184,RAS,All,Tap and Pay|Tap|Tap to pay|How do I enable tap and pay,How do I enable tap and pay?,Activate tap and pay feature to make fast and secure contactless payments.,ENABLE_TAP_PAY,,Redirection ,,,,,/cards,,liability,RI,True,,,,,,False,Enable Tap And Pay,,,,,enable_tap_and,"{""action"": ""enable"", ""feature"": ""tap_and"", ""product"": ""banking_service""}",Tap and Pay|Tap|Tap to pay|How do I enable tap and pay|How do I enable tap and pay?|Enable Tap And Pay,Use for Enable Tap And Pay. Feature is tap and.
185,PFM,All,Money Manager|Manage Money|Manage Funds|Manage Expenses|Expense Management|Money In|Money Out,How do I manage my expenses and money?,"Use money manager tools to track expenses, manage income, and gain insights into your finances.",MONEY_MANAGER,,Redirection ,,,,,/pay/myfinances,,liability,RI,True,,,,,,False,Money Manager,,,,,track_money_manager,"{""action"": ""track"", ""feature"": ""money_manager"", ""product"": ""banking_service""}",Money Manager|Manage Money|Manage Funds|Manage Expenses|Expense Management|Money In|Money Out|How do I manage my expenses and money?,Use for Money Manager. Feature is money manager.
186,WEALTH,All,Invest in Axis - MF|Axis,How do I invest in Axis mutual funds?,Explore and invest in Axis mutual funds across various categories based on your investment goals.,INVEST_AXIS_MF,,Redirection ,,,,,/investinmf,,liability,RI,True,,,,,,False,Invest in Axis - MF,,,,,invest_axis_mf,"{""action"": ""invest"", ""feature"": ""axis_mf"", ""product"": ""mutual_fund""}",Invest in Axis - MF|Axis|How do I invest in Axis mutual funds?,Use for Invest in Axis - MF. Feature is axis mf.
187,WEALTH,All,Invest in Nippon - MF|Nippon,How do I invest in Nippon mutual funds?,Choose and invest in Nippon mutual funds to grow your investments across different asset classes.,INVEST_NIPPON_MF,,Redirection ,,,,,/investinmf,,liability,RI,True,,,,,,False,Invest in Nippon - MF,,,,,invest_nippon_mf,"{""action"": ""invest"", ""feature"": ""nippon_mf"", ""product"": ""mutual_fund""}",Invest in Nippon - MF|Nippon|How do I invest in Nippon mutual funds?,Use for Invest in Nippon - MF. Feature is nippon mf.
188,WEALTH,All,Invest in Large Cap Funds|Small Cap|Mid Cap|Large Cap|Flexi Cap|Quant Funds|Qaunt Funds,How do I invest in large cap mutual funds?,Invest in large cap mutual funds that focus on well-established companies with stable growth.,INVEST_LARGE_CAP_MF,,Redirection ,,,,,/investinmf,,liability,RI,True,,,,,,False,Invest in Large Cap Mutual Funds,,,,,invest_large_cap_mutual_funds,"{""action"": ""invest"", ""feature"": ""large_cap_mutual_funds"", ""product"": ""mutual_fund""}",Invest in Large Cap Funds|Small Cap|Mid Cap|Large Cap|Flexi Cap|Quant Funds|Qaunt Funds|How do I invest in large cap mutual funds?|Invest in Large Cap Mutual Funds,Use for Invest in Large Cap Mutual Funds. Feature is large cap mutual funds.
189,WEALTH,All,Mirae MF|Invest in Mirae MF,How do I invest in Mirae mutual funds?,Explore and invest in Mirae mutual funds to diversify your portfolio with global and domestic exposure.,INVEST_MIRAE_MF,,Redirection ,,,,,/investinmf,,liability,RI,True,,,,,,False,Invest in Mirae MF,,,,,invest_mirae_mf,"{""action"": ""invest"", ""feature"": ""mirae_mf"", ""product"": ""mutual_fund"", ""usage_scope"": ""domestic""}",Mirae MF|Invest in Mirae MF|How do I invest in Mirae mutual funds?,Use for Invest in Mirae MF. Feature is mirae mf.
190,WEALTH,All,Invesco MF|Invest in Invesco MF,How do I invest in Invesco mutual funds?,Invest in Invesco mutual funds to access diversified and professionally managed portfolios.,INVEST_INVESCO_MF,,Redirection ,,,,,/investinmf,,liability,RI,True,,,,,,False,Invest in Invesco MF,,,,,invest_invesco_mf,"{""action"": ""invest"", ""feature"": ""invesco_mf"", ""product"": ""mutual_fund""}",Invesco MF|Invest in Invesco MF|How do I invest in Invesco mutual funds?,Use for Invest in Invesco MF. Feature is invesco mf.
191,WEALTH,All,PGIM India MF|Invest in PGIM India MF,How do I invest in PGIM India mutual funds?,Explore PGIM India mutual funds and invest in schemes aligned with your financial goals.,INVEST_PGIM_MF,,Redirection ,,,,,/investinmf,,liability,RI,True,,,,,,False,Invest in PGIM India MF,,,,,invest_pgim_india_mf,"{""action"": ""invest"", ""feature"": ""pgim_india_mf"", ""product"": ""mutual_fund""}",PGIM India MF|Invest in PGIM India MF|How do I invest in PGIM India mutual funds?,Use for Invest in PGIM India MF. Feature is pgim india mf.
192,WEALTH,All,Bandhan MF|Invest in Bandhan MF,How do I invest in Bandhan mutual funds?,Invest in Bandhan mutual funds to build a diversified investment portfolio.,INVEST_BANDHAN_MF,,Redirection ,,,,,/investinmf,,liability,RI,True,,,,,,False,Invest in Bandhan MF,,,,,invest_bandhan_mf,"{""action"": ""invest"", ""feature"": ""bandhan_mf"", ""product"": ""mutual_fund""}",Bandhan MF|Invest in Bandhan MF|How do I invest in Bandhan mutual funds?,Use for Invest in Bandhan MF. Feature is bandhan mf.
193,WEALTH,All,DSP MF|Invest in DSP MF,How do I invest in DSP mutual funds?,"Choose DSP mutual funds to invest in equity, debt, or hybrid schemes based on your goals.",INVEST_DSP_MF,,Redirection ,,,,,/investinmf,,liability,RI,True,,,,,,False,Invest in DSP MF,,,,,invest_dsp_mf,"{""action"": ""invest"", ""feature"": ""dsp_mf"", ""product"": ""mutual_fund""}",DSP MF|Invest in DSP MF|How do I invest in DSP mutual funds?,Use for Invest in DSP MF. Feature is dsp mf.
194,WEALTH,All,Edelweiss MF|Invest in Edelweiss MF,How do I invest in Edelweiss mutual funds?,Invest in Edelweiss mutual funds and explore a variety of investment opportunities.,INVEST_EDELWEISS_MF,,Redirection ,,,,,/investinmf,,liability,RI,True,,,,,,False,Invest in Edelweiss MF,,,,,invest_edelweiss_mf,"{""action"": ""invest"", ""feature"": ""edelweiss_mf"", ""product"": ""mutual_fund""}",Edelweiss MF|Invest in Edelweiss MF|How do I invest in Edelweiss mutual funds?,Use for Invest in Edelweiss MF. Feature is edelweiss mf.
195,WEALTH,All,Kotak MF|Invest in Kotak MF,How do I invest in Kotak mutual funds?,"Invest in Kotak mutual funds across equity, debt, and hybrid categories.",INVEST_KOTAK_MF,,Redirection ,,,,,/investinmf,,liability,RI,True,,,,,,False,Invest in Kotak MF,,,,,invest_kotak_mf,"{""action"": ""invest"", ""feature"": ""kotak_mf"", ""product"": ""mutual_fund""}",Kotak MF|Invest in Kotak MF|How do I invest in Kotak mutual funds?,Use for Invest in Kotak MF. Feature is kotak mf.
196,WEALTH,All,360 ONE MF|Invest in 360 ONE MF,How do I invest in 360 ONE mutual funds?,Explore and invest in 360 ONE mutual funds tailored to your investment needs.,INVEST_360ONE_MF,,Redirection ,,,,,/investinmf,,liability,RI,True,,,,,,False,Invest in 360 ONE MF,,,,,invest_360_one_mf,"{""action"": ""invest"", ""feature"": ""360_one_mf"", ""product"": ""mutual_fund""}",360 ONE MF|Invest in 360 ONE MF|How do I invest in 360 ONE mutual funds?,Use for Invest in 360 ONE MF. Feature is 360 one mf.
197,WEALTH,All,Helios MF|Invest in Helios MF,How do I invest in Helios mutual funds?,Invest in Helios mutual funds to access specialized investment strategies.,INVEST_HELIOS_MF,,Redirection ,,,,,/investinmf,,liability,RI,True,,,,,,False,Invest in Helios MF,,,,,invest_helios_mf,"{""action"": ""invest"", ""feature"": ""helios_mf"", ""product"": ""mutual_fund""}",Helios MF|Invest in Helios MF|How do I invest in Helios mutual funds?,Use for Invest in Helios MF. Feature is helios mf.
198,WEALTH,All,ITI MF|Invest in ITI MF,How do I invest in ITI mutual funds?,Invest in ITI mutual funds and diversify your portfolio across multiple asset classes.,INVEST_ITI_MF,,Redirection ,,,,,/investinmf,,liability,RI,True,,,,,,False,Invest in ITI MF,,,,,invest_iti_mf,"{""action"": ""invest"", ""feature"": ""iti_mf"", ""product"": ""mutual_fund""}",ITI MF|Invest in ITI MF|How do I invest in ITI mutual funds?,Use for Invest in ITI MF. Feature is iti mf.
199,WEALTH,All,JM Finanicals MF|Invest in JM Finanicals MF,How do I invest in JM Financial mutual funds?,Explore JM Financial mutual funds and invest in schemes aligned with your goals.,INVEST_JM_FINANCIAL_MF,,Redirection ,,,,,/investinmf,,liability,RI,True,,,,,,False,Invest in JM Finanicals MF,,,,,invest_jm_finanicals_mf,"{""action"": ""invest"", ""feature"": ""jm_finanicals_mf"", ""product"": ""mutual_fund""}",JM Finanicals MF|Invest in JM Finanicals MF|How do I invest in JM Financial mutual funds?,Use for Invest in JM Finanicals MF. Feature is jm finanicals mf.
200,WEALTH,All,Navi MF|Invest in Navi MF,How do I invest in Navi mutual funds?,Invest in Navi mutual funds offering simple and cost-effective investment options.,INVEST_NAVI_MF,,Redirection ,,,,,/investinmf,,liability,RI,True,,,,,,False,Invest in Navi MF,,,,,invest_navi_mf,"{""action"": ""invest"", ""feature"": ""navi_mf"", ""product"": ""mutual_fund""}",Navi MF|Invest in Navi MF|How do I invest in Navi mutual funds?,Use for Invest in Navi MF. Feature is navi mf.
201,WEALTH,All,Old Bridge MF|Invest in Old Bridge MF,How do I invest in Old Bridge mutual funds?,Invest in Old Bridge mutual funds and explore niche investment strategies.,INVEST_OLD_BRIDGE_MF,,Redirection ,,,,,/investinmf,,liability,RI,True,,,,,,False,Invest in Old Bridge MF,,,,,invest_old_bridge_mf,"{""action"": ""invest"", ""feature"": ""old_bridge_mf"", ""product"": ""mutual_fund""}",Old Bridge MF|Invest in Old Bridge MF|How do I invest in Old Bridge mutual funds?,Use for Invest in Old Bridge MF. Feature is old bridge mf.
202,WEALTH,All,Parag Parikh MF|Invest in Parag Parikh MF,How do I invest in Parag Parikh mutual funds?,Invest in Parag Parikh mutual funds known for value-oriented investment strategies.,INVEST_PARAG_PARIKH_MF,,Redirection ,,,,,/investinmf,,liability,RI,True,,,,,,False,Invest in Parag Parikh MF,,,,,invest_parag_parikh_mf,"{""action"": ""invest"", ""feature"": ""parag_parikh_mf"", ""product"": ""mutual_fund""}",Parag Parikh MF|Invest in Parag Parikh MF|How do I invest in Parag Parikh mutual funds?,Use for Invest in Parag Parikh MF. Feature is parag parikh mf.
203,WEALTH,All,Samco MF|Invest in Samco MF,How do I invest in Samco mutual funds?,Explore and invest in Samco mutual funds to build a diversified investment portfolio.,INVEST_SAMCO_MF,,Redirection ,,,,,/investinmf,,liability,RI,True,,,,,,False,Invest in Samco MF,,,,,invest_samco_mf,"{""action"": ""invest"", ""feature"": ""samco_mf"", ""product"": ""mutual_fund""}",Samco MF|Invest in Samco MF|How do I invest in Samco mutual funds?,Use for Invest in Samco MF. Feature is samco mf.
204,WEALTH,All,Sundaram MF|Invest in Sundaram MF,How do I invest in Sundaram mutual funds?,Explore and invest in Sundaram mutual funds across various categories based on your financial goals.,INVEST_SUNDARAM_MF,,Redirection ,,,,,/investinmf,,liability,RI,True,,,,,,False,Invest in Sundaram MF,,,,,invest_sundaram_mf,"{""action"": ""invest"", ""feature"": ""sundaram_mf"", ""product"": ""mutual_fund""}",Sundaram MF|Invest in Sundaram MF|How do I invest in Sundaram mutual funds?,Use for Invest in Sundaram MF. Feature is sundaram mf.
205,WEALTH,All,Whiteoak MF|Invest in Whiteoak MF,How do I invest in WhiteOak mutual funds?,Invest in WhiteOak mutual funds to diversify your portfolio with professionally managed schemes.,INVEST_WHITEOAK_MF,,Redirection ,,,,,/investinmf,,liability,RI,True,,,,,,False,Invest in Whiteoak MF,,,,,invest_whiteoak_mf,"{""action"": ""invest"", ""feature"": ""whiteoak_mf"", ""product"": ""mutual_fund""}",Whiteoak MF|Invest in Whiteoak MF|How do I invest in WhiteOak mutual funds?,Use for Invest in Whiteoak MF. Feature is whiteoak mf.
206,CX,All,NOC for closed loans|Vehicle loan NOC|Loan closure certificate|Obtain NOC for 2/4 wheeler loan|Loan NOC request|Loan discharge certificate|Loan settlement certificate|Loan release certificate|Closed loan NOC|Loan completion certificate,How do I get NOC for my 2/4 wheeler loan?,Download your loan NOC after closure to confirm that all dues are cleared and the loan is fully settled.,VEHICLE_LOAN_NOC,,Redirection ,,,,,/servicerequests/dashboard,,liability|asset|creditcard,RI,True,,,,,,False,NOC for 2/4 Wheeler Loans,,,,,download_noc_2_4_wheeler_loans,"{""action"": ""download"", ""document_type"": ""certificate"", ""feature"": ""noc_2_4_wheeler_loans"", ""loan_type"": ""loan"", ""product"": ""loan""}",NOC for closed loans|Vehicle loan NOC|Loan closure certificate|Obtain NOC for 2/4 wheeler loan|Loan NOC request|Loan discharge certificate|Loan settlement certificate|Loan release certificate|Closed loan NOC|Loan completion certificate|How do I get NOC for my 2/4 wheeler loan?|NOC for 2/4 Wheeler Loans,Use for NOC for 2/4 Wheeler Loans. Feature is noc 2 4 wheeler loans. Loan type is loan. Document requested is certificate.
207,PAYMENTS,All,Send Money|Fund transfer|Schedule payment|Pay Money|Bank Transfer|How do I send money to someone|How do I use UPI|How do I pay via IMPS|How do I manage recurring payments|How do I do Bank transfer,How do I transfer money to someone?,"Send money using UPI, IMPS, NEFT, RTGS, or SWIFT with options for scheduling and recurring payments.",BANK_TRANSFER,,Redirection ,,,,,/bankTransfer,,BIB|liability,RI,True,,,,,,False,Bank Transfer,,,,,transfer_bank,"{""action"": ""transfer"", ""feature"": ""bank"", ""payment_type"": ""fund_transfer"", ""product"": ""upi""}",Send Money|Fund transfer|Schedule payment|Pay Money|Bank Transfer|How do I send money to someone|How do I use UPI|How do I pay via IMPS|How do I manage recurring payments|How do I do Bank transfer|How do I transfer money to someone?,Use for Bank Transfer. Feature is bank. Payment rail or bill type is fund transfer.
208,FIN,All,IDFC FIRST Academy|First Academy|Financial Academy|Financial Literacy|Financial Courses|Online Financial Courses|Banking and Finance Courses|Financial Education|Financial Knowledge|IDFC Learning,How do I access IDFC FIRST Academy?,"Access financial education content, courses, and learning resources through IDFC FIRST Academy.",VIEW_FIRST_ACADEMY,,Redirection ,,,,,/financialLiteracyScreen,,liability|asset|creditcard,RI,True,,,,,,False,IDFC FIRST Academy,,,,,view_idfc_first_academy,"{""action"": ""view"", ""feature"": ""idfc_first_academy"", ""product"": ""banking_service""}",IDFC FIRST Academy|First Academy|Financial Academy|Financial Literacy|Financial Courses|Online Financial Courses|Banking and Finance Courses|Financial Education|Financial Knowledge|IDFC Learning|How do I access IDFC FIRST Academy?,Use for IDFC FIRST Academy. Feature is idfc first academy.
209,ALL,All,Do not disturb|DND,How do I enable Do Not Disturb?,Enable Do Not Disturb to manage promotional communication preferences easily.,ENABLE_DND,,Redirection ,,,,,https://www.idfcfirstbank.com/dnd,,liability|asset|creditcard,RI,True,,,,,,False,Do Not Disturb,,,,,enable_not_disturb,"{""action"": ""enable"", ""feature"": ""not_disturb"", ""product"": ""banking_service""}",Do not disturb|DND|How do I enable Do Not Disturb?,Use for Do Not Disturb. Feature is not disturb.
210,ALL,All,Privacy Policy,How do I view the privacy policy?,View the privacy policy to understand how your data is collected and used.,VIEW_PRIVACY_POLICY,,Redirection ,,,,,https://www.idfcfirstbank.com/privacy-policy,,liability|asset|creditcard,RI,True,,,,,,False,Privacy Policy,,,,,view_privacy_policy,"{""action"": ""view"", ""feature"": ""privacy_policy"", ""product"": ""banking_service""}",Privacy Policy|How do I view the privacy policy?,Use for Privacy Policy. Feature is privacy policy.
211,ALL,All,Opt out of marketing communications,How do I opt out of marketing communications?,Opt out of promotional and marketing messages as per your preference.,OPT_OUT_MARKETING,,Redirection ,,,,,https://www.idfcfirstbank.com/dnd,,liability|asset|creditcard,RI,True,,,,,,False,Opt out of marketing communications,,,,,view_marketing_communications,"{""action"": ""view"", ""feature"": ""marketing_communications"", ""product"": ""banking_service"", ""request_type"": ""marketing_opt_out"", ""service_type"": ""marketing_opt_out""}",Opt out of marketing communications|How do I opt out of marketing communications?,Use for Opt out of marketing communications. Feature is marketing communications. Service type is marketing opt out.
212,WEALTH,All,start SIP|How to start an SIP,How do I start a SIP?,Start a Systematic Investment Plan (SIP) to invest regularly and build wealth over time.,START_SIP,,Redirection ,,,,,/diymf,,liability,RI,True,,,,,,False,Buy SIP,,,,,invest_sip_start_sip,"{""action"": ""invest"", ""feature"": ""sip"", ""investment_mode"": ""sip"", ""product"": ""sip""}",start SIP|How to start an SIP|How do I start a SIP?|Buy SIP,Use for Buy SIP. Feature is sip. Investment mode is sip.
213,FX,All,Remit first to india|Remit first 2 india|Remit|Send money to india|Digital Inward Remittance|Transfer to India|Pay to India|Funds Transfer to India|Remit to India|Remit FIRST,How do I send money to India?,Transfer funds to India easily using digital remittance services with secure and fast processing.,REMIT_TO_INDIA,,Redirection ,,,,,/remitfirsttoindia,,liability,RI,True,,,,,,False,Remit First To India,,,,,pay_remit_first_india,"{""action"": ""pay"", ""feature"": ""remit_first_india"", ""product"": ""banking_service""}",Remit first to india|Remit first 2 india|Remit|Send money to india|Digital Inward Remittance|Transfer to India|Pay to India|Funds Transfer to India|Remit to India|Remit FIRST|How do I send money to India?,Use for Remit First To India. Feature is remit first india.
214,FX,All,Passport Update|update passport details|change passport number|upload new passport|update passport for NRI|passport document update|update passport in app|passport renewal update|passport change request|update passport information,How do I update my passport details for NRI account?,Update your passport details for your NRI account to keep your KYC information current and compliant.,UPDATE_PASSPORT_NRI,,Redirection ,,,,,/profile,,liability,RI,True,,,,,,False,NRI - Passport Update,,,,,update_nri_passport,"{""action"": ""update"", ""feature"": ""nri_passport"", ""product"": ""account""}",Passport Update|update passport details|change passport number|upload new passport|update passport for NRI|passport document update|update passport in app|passport renewal update|passport change request|update passport information|How do I update my passport details for NRI account?|NRI - Passport Update,Use for NRI - Passport Update. Feature is nri passport.
215,LAS,All,loan against shares|loan against securities|loan against bonds|equity loan|debt fund loan|investment loan|loan on investments|loan against investments|loan against mutual fund|Mutual Fund,How do I take a loan against mutual funds?,Avail a loan against your mutual fund investments without redeeming them and access funds quickly.,LOAN_AGAINST_MF,,Redirection ,,,,,/lasHomeScreen,,liability,RI,True,,,,,,False,Loan against Mutual Funds,,,,,invest_loan_against_mutual_funds,"{""action"": ""invest"", ""feature"": ""loan_against_mutual_funds"", ""loan_type"": ""loan"", ""product"": ""mutual_fund""}",loan against shares|loan against securities|loan against bonds|equity loan|debt fund loan|investment loan|loan on investments|loan against investments|loan against mutual fund|Mutual Fund|How do I take a loan against mutual funds?|Loan against Mutual Funds,Use for Loan against Mutual Funds. Feature is loan against mutual funds. Loan type is loan.
216,CC,All,upgrade|CC upgrade|credit card upgrade,How do I upgrade my credit card?,"Upgrade your existing credit card to access better benefits, higher limits, and premium features.",UPGRADE_CREDIT_CARD,,Redirection ,,,,,/UpgradeCreditCard,,creditcard,RI,True,,,,,,False,Upgrade Credit Card,,,,,view_upgrade_credit_card,"{""action"": ""view"", ""card_type"": ""credit_card"", ""feature"": ""upgrade_credit_card"", ""product"": ""credit_card""}",upgrade|CC upgrade|credit card upgrade|How do I upgrade my credit card?|Upgrade Credit Card,Use for Upgrade Credit Card. Feature is upgrade credit card. Card type is credit card.
217,CX,All,Change Bank Details|Change EMI Details|Change Mandate|SWAP Mandate|Change Bank|EMI Bank change|EMI Bank update|EMI Account change|Auto Debit|Account change,How do I change my EMI bank details?,Update your bank account or mandate linked to EMI payments for seamless auto-debit processing.,CHANGE_EMI_BANK_DETAILS,,Redirection ,,,,,/servicerequests/dashboard,,liability,RI,True,,,,,,False,Change Bank Details,,,,,update_bank_details,"{""action"": ""update"", ""feature"": ""bank_details"", ""product"": ""account""}",Change Bank Details|Change EMI Details|Change Mandate|SWAP Mandate|Change Bank|EMI Bank change|EMI Bank update|EMI Account change|Auto Debit|Account change|How do I change my EMI bank details?,Use for Change Bank Details. Feature is bank details.
218,RAS,All,Positive pay|Enable Positive pay|Cheque safeguarding|Manage Chequebook|Manage Cheque,How do I manage my chequebook?,"Manage your chequebook, track issued cheques, and enable safeguards like positive pay.",MANAGE_CHEQUEBOOK,,Redirection ,,,,,/more/echequebooks,,liability|asset|creditcard,RI,True,,,,,,False,Manage Chequebooks,,,,,manage_chequebooks,"{""action"": ""manage"", ""feature"": ""chequebooks"", ""product"": ""cheque_book""}",Positive pay|Enable Positive pay|Cheque safeguarding|Manage Chequebook|Manage Cheque|How do I manage my chequebook?|Manage Chequebooks,Use for Manage Chequebooks. Feature is chequebooks.
219,RAS,All,Apply for 121|TDS exemption|Apply for TDS exemption|121|Income tax|Deposit exemption|Apply for exemption|submit 15G|Submit 15H|How do I acsess my Form 15 G/H,How do I submit Form 15G/15H for TDS exemption?,Submit Form 15G/15H to claim TDS exemption on eligible deposits and income.,SUBMIT_FORM_15G_15H,,Redirection ,,,,,/Form121Screen/Form 121,,liability|asset|creditcard,RI,True,,,,,,False,Form 121,,,,,apply_form_121,"{""action"": ""apply"", ""feature"": ""form_121"", ""product"": ""banking_service""}",Apply for 121|TDS exemption|Apply for TDS exemption|121|Income tax|Deposit exemption|Apply for exemption|submit 15G|Submit 15H|How do I acsess my Form 15 G/H|How do I submit Form 15G/15H for TDS exemption?|Form 121,Use for Form 121. Feature is form 121.
220,RAS,All,Positive pay|Enable Positive pay|Cheque safeguarding|Manage Chequebook|Manage Cheque,How do I enable positive pay for cheques?,Enable positive pay to add an extra layer of security for cheque transactions.,ENABLE_POSITIVE_PAY,,Redirection ,,,,,/more/echequebooks,,liability|asset|creditcard,RI,True,,,,,,False,Positive Pay,,,,,enable_positive,"{""action"": ""enable"", ""feature"": ""positive"", ""product"": ""cheque_book""}",Positive pay|Enable Positive pay|Cheque safeguarding|Manage Chequebook|Manage Cheque|How do I enable positive pay for cheques?,Use for Positive Pay. Feature is positive.
221,BAS,All,Re-issue debit card|New debit card|Request debit card|Cancel card blocking|Replace lost debit card|Replace debit card|How to get a debit card re-issued|How to request a debit card|How to replace lost debit card|How to replace a debit card,How do I request a new debit card?,"Request a re-issue or replacement of your debit card in case of loss, damage, or expiry.",REISSUE_DEBIT_CARD,,Redirection ,,,,,/cards,,liability|asset|creditcard,RI,True,,,,,,False,Re-issue Debit Card,,,,,block_re_issue_debit_card,"{""action"": ""block"", ""card_type"": ""debit_card"", ""feature"": ""re_issue_debit_card"", ""product"": ""debit_card""}",Re-issue debit card|New debit card|Request debit card|Cancel card blocking|Replace lost debit card|Replace debit card|How to get a debit card re-issued|How to request a debit card|How to replace lost debit card|How to replace a debit card|How do I request a new debit card?,Use for Re-issue Debit Card. Feature is re issue debit card. Card type is debit card.
222,BAS,All,Fixed Deposits|My deposits|fixed deposit calculation|fixed deposit interest|80C fixed deposit|How to view my Fixed Deposits|How to open deposits|How to view my deposits|How to check fixed deposit amount|How to see FD list,How do I view my fixed deposits?,"View your fixed deposit list, interest details, maturity amount, and manage related actions easily.",VIEW_FD_LIST,,Redirection ,,,,,/deposits,,liability|asset|creditcard,RI,True,,,,,,False,Fixed Deposits List,,,,,view_fixed_deposits_list,"{""action"": ""view"", ""deposit_type"": ""fixed_deposit"", ""feature"": ""fixed_deposits_list"", ""product"": ""fixed_deposit""}",Fixed Deposits|My deposits|fixed deposit calculation|fixed deposit interest|80C fixed deposit|How to view my Fixed Deposits|How to open deposits|How to view my deposits|How to check fixed deposit amount|How to see FD list|How do I view my fixed deposits?|Fixed Deposits List,Use for Fixed Deposits List. Feature is fixed deposits list. Deposit type is fixed deposit.
223,CC,All,Forgot credit card PIN,How do I reset my credit card PIN?,Reset your credit card PIN securely to continue transactions without interruption.,RESET_CC_PIN,,Redirection ,,,,,/SetCardPin,,creditcard,RI,True,,,,,,False,Reset Credit Card Pin,,,,,set_reset_credit_card_pin,"{""action"": ""set"", ""card_type"": ""credit_card"", ""feature"": ""reset_credit_card_pin"", ""product"": ""credit_card""}",Forgot credit card PIN|How do I reset my credit card PIN?|Reset Credit Card Pin,Use for Reset Credit Card Pin. Feature is reset credit card pin. Card type is credit card.
224,CC,All,Credit card abroad|How do I enable my credit card for usage abroad?,How do I enable my credit card for international usage?,Enable your credit card for international transactions to use it abroad securely.,ENABLE_CC_INTERNATIONAL,,Redirection ,,,,,/ManageCreditCardLimit,,creditcard,RI,True,,,,,,False,Enable Credit Card Usage Abroad,,,,,enable_credit_card_usage_abroad,"{""action"": ""enable"", ""card_type"": ""credit_card"", ""feature"": ""credit_card_usage_abroad"", ""product"": ""credit_card"", ""usage_scope"": ""international""}",Credit card abroad|How do I enable my credit card for usage abroad?|How do I enable my credit card for international usage?|Enable Credit Card Usage Abroad,Use for Enable Credit Card Usage Abroad. Feature is credit card usage abroad. Card type is credit card.
225,CC,All,My card limits|How do I view and setup my credit card limits?,How do I manage my credit card limits?,View and update your credit card spending limits based on your preferences.,MANAGE_CC_LIMITS,,Redirection ,,,,,/ManageCreditCardLimit,,creditcard,RI,True,,,,,,False,Manage Credit Card Limits,,,,,manage_credit_card_limits,"{""action"": ""manage"", ""card_type"": ""credit_card"", ""feature"": ""credit_card_limits"", ""product"": ""credit_card""}",My card limits|How do I view and setup my credit card limits?|How do I manage my credit card limits?|Manage Credit Card Limits,Use for Manage Credit Card Limits. Feature is credit card limits. Card type is credit card.
226,CC,All,manage card,How do I manage my credit card?,"Access all credit card controls including limits, transactions, and settings in one place.",MANAGE_CREDIT_CARD,,Redirection ,,,,,/CreditCardDetails,,creditcard,RI,True,,,,,,False,Manage Your Credit Card,,,,,manage_credit_card,"{""action"": ""manage"", ""card_type"": ""credit_card"", ""feature"": ""credit_card"", ""product"": ""credit_card"", ""service_type"": ""settings_management""}",manage card|How do I manage my credit card?|Manage Your Credit Card,Use for Manage Your Credit Card. Feature is credit card. Service type is settings management. Card type is credit card.
227,CC,All,minimum amount due|Pay MAD|How do I view the minimum amount due for my credit card?|How do I pay the minimum amount due for my credit card?,How do I view or pay the minimum amount due?,Check and pay the minimum amount due on your credit card to keep your account in good standing.,PAY_MIN_AMOUNT_DUE,,Redirection ,,,,,/PayCreditCardBill,,creditcard,RI,True,,,,,,False,Pay Min. Amount Due - Credit Card,,,,,pay_min_amount_due_credit_card,"{""action"": ""pay"", ""card_type"": ""credit_card"", ""feature"": ""min_amount_due_credit_card"", ""product"": ""credit_card""}",minimum amount due|Pay MAD|How do I view the minimum amount due for my credit card?|How do I pay the minimum amount due for my credit card?|How do I view or pay the minimum amount due?|Pay Min. Amount Due - Credit Card,Use for Pay Min. Amount Due - Credit Card. Feature is min amount due credit card. Card type is credit card.
228,CC,All,Credit card transactions|CC transaction|How do I view details of my credit card transactions?,How do I view my credit card transactions?,View detailed transaction history for your credit card including recent and past spends.,VIEW_CC_TRANSACTIONS,,Redirection ,,,,,/SettledUnsettledTransactions,,creditcard,RI,True,,,,,,False,Credit Card Transactions,,,,,view_credit_card_transactions,"{""action"": ""view"", ""card_type"": ""credit_card"", ""feature"": ""credit_card_transactions"", ""product"": ""credit_card""}",Credit card transactions|CC transaction|How do I view details of my credit card transactions?|How do I view my credit card transactions?,Use for Credit Card Transactions. Feature is credit card transactions. Card type is credit card.
229,CC,All,Authorized but not settled|How do I view authorized but not settled transactions of my credit card?,How do I view authorized but not settled transactions?,Check transactions that are authorized but not yet settled on your credit card.,VIEW_AUTHORIZED_TRANSACTIONS,,Redirection ,,,,,/SettledUnsettledTransactions,,creditcard,RI,True,,,,,,False,Authorized Transactions - Credit Card,,,,,view_authorized_transactions_credit_card,"{""action"": ""view"", ""card_type"": ""credit_card"", ""feature"": ""authorized_transactions_credit_card"", ""product"": ""credit_card""}",Authorized but not settled|How do I view authorized but not settled transactions of my credit card?|How do I view authorized but not settled transactions?|Authorized Transactions - Credit Card,Use for Authorized Transactions - Credit Card. Feature is authorized transactions credit card. Card type is credit card.
230,CC,All,Settled transactions|How do I view settled transactions of my credit card?,How do I view settled transactions?,View transactions that have been successfully settled on your credit card.,VIEW_SETTLED_TRANSACTIONS,,Redirection ,,,,,/SettledUnsettledTransactions,,creditcard,RI,True,,,,,,False,Settled Transactions - Credit Card,,,,,view_settled_transactions_credit_card,"{""action"": ""view"", ""card_type"": ""credit_card"", ""feature"": ""settled_transactions_credit_card"", ""product"": ""credit_card""}",Settled transactions|How do I view settled transactions of my credit card?|How do I view settled transactions?|Settled Transactions - Credit Card,Use for Settled Transactions - Credit Card. Feature is settled transactions credit card. Card type is credit card.
231,CC,All,Unsettled transactions|How do I view unsettled transactions of my credit card?,How do I view unsettled transactions?,Check pending or unsettled transactions on your credit card.,VIEW_UNSETTLED_TRANSACTIONS,,Redirection ,,,,,/SettledUnsettledTransactions,,creditcard,RI,True,,,,,,False,Unsettled Transactions - Credit Card,,,,,view_unsettled_transactions_credit_card,"{""action"": ""view"", ""card_type"": ""credit_card"", ""feature"": ""unsettled_transactions_credit_card"", ""product"": ""credit_card""}",Unsettled transactions|How do I view unsettled transactions of my credit card?|How do I view unsettled transactions?|Unsettled Transactions - Credit Card,Use for Unsettled Transactions - Credit Card. Feature is unsettled transactions credit card. Card type is credit card.
232,CC,All,Permanent block|How do I block my credit card permanently and place a request for replacement,How do I permanently block my credit card?,Permanently block your credit card and request a replacement if required.,PERMANENT_BLOCK_CC,,Redirection ,,,,,/PermanentBlockCard,,creditcard,RI,True,,,,,,False,Permanently Block Credit Card,,,,,block_permanently_credit_card,"{""action"": ""block"", ""card_type"": ""credit_card"", ""feature"": ""permanently_credit_card"", ""product"": ""credit_card"", ""status"": ""permanent""}",Permanent block|How do I block my credit card permanently and place a request for replacement|How do I permanently block my credit card?|Permanently Block Credit Card,Use for Permanently Block Credit Card. Feature is permanently credit card. Card type is credit card. Block/status qualifier is permanent.
233,CC,All,EMI Cancel EMI,How do I cancel my credit card EMI?,Cancel an active EMI on your credit card as per applicable terms and conditions.,CANCEL_CC_EMI,,Redirection ,,,,,/CreditCardDetails,,creditcard,RI,True,,,,,,False,Apply For Credit Card Closure,,,,,apply_credit_card_closure,"{""action"": ""apply"", ""card_type"": ""credit_card"", ""feature"": ""credit_card_closure"", ""product"": ""credit_card""}",EMI Cancel EMI|How do I cancel my credit card EMI?|Apply For Credit Card Closure,Use for Apply For Credit Card Closure. Feature is credit card closure. Card type is credit card.
234,CC,All,Pay with credit card|How do I pay with credit card,How do I pay using my credit card?,"Make payments using your credit card for purchases, bills, and other transactions.",PAY_WITH_CC,,Redirection ,,,,,/CreditCardDetails,,creditcard,RI,True,,,,,,False,Pay With Credit Card,,,,,pay_with_credit_card,"{""action"": ""pay"", ""card_type"": ""credit_card"", ""feature"": ""with_credit_card"", ""product"": ""credit_card""}",Pay with credit card|How do I pay with credit card|How do I pay using my credit card?,Use for Pay With Credit Card. Feature is with credit card. Card type is credit card.
235,PAYMENTS,All,Recharge|Prepaid Mobile|DTH|FASTag|How to do recharge|How to pay for prepaid Mobile|How to pay for DTH|How to pay for FASTag,How do I recharge or pay bills?,"Recharge prepaid mobile, DTH, FASTag, and pay bills quickly through the app.",RECHARGES_BILLS,,Redirection ,,,,,/billerCategories,,liability|asset|creditcard,RI,True,,,,,,False,Recharges and Bills,,,,,pay_recharges_and_bills,"{""action"": ""pay"", ""feature"": ""recharges_and_bills"", ""product"": ""fastag""}",Recharge|Prepaid Mobile|DTH|FASTag|How to do recharge|How to pay for prepaid Mobile|How to pay for DTH|How to pay for FASTag|How do I recharge or pay bills?|Recharges and Bills,Use for Recharges and Bills. Feature is recharges and bills.
236,PAYMENTS,All,Approve UPI Payment|View Pending Request Money|How to see request money list|How to approve pending UPI requests|Approve,How do I approve a UPI payment request?,View and approve pending UPI collect requests securely from your app.,APPROVE_UPI_REQUEST,,Redirection ,,,,,/pay/requests,,liability,RI,True,,,,,,False,Approve UPI Payment,,,,,view_approve_upi_payment,"{""action"": ""view"", ""feature"": ""approve_upi_payment"", ""product"": ""upi""}",Approve UPI Payment|View Pending Request Money|How to see request money list|How to approve pending UPI requests|Approve|How do I approve a UPI payment request?,Use for Approve UPI Payment. Feature is approve upi payment.
237,PAYMENTS,All,Pay to UPI|How do I use UPI|UPI Pay|Pay using UPI|UPI Transfer|UPI Transactions|How to pay via upi payment|How to send money through UPI|How to do upi transfers|How to pay via UPI to mobile,How do I pay using UPI?,"Send money instantly using UPI via mobile number, VPA, or QR code.",PAY_TO_UPI,,Redirection ,,,,,/payToUpi,,liability,RI,True,,,,,,False,Pay To UPI,,,,,pay_upi,"{""action"": ""pay"", ""feature"": ""upi"", ""payment_type"": ""upi"", ""product"": ""upi""}",Pay to UPI|How do I use UPI|UPI Pay|Pay using UPI|UPI Transfer|UPI Transactions|How to pay via upi payment|How to send money through UPI|How to do upi transfers|How to pay via UPI to mobile|How do I pay using UPI?,Use for Pay To UPI. Feature is upi. Payment rail or bill type is upi.
238,PFM,All,Analysis|Summary|My finances|Spending|Expenses|Income|Cash flow|Last month|Last week|How do I see my cash flow and spend analysis,How do I view my cash flow and spending analysis?,"Get insights into your income, expenses, and spending patterns with detailed analytics.",VIEW_SPEND_ANALYSIS,,Redirection ,,,,,/pay/myfinances,,liability|asset|creditcard,RI,True,,,,,,False,Cash Flow And Spend Analysis,,,,,view_cash_flow_and_spend_analysis,"{""action"": ""view"", ""feature"": ""cash_flow_and_spend_analysis"", ""product"": ""banking_service""}",Analysis|Summary|My finances|Spending|Expenses|Income|Cash flow|Last month|Last week|How do I see my cash flow and spend analysis|How do I view my cash flow and spending analysis?|Cash Flow And Spend Analysis,Use for Cash Flow And Spend Analysis. Feature is cash flow and spend analysis.
239,PLATFORM,All,Call|Need assistance|Need help|Help center|Help|Contact|Call now|How do I get call assistance now,How do I get immediate call assistance?,Connect with customer support instantly for help and assistance.,CALL_NOW,,Redirection ,,,,,/ScheduleCallBackScreen,,liability|asset|creditcard,RI,True,,,,,,False,Call Now,,,,,contact_call_now,"{""action"": ""contact"", ""feature"": ""call_now"", ""product"": ""banking_service"", ""service_type"": ""callback""}",Call|Need assistance|Need help|Help center|Help|Contact|Call now|How do I get call assistance now|How do I get immediate call assistance?,Use for Call Now. Feature is call now. Service type is callback.
240,RAS,All,Change pin|Forgot debit card PIN|Debit card PIN|Manage PIN|Pin Change|debit card pin change|debit card secure pin|debit card pin generation,How do I change my debit card PIN?,Change or reset your debit card PIN securely through the app.,CHANGE_DEBIT_PIN,,Redirection ,,,,,/SetDebitCardPin,,liability|asset|creditcard,RI,True,,,,,,False,Change PIN,,,,,update_pin,"{""action"": ""update"", ""card_type"": ""debit_card"", ""feature"": ""pin"", ""product"": ""debit_card""}",Change pin|Forgot debit card PIN|Debit card PIN|Manage PIN|Pin Change|debit card pin change|debit card secure pin|debit card pin generation|How do I change my debit card PIN?,Use for Change PIN. Feature is pin. Card type is debit card.
241,RAS,All,Change card limit|Debit card limit|Daily card limit|Card Limit|Card Limits|My card limits|International debit card|increase debit card limit|debit card abroad|How do I manage my debit card limits,How do I manage my debit card limits?,"View and update debit card limits for domestic, international, and ATM transactions.",MANAGE_DEBIT_CARD_LIMITS,,Redirection ,,,,,/cards,,liability|asset|creditcard,RI,True,,,,,,False,Manage Debit Card Limits,,,,,manage_debit_card_limits,"{""action"": ""manage"", ""card_type"": ""debit_card"", ""feature"": ""debit_card_limits"", ""product"": ""debit_card"", ""usage_scope"": ""domestic""}",Change card limit|Debit card limit|Daily card limit|Card Limit|Card Limits|My card limits|International debit card|increase debit card limit|debit card abroad|How do I manage my debit card limits|How do I manage my debit card limits?|Manage Debit Card Limits,Use for Manage Debit Card Limits. Feature is debit card limits. Card type is debit card.
242,RAS,All,Change login MPIN|Change MPIN|Change credentials|Manage MPIN|MPIN|PIN Change|Change my MPIN|Mobile PIN change|How do I change my MPIN,How do I change my MPIN?,Change your mobile banking MPIN securely to protect your account access.,CHANGE_MPIN,,Redirection ,,,,,/Settings,,liability|asset|creditcard,RI,True,,,,,,False,Change MPIN,,,,,update_mpin,"{""action"": ""update"", ""feature"": ""mpin"", ""product"": ""account""}",Change login MPIN|Change MPIN|Change credentials|Manage MPIN|MPIN|PIN Change|Change my MPIN|Mobile PIN change|How do I change my MPIN|How do I change my MPIN?,Use for Change MPIN. Feature is mpin.
243,RAS,All,Registered mobile number|Mobile number|Change my mobile number|Mobile number modification|Update Contact Number|How to update Contact Number|Update Phone Number|Update Mobile Number|Modify Mobile Number|How do I update my mobile Number,How do I update my mobile number?,Update your registered mobile number to continue receiving alerts and OTPs.,UPDATE_MOBILE_NUMBER,,Redirection ,,,,,/profile,,liability|asset|creditcard,RI,True,,,,,,False,Update Mobile Number,,,,,update_mobile_number,"{""action"": ""update"", ""feature"": ""mobile_number"", ""product"": ""banking_service"", ""profile_attribute"": ""mobile""}",Registered mobile number|Mobile number|Change my mobile number|Mobile number modification|Update Contact Number|How to update Contact Number|Update Phone Number|Update Mobile Number|Modify Mobile Number|How do I update my mobile Number|How do I update my mobile number?,Use for Update Mobile Number. Feature is mobile number.
244,RAS,All,PAN details|PAN change|PAN|How to add PAN details|Permanent Account Number|How do I acess my PAN details,How do I view or update my PAN details?,View or update your PAN details to ensure compliance and seamless banking services.,VIEW_UPDATE_PAN,,Redirection ,,,,,/profile,,liability|asset|creditcard,RI,True,,,,,,False,PAN Details,,,,,update_pan_details,"{""action"": ""update"", ""feature"": ""pan_details"", ""product"": ""account"", ""profile_attribute"": ""pan"", ""service_type"": ""profile_update""}",PAN details|PAN change|PAN|How to add PAN details|Permanent Account Number|How do I acess my PAN details|How do I view or update my PAN details?,Use for PAN Details. Feature is pan details. Service type is profile update.
245,RAS,All,Welcome to Mobile Banking|App experience|Whats new|App|One swipe banking|The joy of one swipe banking|Key features,How do I explore the mobile banking app features?,Take a guided tour of the app to understand features and enhance your banking experience.,APP_TOUR,,Redirection ,,,,,/profile,,liability|asset|creditcard,RI,True,,,,,,False,Mobile App Tour,,,,,view_mobile_app_tour,"{""action"": ""view"", ""feature"": ""mobile_app_tour"", ""product"": ""banking_service"", ""profile_attribute"": ""mobile""}",Welcome to Mobile Banking|App experience|Whats new|App|One swipe banking|The joy of one swipe banking|Key features|How do I explore the mobile banking app features?|Mobile App Tour,Use for Mobile App Tour. Feature is mobile app tour.
246,RAS,All,Stop cheque payment|stop cheque|Wrong cheque issued|Cancel cheque issued|How do I stop an issues cheque,How do I stop a cheque payment?,Stop payment of an issued cheque to prevent it from being processed.,STOP_CHEQUE,,Redirection ,,,,,/more/echequebooks,,liability|asset|creditcard,RI,True,,,,,,False,Stop Cheque,,,,,stop_cheque,"{""action"": ""stop"", ""feature"": ""cheque"", ""product"": ""banking_service""}",Stop cheque payment|stop cheque|Wrong cheque issued|Cancel cheque issued|How do I stop an issues cheque|How do I stop a cheque payment?,Use for Stop Cheque. Feature is cheque.
247,RAS,All,Revoke stop cheque payment|Cancel stop cheque request|How do I revoke a cheque which has been stopped by me,How do I revoke a stopped cheque?,Revoke a stop cheque request if the cheque needs to be processed again.,REVOKE_STOP_CHEQUE,,Redirection ,,,,,/more/echequebooks,,liability|asset|creditcard,RI,True,,,,,,False,Revoke Stop Cheque,,,,,pay_revoke_cheque,"{""action"": ""pay"", ""feature"": ""revoke_cheque"", ""product"": ""banking_service""}",Revoke stop cheque payment|Cancel stop cheque request|How do I revoke a cheque which has been stopped by me|How do I revoke a stopped cheque?|Revoke Stop Cheque,Use for Revoke Stop Cheque. Feature is revoke cheque.
248,RAS,All,Wearable|Buy Wearable|FIRSTAP|How do I buy a wearable,How do I buy a wearable device?,Explore and purchase wearable devices enabled for contactless payments.,BUY_WEARABLE,,Redirection ,,,,,/buyWearable,,liability,RI,True,,,,,,False,Buy Wearable,,,,,buy_wearable,"{""action"": ""buy"", ""feature"": ""wearable"", ""product"": ""banking_service"", ""service_type"": ""device_management""}",Wearable|Buy Wearable|FIRSTAP|How do I buy a wearable|How do I buy a wearable device?,Use for Buy Wearable. Feature is wearable. Service type is device management.
249,RL,All,Business Loan|New Business|Startup loan|Borrow money for business|Business expansion loan|Loan for business taxes|SME loan|Start a business|How do I apply for a business loan,How do I apply for a business loan?,Apply for a business loan to support your startup or expand your business operations.,APPLY_BUSINESS_LOAN,,Redirection ,,,,,/loansDashboard/apply-for-loan/BIL,,liability|asset|creditcard,RI,True,,,,,,False,Apply for Business Loan,,,,,apply_business_loan,"{""action"": ""apply"", ""feature"": ""business_loan"", ""loan_type"": ""loan"", ""product"": ""loan""}",Business Loan|New Business|Startup loan|Borrow money for business|Business expansion loan|Loan for business taxes|SME loan|Start a business|How do I apply for a business loan|How do I apply for a business loan?|Apply for Business Loan,Use for Apply for Business Loan. Feature is business loan. Loan type is loan.
250,RL,All,Pre-owned car loan|Car loan|Used car loan|Borrow money for car|How do I apply for a pre-owned car loan,How do I apply for a pre-owned car loan?,Apply for a loan to finance your used car purchase with flexible repayment options.,APPLY_USED_CAR_LOAN,,Redirection ,,,,,/loansDashboard/apply-for-loan/UC,,liability|asset|creditcard,RI,True,,,,,,False,Apply for pre-owned car Loan,,,,,apply_pre_owned_car_loan,"{""action"": ""apply"", ""feature"": ""pre_owned_car_loan"", ""loan_type"": ""loan"", ""product"": ""loan""}",Pre-owned car loan|Car loan|Used car loan|Borrow money for car|How do I apply for a pre-owned car loan|How do I apply for a pre-owned car loan?|Apply for pre-owned car Loan,Use for Apply for pre-owned car Loan. Feature is pre owned car loan. Loan type is loan.
251,RL,All,Urgent loan|Personal loan|PL loan|CD loan|Home loan|Consumer Durable loan|Business loan|Two wheeler loan|Apply for loan|How do I apply for a loan,How do I apply for a loan?,"Apply for various types of loans such as personal, home, or business loans based on your needs.",APPLY_LOAN,,Redirection ,,,,,/loansDashboard/apply-for-loan,,liability|asset|creditcard,RI,True,,,,,,False,Apply for a Loan,,,,,apply_loan,"{""action"": ""apply"", ""feature"": ""loan"", ""loan_type"": ""loan"", ""product"": ""loan""}",Urgent loan|Personal loan|PL loan|CD loan|Home loan|Consumer Durable loan|Business loan|Two wheeler loan|Apply for loan|How do I apply for a loan|How do I apply for a loan?|Apply for a Loan,Use for Apply for a Loan. Feature is loan. Loan type is loan.
252,RL,All,EMI calculator|Calculator|EMI|Monthly EMI|How do I access EMI Calculator,How do I access the EMI calculator?,Access the EMI calculator to plan your loan repayments effectively.,EMI_CALCULATOR,,Redirection ,,,,,/loansDashboard/emi-calculator,,liability|asset|creditcard,RI,True,,,,,,False,EMI Calculator,,,,,pay_emi_calculator,"{""action"": ""pay"", ""feature"": ""emi_calculator"", ""loan_type"": ""loan"", ""product"": ""loan""}",EMI calculator|Calculator|EMI|Monthly EMI|How do I access EMI Calculator|How do I access the EMI calculator?,Use for EMI Calculator. Feature is emi calculator. Loan type is loan.
253,WEALTH,All,mutual funds|buy mutual funds|invest in mutual funds|list of mutual funds|Tpp mutual funds|How to invest in mutual funds|How to buy mutual funds|How do I invest in mutual funds|What are some of the top mutual funds|Top Mutual Funds,What are the top mutual funds to invest in?,Explore top mutual funds across categories and start investing via SIP or lump sum.,VIEW_TOP_MF,,Redirection ,,,,,/diymf,,liability,RI,True,,,,,,False,Top Mutual Funds,,,,,view_top_mutual_funds,"{""action"": ""view"", ""feature"": ""top_mutual_funds"", ""product"": ""mutual_fund""}",mutual funds|buy mutual funds|invest in mutual funds|list of mutual funds|Tpp mutual funds|How to invest in mutual funds|How to buy mutual funds|How do I invest in mutual funds|What are some of the top mutual funds|Top Mutual Funds|What are the top mutual funds to invest in?,Use for Top Mutual Funds. Feature is top mutual funds.
254,WEALTH,All,recommended mutual funds|get recommendations|which mutual fund should I buy|recommended funds for me|curated mutual funds|Lump sum|What are some recommended mutual funds?|Where can I get mutual fund recommendations?|How to see curated mutual funds for me|How to invest in Lumpsum,How do I get mutual fund recommendations?,Get personalized mutual fund recommendations based on your investment profile.,GET_MF_RECOMMENDATIONS,,Redirection ,,,,,/recommendportfolio/lumpsum,,liability,RI,True,,,,,,False,Invest in Mutual Funds,,,,,invest_mutual_funds,"{""action"": ""invest"", ""feature"": ""mutual_funds"", ""investment_mode"": ""recommendations"", ""product"": ""mutual_fund"", ""service_type"": ""profile_update""}",recommended mutual funds|get recommendations|which mutual fund should I buy|recommended funds for me|curated mutual funds|Lump sum|What are some recommended mutual funds?|Where can I get mutual fund recommendations?|How to see curated mutual funds for me|How to invest in Lumpsum|How do I get mutual fund recommendations?|Invest in Mutual Funds,Use for Invest in Mutual Funds. Feature is mutual funds. Service type is profile update. Investment mode is recommendations.
255,WEALTH,All,portfolio statement|download portfolio statement|holding statement|mutual fund report|download mutual fund report|capital gain report|How to download my portfolio statement|How to get my mutual fund report|How do I download my mutual fund report|How do I download capital gain report,How do I download my portfolio report?,"Download portfolio statements, holding reports, and capital gain reports easily.",DOWNLOAD_PORTFOLIO_REPORT,,Redirection ,,,,,/mfreports,,liability,RI,True,,,,,,False,Download report,,,,,download_report,"{""action"": ""download"", ""document_type"": ""capital_gain_report"", ""feature"": ""report"", ""product"": ""mutual_fund""}",portfolio statement|download portfolio statement|holding statement|mutual fund report|download mutual fund report|capital gain report|How to download my portfolio statement|How to get my mutual fund report|How do I download my mutual fund report|How do I download capital gain report|How do I download my portfolio report?|Download report,Use for Download report. Feature is report. Document requested is capital gain report.
256,WEALTH,All,buy SGB|buy sovereign gold bond|buy digital gold|buy gold|invest in gold|invest in SGB|New SGB|How do I get sovereign gold bond certificate|buy Sovereign Gold Bonds|How to buy sovereign gold bonds,How do I invest in sovereign gold bonds?,Invest in sovereign gold bonds as a secure and government-backed investment option.,BUY_SGB,,Redirection ,,,,,/buysgb,,liability,RI,True,,,,,,False,Buy Sovereign Gold Bonds,,,,,buy_sovereign_gold_bonds,"{""action"": ""buy"", ""feature"": ""sovereign_gold_bonds"", ""fund_category"": ""bond"", ""product"": ""sovereign_gold_bond""}",buy SGB|buy sovereign gold bond|buy digital gold|buy gold|invest in gold|invest in SGB|New SGB|How do I get sovereign gold bond certificate|buy Sovereign Gold Bonds|How to buy sovereign gold bonds|How do I invest in sovereign gold bonds?,Use for Buy Sovereign Gold Bonds. Feature is sovereign gold bonds. Fund category is bond.
257,WEALTH,All,Risk profile|Set risk profile|My risk profile|How do I choose my risk profile|How do I set my risk profile|How do I manage my risk profile,How do I set my risk profile?,Set or update your investment risk profile to get suitable product recommendations.,SET_RISK_PROFILE,,Redirection ,,,,,/riskprofile,,liability,RI,True,,,,,,False,Risk profile,,,,,set_risk_profile,"{""action"": ""set"", ""feature"": ""risk_profile"", ""product"": ""profile"", ""service_type"": ""profile_update""}",Risk profile|Set risk profile|My risk profile|How do I choose my risk profile|How do I set my risk profile|How do I manage my risk profile|How do I set my risk profile?,Use for Risk profile. Feature is risk profile. Service type is profile update.
258,WEALTH,All,Wealth|Where can I see my wealth|Holding|Where can I see my holdings,How do I view my holdings?,View your complete investment holdings and track your total wealth in one place.,VIEW_HOLDINGS,,Redirection ,,,,,/investments,,liability,RI,True,,,,,,False,My Holdings,,,,,view_holdings,"{""action"": ""view"", ""feature"": ""holdings"", ""product"": ""investment""}",Wealth|Where can I see my wealth|Holding|Where can I see my holdings|How do I view my holdings?|My Holdings,Use for My Holdings. Feature is holdings.
259,WEALTH,All,How to invest in IPO,How do I invest in an IPO?,Apply for IPOs easily and invest in companies during their initial public offering phase.,INVEST_IPO,,Redirection ,,,,,/investinipo,,liability,RI,True,,,,,,False,Invest in IPO,,,,,invest_ipo,"{""action"": ""invest"", ""feature"": ""ipo"", ""product"": ""ipo""}",How to invest in IPO|How do I invest in an IPO?|Invest in IPO,Use for Invest in IPO. Feature is ipo.
260,WEALTH,All,Equity Mutual Funds|How to invest in equity mutual fund,How do I invest in equity mutual funds?,Invest in equity mutual funds to grow wealth through market-linked returns.,INVEST_EQUITY_MF,,Redirection ,,,,,/diymf,,liability,RI,True,,,,,,False,Invest in Equity MF,,,,,invest_equity_mf,"{""action"": ""invest"", ""feature"": ""equity_mf"", ""fund_category"": ""equity"", ""product"": ""mutual_fund""}",Equity Mutual Funds|How to invest in equity mutual fund|How do I invest in equity mutual funds?|Invest in Equity MF,Use for Invest in Equity MF. Feature is equity mf. Fund category is equity.
261,WEALTH,All,Tax Mutual Funds|How to invest in tax saving mutual fund,How do I invest in tax-saving mutual funds?,Invest in ELSS mutual funds to save tax while earning market-linked returns.,INVEST_TAX_SAVING_MF,,Redirection ,,,,,/diymf,,liability,RI,True,,,,,,False,Invest in Tax Savings MF,,,,,invest_tax_savings_mf,"{""action"": ""invest"", ""feature"": ""tax_savings_mf"", ""fund_category"": ""tax_saving"", ""product"": ""mutual_fund""}",Tax Mutual Funds|How to invest in tax saving mutual fund|How do I invest in tax-saving mutual funds?|Invest in Tax Savings MF,Use for Invest in Tax Savings MF. Feature is tax savings mf. Fund category is tax saving.
262,WEALTH,All,lumpsum|How to invest in Lumpsum,How do I invest via lump sum?,Make a one-time investment in mutual funds based on your financial goals.,INVEST_LUMPSUM,,Redirection ,,,,,/recommendportfolio/lumpsum,,liability,RI,True,,,,,,False,Invest in Lumpsum,,,,,invest_lumpsum,"{""action"": ""invest"", ""feature"": ""lumpsum"", ""investment_mode"": ""lumpsum"", ""product"": ""mutual_fund""}",lumpsum|How to invest in Lumpsum|How do I invest via lump sum?|Invest in Lumpsum,Use for Invest in Lumpsum. Feature is lumpsum. Investment mode is lumpsum.
263,WEALTH,All,Capital Gain Report|How do I download capital gain report,How do I download my capital gain report?,Download your capital gain report to track profits and tax liabilities on investments.,DOWNLOAD_CAPITAL_GAIN_REPORT,,Redirection ,,,,,/mfreports,,liability,RI,True,,,,,,False,Capital Gain Report,,,,,download_capital_gain_report,"{""action"": ""download"", ""document_type"": ""capital_gain_report"", ""feature"": ""capital_gain_report"", ""product"": ""investment""}",Capital Gain Report|How do I download capital gain report|How do I download my capital gain report?,Use for Capital Gain Report. Feature is capital gain report. Document requested is capital gain report.
264,WEALTH,All,download mutual fund report|How do I download my mutual fund report,How do I download my mutual fund report?,Access and download detailed reports of your mutual fund investments.,DOWNLOAD_MF_REPORT,,Redirection ,,,,,/mfreports,,liability,RI,True,,,,,,False,Download Mutual Fund Report,,,,,download_mutual_fund_report,"{""action"": ""download"", ""document_type"": ""mutual_fund_report"", ""feature"": ""mutual_fund_report"", ""product"": ""mutual_fund""}",download mutual fund report|How do I download my mutual fund report|How do I download my mutual fund report?,Use for Download Mutual Fund Report. Feature is mutual fund report. Document requested is mutual fund report.
265,WEALTH,All,Download portfolio statement|How to download my portfolio statement,How do I download my portfolio statement?,Download your portfolio statement to review your investment summary and performance.,DOWNLOAD_PORTFOLIO_STATEMENT,,Redirection ,,,,,/mfreports,,liability,RI,True,,,,,,False,Download portfolio Statement,,,,,download_portfolio_statement,"{""action"": ""download"", ""document_type"": ""portfolio_statement"", ""feature"": ""portfolio_statement"", ""product"": ""investment""}",Download portfolio statement|How to download my portfolio statement|How do I download my portfolio statement?,Use for Download portfolio Statement. Feature is portfolio statement. Document requested is portfolio statement.
266,WEALTH,All,holding statement|How to get my holdings statement,How do I get my holdings statement?,Access your holdings statement to see detailed investment positions.,DOWNLOAD_HOLDING_STATEMENT,,Redirection ,,,,,/mfreports,,liability,RI,True,,,,,,False,Holding Statement,,,,,download_holding_statement,"{""action"": ""download"", ""document_type"": ""holding_statement"", ""feature"": ""holding_statement"", ""product"": ""investment""}",holding statement|How to get my holdings statement|How do I get my holdings statement?,Use for Holding Statement. Feature is holding statement. Document requested is holding statement.
267,WEALTH,All,Mutual Fund statement|How to get my mutual fund statement,How do I get my mutual fund statement?,Download your mutual fund statement to review transactions and holdings.,DOWNLOAD_MF_STATEMENT,,Redirection ,,,,,/mfreports,,liability,RI,True,,,,,,False,Mutual Fund Statement,,,,,download_mutual_fund_statement,"{""action"": ""download"", ""document_type"": ""statement"", ""feature"": ""mutual_fund_statement"", ""product"": ""mutual_fund""}",Mutual Fund statement|How to get my mutual fund statement|How do I get my mutual fund statement?,Use for Mutual Fund Statement. Feature is mutual fund statement. Document requested is statement.
268,WEALTH,All,Sovereign Gold Bonds|How to invest in sovereign gold bonds,How do I invest in sovereign gold bonds?,"Invest in sovereign gold bonds as a secure, government-backed gold investment option.",INVEST_SGB,,Redirection ,,,,,/sgbSummary/holdings,,liability,RI,True,,,,,,False,Invest in SGB,,,,,invest_sgb,"{""action"": ""invest"", ""feature"": ""sgb"", ""fund_category"": ""bond"", ""product"": ""sovereign_gold_bond""}",Sovereign Gold Bonds|How to invest in sovereign gold bonds|How do I invest in sovereign gold bonds?|Invest in SGB,Use for Invest in SGB. Feature is sgb. Fund category is bond.
269,WEALTH,All,SGB Holdings|Where can I see my SGB holdings,How do I view my SGB holdings?,View your sovereign gold bond holdings and track their current value.,VIEW_SGB_HOLDINGS,,Redirection ,,,,,/sgbSummary/holdings,,liability,RI,True,,,,,,False,SGB Holdings,,,,,view_sgb_holdings,"{""action"": ""view"", ""feature"": ""sgb_holdings"", ""product"": ""sovereign_gold_bond""}",SGB Holdings|Where can I see my SGB holdings|How do I view my SGB holdings?,Use for SGB Holdings. Feature is sgb holdings.
270,WEALTH,All,Sovereign gold bonds certificate|How do I get sovereign gold bond certificate,How do I get my SGB certificate?,Access your sovereign gold bond certificate anytime for your investment records.,VIEW_SGB_CERTIFICATE,,Redirection ,,,,,/sgbSummary/holdings,,liability,RI,True,,,,,,False,Sovereign Gold Bonds Certificate,,,,,view_sovereign_gold_bonds_certificate,"{""action"": ""view"", ""document_type"": ""certificate"", ""feature"": ""sovereign_gold_bonds_certificate"", ""fund_category"": ""bond"", ""product"": ""sovereign_gold_bond""}",Sovereign gold bonds certificate|How do I get sovereign gold bond certificate|How do I get my SGB certificate?,Use for Sovereign Gold Bonds Certificate. Feature is sovereign gold bonds certificate. Document requested is certificate. Fund category is bond.
271,WEALTH,All,SGB Request|How to place SGB request,How do I place an SGB request?,Place a request to invest in sovereign gold bonds easily through the app.,PLACE_SGB_REQUEST,,Redirection ,,,,,/sgbSummary/applications,,liability,RI,True,,,,,,False,SGB Request,,,,,invest_sgb_place_sgb_request,"{""action"": ""invest"", ""feature"": ""sgb"", ""product"": ""sovereign_gold_bond""}",SGB Request|How to place SGB request|How do I place an SGB request?,Use for SGB Request. Feature is sgb.
272,WEALTH,All,New SGB|When will the new SGB be available,When will new SGB issues be available?,Check upcoming sovereign gold bond issues and plan your investments accordingly.,VIEW_NEW_SGB,,Redirection ,,,,,/buysgb,,liability,RI,True,,,,,,False,New SGB,,,,,view_new_sgb,"{""action"": ""view"", ""feature"": ""new_sgb"", ""product"": ""sovereign_gold_bond""}",New SGB|When will the new SGB be available|When will new SGB issues be available?,Use for New SGB. Feature is new sgb.
273,WEALTH,All,Child's Education|How much should I invest for my child's education,How do I plan investments for my child's education?,Set and plan financial goals to fund your child’s education with suitable investments.,CHILD_EDUCATION_GOAL,,Redirection ,,,,,/creategoal,,liability,RI,True,,,,,,False,Child's Education,,,,,set_child_s_education,"{""action"": ""set"", ""feature"": ""child_s_education"", ""investment_goal"": ""child_education"", ""product"": ""investment""}",Child's Education|How much should I invest for my child's education|How do I plan investments for my child's education?,Use for Child's Education. Feature is child s education. Investment goal is child education.
274,WEALTH,All,Home|How much should I invest for my home,How do I plan a home investment goal?,Plan your investments to achieve your goal of buying or building a home.,HOME_GOAL,,Redirection ,,,,,/creategoal,,liability,RI,True,,,,,,False,Home Goal,,,,,invest_home_goal,"{""action"": ""invest"", ""feature"": ""home_goal"", ""investment_goal"": ""home"", ""product"": ""investment""}",Home|How much should I invest for my home|How do I plan a home investment goal?|Home Goal,Use for Home Goal. Feature is home goal. Investment goal is home.
275,WEALTH,All,Vacation|How much should I invest for my vacation,How do I plan a vacation goal?,Set and achieve your vacation savings goal through disciplined investments.,VACATION_GOAL,,Redirection ,,,,,/creategoal,,liability,RI,True,,,,,,False,Vacation Goal,,,,,set_vacation_goal,"{""action"": ""set"", ""feature"": ""vacation_goal"", ""investment_goal"": ""vacation"", ""product"": ""investment""}",Vacation|How much should I invest for my vacation|How do I plan a vacation goal?|Vacation Goal,Use for Vacation Goal. Feature is vacation goal. Investment goal is vacation.
276,WEALTH,All,Wedding|How much should I invest for my wedding,How do I plan a wedding investment goal?,Plan and invest systematically to achieve your financial goal for a wedding.,WEDDING_GOAL,,Redirection ,,,,,/creategoal,,liability,RI,True,,,,,,False,Wedding Goal,,,,,invest_wedding_goal,"{""action"": ""invest"", ""feature"": ""wedding_goal"", ""investment_goal"": ""wedding"", ""product"": ""investment""}",Wedding|How much should I invest for my wedding|How do I plan a wedding investment goal?|Wedding Goal,Use for Wedding Goal. Feature is wedding goal. Investment goal is wedding.
277,PAYMENTS,All,Recurring payments|How do I manage recurring payments,How do I manage recurring payments?,"Manage, modify, or cancel your recurring and auto-debit payments easily.",MANAGE_RECURRING_PAYMENTS,,Redirection ,,,,,/bankTransfer,,BIB|liability,RI,True,,,,,,False,Recurring Payments,,,,,manage_recurring_payments,"{""action"": ""manage"", ""feature"": ""recurring_payments"", ""product"": ""banking_service""}",Recurring payments|How do I manage recurring payments|How do I manage recurring payments?,Use for Recurring Payments. Feature is recurring payments.
278,PAYMENTS,All,RTGS|How do I pay via RTGS,How do I pay using RTGS?,Transfer funds using RTGS for high-value transactions with real-time processing.,PAY_RTGS,,Redirection ,,,,,/bankTransfer,,BIB|liability,RI,True,,,,,,False,RTGS Payments,,,,,pay_rtgs_payments,"{""action"": ""pay"", ""feature"": ""rtgs_payments"", ""payment_type"": ""rtgs"", ""product"": ""banking_service""}",RTGS|How do I pay via RTGS|How do I pay using RTGS?|RTGS Payments,Use for RTGS Payments. Feature is rtgs payments. Payment rail or bill type is rtgs.
279,PAYMENTS,All,Schedule payments|How do I schedule payments,How do I schedule payments?,Schedule payments in advance to ensure timely transfers and bill payments.,SCHEDULE_PAYMENTS,,Redirection ,,,,,/bankTransfer,,BIB|liability,RI,True,,,,,,False,Schedule Payments,,,,,pay_payments,"{""action"": ""pay"", ""feature"": ""payments"", ""product"": ""banking_service""}",Schedule payments|How do I schedule payments|How do I schedule payments?,Use for Schedule Payments. Feature is payments.
280,PAYMENTS,All,Send Money|User fund transfer|Pay Money|How do I send money to someone|How do I send money|How do I make payments|How do I pay money|Transfer funds|How to pay to anyone|How to transfer funds,How do I transfer funds?,Transfer money to any account using multiple payment options securely and quickly.,TRANSFER_FUNDS,,Redirection ,,,,,/bankTransfer,,BIB|liability,RI,True,,,,,,False,Transfer Funds,,,,,transfer_funds,"{""action"": ""transfer"", ""feature"": ""funds"", ""payment_type"": ""fund_transfer"", ""product"": ""account""}",Send Money|User fund transfer|Pay Money|How do I send money to someone|How do I send money|How do I make payments|How do I pay money|Transfer funds|How to pay to anyone|How to transfer funds|How do I transfer funds?,Use for Transfer Funds. Feature is funds. Payment rail or bill type is fund transfer.
281,PAYMENTS,All,Payee|How to view payee,How do I view my payees?,View your saved beneficiaries or payees for quick and easy transfers.,VIEW_PAYEE,,Redirection ,,,,,/allPayees,,liability|asset|creditcard,RI,True,,,,,,False,View Payee,,,,,view_payee,"{""action"": ""view"", ""feature"": ""payee"", ""product"": ""payee""}",Payee|How to view payee|How do I view my payees?|View Payee,Use for View Payee. Feature is payee.
282,PAYMENTS,All,Add beneficiary|Hew do I add beneficiary,How do I add a beneficiary?,Add a new beneficiary to transfer funds securely and conveniently.,ADD_BENEFICIARY,,Redirection ,,,,,/bankTransfer,,liability|asset|creditcard,RI,True,,,,,,False,Add beneficiary,,,,,add_payee,"{""action"": ""add"", ""feature"": ""beneficiary"", ""product"": ""payee""}",Add beneficiary|Hew do I add beneficiary|How do I add a beneficiary?,Use for Add beneficiary. Feature is beneficiary.
283,PAYMENTS,All,Book a cylinder|How do I book a cylinder,How do I book a gas cylinder?,Book a gas cylinder easily through the app using integrated bill payment services.,BOOK_CYLINDER,,Redirection ,,,,,/billerCategories,,liability|asset|creditcard,RI,True,,,,,,False,Book a Cylinder,,,,,book_cylinder,"{""action"": ""book"", ""biller_type"": ""gas_cylinder"", ""feature"": ""cylinder"", ""product"": ""gas_cylinder""}",Book a cylinder|How do I book a cylinder|How do I book a gas cylinder?,Use for Book a Cylinder. Feature is cylinder. Biller type is gas cylinder.
284,PAYMENTS,All,Donate|How to donate,How do I donate?,Make donations securely to supported organizations through the app.,DONATE,,Redirection ,,,,,/billerCategories,,liability|asset|creditcard,RI,True,,,,,,False,Donate,,,,,view_donate,"{""action"": ""view"", ""feature"": ""donate"", ""product"": ""banking_service""}",Donate|How to donate|How do I donate?,Use for Donate. Feature is donate.
285,PAYMENTS,All,College|How do I pay for college fees,How do I pay college fees?,Pay college or education fees conveniently through the app.,PAY_COLLEGE_FEES,,Redirection ,,,,,/billerCategories,,liability|asset|creditcard,RI,True,,,,,,False,Pay College Fees,,,,,pay_college_fees,"{""action"": ""pay"", ""biller_type"": ""college_fees"", ""feature"": ""college_fees"", ""payment_type"": ""college_fees"", ""product"": ""college_fees""}",College|How do I pay for college fees|How do I pay college fees?|Pay College Fees,Use for Pay College Fees. Feature is college fees. Biller type is college fees. Payment rail or bill type is college fees.
286,PAYMENTS,All,Electricity Bill|How do I pay electricity bill,How do I pay my electricity bill?,Pay your electricity bill quickly and securely through the app.,PAY_ELECTRICITY_BILL,,Redirection ,,,,,/billerCategories,,liability|asset|creditcard,RI,True,,,,,,False,Pay Electricity Bill,,,,,pay_electricity_bill,"{""action"": ""pay"", ""biller_type"": ""electricity"", ""feature"": ""electricity_bill"", ""payment_type"": ""electricity_bill"", ""product"": ""electricity_bill""}",Electricity Bill|How do I pay electricity bill|How do I pay my electricity bill?|Pay Electricity Bill,Use for Pay Electricity Bill. Feature is electricity bill. Biller type is electricity. Payment rail or bill type is electricity bill.
287,PAYMENTS,All,Mobile postpaid|How do I pay mobile postpaid bill,How do I pay my postpaid mobile bill?,Pay your postpaid mobile bills easily using available payment options.,PAY_POSTPAID_BILL,,Redirection ,,,,,/billerCategories,,liability|asset|creditcard,RI,True,,,,,,False,Pay Postpaid Bill,,,,,pay_postpaid_bill,"{""action"": ""pay"", ""biller_type"": ""postpaid_mobile"", ""feature"": ""postpaid_bill"", ""payment_type"": ""postpaid_bill"", ""product"": ""postpaid_bill"", ""profile_attribute"": ""mobile""}",Mobile postpaid|How do I pay mobile postpaid bill|How do I pay my postpaid mobile bill?|Pay Postpaid Bill,Use for Pay Postpaid Bill. Feature is postpaid bill. Biller type is postpaid mobile. Payment rail or bill type is postpaid bill.
288,PAYMENTS,All,School|How do I pay for school fees,How do I pay school fees?,Pay school fees conveniently through the app without delays.,PAY_SCHOOL_FEES,,Redirection ,,,,,/billerCategories,,liability|asset|creditcard,RI,True,,,,,,False,Pay School Fees,,,,,pay_school_fees,"{""action"": ""pay"", ""biller_type"": ""school_fees"", ""feature"": ""school_fees"", ""payment_type"": ""school_fees"", ""product"": ""school_fees""}",School|How do I pay for school fees|How do I pay school fees?|Pay School Fees,Use for Pay School Fees. Feature is school fees. Biller type is school fees. Payment rail or bill type is school fees.
289,PAYMENTS,All,Subscription|How do I pay for subscription,How do I pay for subscriptions?,Pay for subscriptions such as OTT or services seamlessly through the app.,PAY_SUBSCRIPTIONS,,Redirection ,,,,,/billerCategories,,liability|asset|creditcard,RI,True,,,,,,False,Subscription Payments,,,,,pay_subscription_payments,"{""action"": ""pay"", ""biller_type"": ""subscription"", ""feature"": ""subscription_payments"", ""payment_type"": ""subscription"", ""product"": ""banking_service""}",Subscription|How do I pay for subscription|How do I pay for subscriptions?|Subscription Payments,Use for Subscription Payments. Feature is subscription payments. Biller type is subscription. Payment rail or bill type is subscription.
290,PAYMENTS,All,DTH|How to pay for DTH,How do I pay my DTH bill?,Recharge or pay your DTH bill easily through the app.,PAY_DTH,,Redirection ,,,,,/billerCategories,,liability|asset|creditcard,RI,True,,,,,,False,DTH Bill Payment,,,,,pay_dth_bill_payment,"{""action"": ""pay"", ""biller_type"": ""dth"", ""feature"": ""dth_bill_payment"", ""payment_type"": ""dth"", ""product"": ""dth""}",DTH|How to pay for DTH|How do I pay my DTH bill?|DTH Bill Payment,Use for DTH Bill Payment. Feature is dth bill payment. Biller type is dth. Payment rail or bill type is dth.
291,PAYMENTS,All,FASTag|How to pay for FASTag,How do I recharge my FASTag?,Recharge your FASTag instantly to ensure uninterrupted toll payments.,RECHARGE_FASTAG,,Redirection ,,,,,/billerCategories,,liability|asset|creditcard,RI,True,,,,,,False,Recharge FASTag,,,,,recharge_fastag,"{""action"": ""recharge"", ""biller_type"": ""fastag"", ""feature"": ""fastag"", ""payment_type"": ""fastag"", ""product"": ""fastag""}",FASTag|How to pay for FASTag|How do I recharge my FASTag?|Recharge FASTag,Use for Recharge FASTag. Feature is fastag. Biller type is fastag. Payment rail or bill type is fastag.
292,PAYMENTS,All,Prepaid Mobile|How to pay for prepaid Mobile,How do I recharge my mobile?,Recharge your prepaid mobile number quickly using secure payment methods.,RECHARGE_MOBILE,,Redirection ,,,,,/billerCategories,,liability|asset|creditcard,RI,True,,,,,,False,Recharge Mobile,,,,,recharge_mobile,"{""action"": ""recharge"", ""feature"": ""mobile"", ""product"": ""banking_service"", ""profile_attribute"": ""mobile""}",Prepaid Mobile|How to pay for prepaid Mobile|How do I recharge my mobile?|Recharge Mobile,Use for Recharge Mobile. Feature is mobile.
293,PAYMENTS,All,Ask Money List|How to see collect money list,How do I view my collect money list?,View all incoming money requests and manage them from one place.,VIEW_COLLECT_MONEY_LIST,,Redirection ,,,,,/pay/requests,,liability,RI,True,,,,,,False,Collect Money List,,,,,view_collect_money_list,"{""action"": ""view"", ""feature"": ""collect_money_list"", ""product"": ""banking_service""}",Ask Money List|How to see collect money list|How do I view my collect money list?|Collect Money List,Use for Collect Money List. Feature is collect money list.
294,PAYMENTS,All,VPA|What is my VPA|Whats my VPA|Virtual Payment Address|Address|How to use UPI Address,What is my UPI VPA?,View your Virtual Payment Address (VPA) and use it to send or receive money via UPI.,VIEW_UPI_VPA,,Redirection ,,,,,/UpiLanding,,liability,RI,True,,,,,,False,My UPI VPA,,,,,view_upi_vpa,"{""action"": ""view"", ""feature"": ""upi_vpa"", ""product"": ""upi""}",VPA|What is my VPA|Whats my VPA|Virtual Payment Address|Address|How to use UPI Address|What is my UPI VPA?|My UPI VPA,Use for My UPI VPA. Feature is upi vpa.
295,WEALTH,All,How to redeem a mutual fund|How do I systematically withdraw my funds|What is the minimum number of funds required to redeem|What is the minimum redemption amount|Redeam mutual fund|withdraw funds|Close mutual funds|How do I redeem a mutual fund|Cancel mutual fund|Systematic withdrawal,How do I redeem my mutual funds?,Redeem or withdraw your mutual fund investments partially or fully as per your needs.,REDEEM_MUTUAL_FUNDS,,Redirection ,,,,,/mfSummary?holdings,,liability,RI,True,,,,,,False,Redemption Of Funds,,,,,redeem_redemption_funds,"{""action"": ""redeem"", ""feature"": ""redemption_funds"", ""product"": ""mutual_fund""}",How to redeem a mutual fund|How do I systematically withdraw my funds|What is the minimum number of funds required to redeem|What is the minimum redemption amount|Redeam mutual fund|withdraw funds|Close mutual funds|How do I redeem a mutual fund|Cancel mutual fund|Systematic withdrawal|How do I redeem my mutual funds?|Redemption Of Funds,Use for Redemption Of Funds. Feature is redemption funds.
296,WEALTH,All,NCD investment|How do I invest in NCD,How do I invest in NCDs?,Invest in Non-Convertible Debentures (NCDs) to earn fixed returns over a specified tenure.,INVEST_NCD,,Redirection ,,,,,/investinipo,,liability,RI,True,,,,,,False,Invest In NCD,,,,,invest_ncd,"{""action"": ""invest"", ""feature"": ""ncd"", ""product"": ""ncd""}",NCD investment|How do I invest in NCD|How do I invest in NCDs?|Invest In NCD,Use for Invest In NCD. Feature is ncd.
297,WEALTH,All,How do I see different types of mutual funds?,How do I explore different mutual funds?,Browse different categories of mutual funds to choose the right investment options.,VIEW_MUTUAL_FUNDS,,Redirection ,,,,,/investinmf,,liability,RI,True,,,,,,False,Mutual Funds,,,,,view_mutual_funds,"{""action"": ""view"", ""biller_type"": ""rent"", ""feature"": ""mutual_funds"", ""product"": ""mutual_fund""}",How do I see different types of mutual funds?|How do I explore different mutual funds?|Mutual Funds,Use for Mutual Funds. Feature is mutual funds. Biller type is rent.
298,WEALTH,All,Invest into IPO-ASBA|How do I invest in IPO-ASBA|IPO-ASBA,How do I invest in IPO using ASBA?,Invest in IPOs using the ASBA facility to block funds securely in your account.,INVEST_IPO_ASBA,,Redirection ,,,,,/investinipo,,liability,RI,True,,,,,,False,Invest into IPO-ASBA,,,,,invest_into_ipo_asba,"{""action"": ""invest"", ""feature"": ""into_ipo_asba"", ""investment_mode"": ""asba"", ""product"": ""ipo""}",Invest into IPO-ASBA|How do I invest in IPO-ASBA|IPO-ASBA|How do I invest in IPO using ASBA?,Use for Invest into IPO-ASBA. Feature is into ipo asba. Investment mode is asba.
299,WEALTH,All,Invest in portfolio of stocks|How do I invest into portfolio of stocks,How do I invest in a portfolio of stocks?,Invest in curated stock portfolios based on your financial goals and risk appetite.,INVEST_STOCK_PORTFOLIO,,Redirection ,,,,,/investments,,liability,RI,True,,,,,,False,Invest In Portfolio Of Stocks,,,,,invest_portfolio_stocks,"{""action"": ""invest"", ""feature"": ""portfolio_stocks"", ""product"": ""stock_portfolio""}",Invest in portfolio of stocks|How do I invest into portfolio of stocks|How do I invest in a portfolio of stocks?,Use for Invest In Portfolio Of Stocks. Feature is portfolio stocks.
300,WEALTH,All,e-Voting services|How do I e-vote,How do I use e-voting services?,Participate in shareholder voting through e-voting services conveniently.,E_VOTING,,Redirection ,,,,,/investments,,liability,RI,True,,,,,,False,e-Voting Services,,,,,view_e_voting,"{""action"": ""view"", ""feature"": ""e_voting"", ""product"": ""banking_service""}",e-Voting services|How do I e-vote|How do I use e-voting services?,Use for e-Voting Services. Feature is e voting.
301,CC,All,Credit card rewards conversion enquiry|How to enquire about rewards point conversion,How do I convert my reward points?,"Check how to convert your credit card reward points into vouchers, cashback, or other benefits.",CONVERT_REWARD_POINTS,,Redirection ,,,,,/CreditCardDetails,,creditcard,RI,True,,,,,,False,Credit Card Rewards Conversion Enquiry,,,,,convert_reward_points,"{""action"": ""convert"", ""benefit_type"": ""reward_points"", ""card_type"": ""credit_card"", ""feature"": ""reward_points"", ""product"": ""credit_card""}",Credit card rewards conversion enquiry|How to enquire about rewards point conversion|How do I convert my reward points?,Use for Credit Card Rewards Conversion Enquiry. Feature is reward points. Card type is credit card.
302,WEALTH,All,Summary of investment|How to view summary of investments,How do I view my investment summary?,View a consolidated summary of all your investments and their current value.,VIEW_INVESTMENT_SUMMARY,,Redirection ,,,,,/investments,,liability,RI,True,,,,,,False,Summary of investments,,,,,view_summary_investments,"{""action"": ""view"", ""feature"": ""summary_investments"", ""product"": ""investment""}",Summary of investment|How to view summary of investments|How do I view my investment summary?|Summary of investments,Use for Summary of investments. Feature is summary investments.
303,WEALTH,All,Set Goal for investment|How to set investment goals,How do I set an investment goal?,Set your financial goals and plan investments to achieve them over a defined timeline.,SET_INVESTMENT_GOAL,,Redirection ,,,,,/creategoal,,liability,RI,True,,,,,,False,Set Goal for investment,,,,,set_goal_investment,"{""action"": ""set"", ""feature"": ""goal_investment"", ""investment_goal"": ""investment_goal"", ""product"": ""investment""}",Set Goal for investment|How to set investment goals|How do I set an investment goal?,Use for Set Goal for investment. Feature is goal investment. Investment goal is investment goal.
304,WEALTH,All,Check investments|How to check my investment portfolio,How do I check my investments?,"View your investment portfolio including holdings, value, and performance.",CHECK_INVESTMENTS,,Redirection ,,,,,/investments,,liability,RI,True,,,,,,False,Check Investments,,,,,view_investments_check_investments,"{""action"": ""view"", ""feature"": ""investments"", ""product"": ""investment""}",Check investments|How to check my investment portfolio|How do I check my investments?,Use for Check Investments. Feature is investments.
305,WEALTH,All,Invest in Large & Mid Cap Fund|How to invest in Large & Mid Cap Fund,How do I invest in large & mid cap funds?,Invest in funds that combine large and mid cap stocks for balanced growth.,INVEST_LARGE_MID_CAP,,Redirection ,,,,,/investinmf,,liability,RI,True,,,,,,False,Invest in Large & Mid Cap Fund,,,,,invest_large_and_mid_cap_fund,"{""action"": ""invest"", ""feature"": ""large_and_mid_cap_fund"", ""fund_category"": ""large_mid_cap"", ""product"": ""mutual_fund""}",Invest in Large & Mid Cap Fund|How to invest in Large & Mid Cap Fund|How do I invest in large & mid cap funds?,Use for Invest in Large & Mid Cap Fund. Feature is large and mid cap fund. Fund category is large mid cap.
306,WEALTH,All,Invest in Mid Cap Fund|How to invest in Mid Cap Fund,How do I invest in mid cap funds?,Invest in mid cap funds to capture growth opportunities from emerging companies.,INVEST_MID_CAP,,Redirection ,,,,,/investinmf,,liability,RI,True,,,,,,False,Invest in Mid Cap Fund,,,,,invest_mid_cap_fund,"{""action"": ""invest"", ""feature"": ""mid_cap_fund"", ""fund_category"": ""mid_cap"", ""product"": ""mutual_fund""}",Invest in Mid Cap Fund|How to invest in Mid Cap Fund|How do I invest in mid cap funds?,Use for Invest in Mid Cap Fund. Feature is mid cap fund. Fund category is mid cap.
307,WEALTH,All,Invest in Small Cap Fund|How to invest in Small Cap Fund,How do I invest in small cap funds?,Invest in small cap funds for high growth potential with higher risk.,INVEST_SMALL_CAP,,Redirection ,,,,,/investinmf,,liability,RI,True,,,,,,False,Invest in Small Cap Fund,,,,,invest_small_cap_fund,"{""action"": ""invest"", ""feature"": ""small_cap_fund"", ""fund_category"": ""small_cap"", ""product"": ""mutual_fund""}",Invest in Small Cap Fund|How to invest in Small Cap Fund|How do I invest in small cap funds?,Use for Invest in Small Cap Fund. Feature is small cap fund. Fund category is small cap.
308,WEALTH,All,Invest in Focused Fund|How to invest in Focused Fund,How do I invest in focused funds?,Invest in focused funds that concentrate on a limited number of high-conviction stocks.,INVEST_FOCUSED_FUNDS,,Redirection ,,,,,/investinmf,,liability,RI,True,,,,,,False,Invest in Focused Fund,,,,,invest_focused_fund,"{""action"": ""invest"", ""feature"": ""focused_fund"", ""fund_category"": ""focused"", ""product"": ""mutual_fund""}",Invest in Focused Fund|How to invest in Focused Fund|How do I invest in focused funds?,Use for Invest in Focused Fund. Feature is focused fund. Fund category is focused.
309,WEALTH,All,Invest in Tax Saving Funds|How to invest in Tax Saving Funds,How do I invest in tax saving funds?,Invest in ELSS funds to save tax while benefiting from equity market growth.,INVEST_TAX_SAVING_FUNDS,,Redirection ,,,,,/diymf,,liability,RI,True,,,,,,False,Invest in Tax Saving Funds,,,,,invest_tax_saving_funds,"{""action"": ""invest"", ""feature"": ""tax_saving_funds"", ""fund_category"": ""tax_saving"", ""product"": ""mutual_fund""}",Invest in Tax Saving Funds|How to invest in Tax Saving Funds|How do I invest in tax saving funds?,Use for Invest in Tax Saving Funds. Feature is tax saving funds. Fund category is tax saving.
310,WEALTH,All,Invest in Curated Mutual Funds|How to invest in Curated Mutual Funds,How do I invest in curated mutual funds?,Choose from curated mutual fund portfolios designed based on your goals and risk profile.,INVEST_CURATED_MF,,Redirection ,,,,,/diymf,,liability,RI,True,,,,,,False,Invest in Curated Mutual Funds,,,,,invest_curated_mutual_funds,"{""action"": ""invest"", ""feature"": ""curated_mutual_funds"", ""fund_category"": ""curated"", ""investment_mode"": ""curated"", ""product"": ""mutual_fund"", ""service_type"": ""profile_update""}",Invest in Curated Mutual Funds|How to invest in Curated Mutual Funds|How do I invest in curated mutual funds?,Use for Invest in Curated Mutual Funds. Feature is curated mutual funds. Service type is profile update. Investment mode is curated. Fund category is curated.
311,CC,All,Payment Options|Learn about different ways to make credit card payments,What are the payment options for my credit card?,"Explore different ways to pay your credit card bill including UPI, NEFT, and auto-debit.",VIEW_PAYMENT_OPTIONS,,Redirection ,,,,,/CreditCardDetails,,creditcard,RI,True,,,,,,False,Payment Options,,,,,view_payment_options,"{""action"": ""view"", ""card_type"": ""credit_card"", ""feature"": ""payment_options"", ""product"": ""credit_card""}",Payment Options|Learn about different ways to make credit card payments|What are the payment options for my credit card?,Use for Payment Options. Feature is payment options. Card type is credit card.
312,CC,All,Balance Transfer|How to initiate a credit card balance transfer,How do I do a credit card balance transfer?,Transfer outstanding balance from another credit card to manage payments efficiently.,CREDIT_CARD_BALANCE_TRANSFER,,Redirection ,,,,,/CreditCardDetails,,creditcard,RI,True,,,,,,False,Credit Card Balance Transfer,,,,,transfer_balance_transfer,"{""action"": ""transfer"", ""card_type"": ""credit_card"", ""feature"": ""balance_transfer"", ""payment_type"": ""fund_transfer"", ""product"": ""credit_card""}",Balance Transfer|How to initiate a credit card balance transfer|How do I do a credit card balance transfer?|Credit Card Balance Transfer,Use for Credit Card Balance Transfer. Feature is balance transfer. Card type is credit card. Payment rail or bill type is fund transfer.
313,WEALTH,All,Financial Planning|How to create a financial plan,How do I create a financial plan?,"Build a comprehensive financial plan covering savings, investments, and goals.",FINANCIAL_PLANNING,,Redirection ,,,,,/creategoal,,liability|asset|creditcard,RI,True,,,,,,False,Financial Planning,,,,,create_financial_planning,"{""action"": ""create"", ""feature"": ""financial_planning"", ""product"": ""investment""}",Financial Planning|How to create a financial plan|How do I create a financial plan?,Use for Financial Planning. Feature is financial planning.
314,RAS,All,Share account details|How to share account details,How do I share my account details?,Share your account details securely for receiving payments or transfers.,SHARE_ACCOUNT_DETAILS,,Redirection ,,,,,/account,,liability|asset|creditcard,RI,True,,,,,,False,Share Account details,,,,,pay_account_details,"{""action"": ""pay"", ""feature"": ""account_details"", ""product"": ""account""}",Share account details|How to share account details|How do I share my account details?,Use for Share Account details. Feature is account details.
315,RL,All,Easy Buy Card details|How to see easy buy card details,How do I view my Easy Buy Card details?,View details of your Easy Buy Card including limits and usage.,VIEW_EASY_BUY_DETAILS,,Redirection ,,,,,/loansDashboard/easyBuyCard,,liability|asset|creditcard,RI,True,,,,,,False,Easy Buy Card Details,,,,,view_easy_card_details,"{""action"": ""view"", ""feature"": ""easy_card_details"", ""product"": ""easy_buy_card""}",Easy Buy Card details|How to see easy buy card details|How do I view my Easy Buy Card details?,Use for Easy Buy Card Details. Feature is easy card details.
316,WEALTH,All,Download my SIPs report|How to download my SIPs report,How do I download my SIPs report?,Download a detailed report of your SIP investments including transactions and performance.,DOWNLOAD_SIP_REPORT,,Redirection ,,,,,/mfSummary/holdings,,liability,RI,True,,,,,,False,Download my SIPs report,,,,,download_sips_report,"{""action"": ""download"", ""document_type"": ""sip_report"", ""feature"": ""sips_report"", ""investment_mode"": ""sip"", ""product"": ""sip""}",Download my SIPs report|How to download my SIPs report|How do I download my SIPs report?,Use for Download my SIPs report. Feature is sips report. Investment mode is sip. Document requested is sip report.
317,WEALTH,All,Download my Investment portfolio report|How to download my investment portfolio report,How do I download my investment portfolio report?,Download your complete investment portfolio report with holdings and valuation details.,DOWNLOAD_INVESTMENT_REPORT,,Redirection ,,,,,/investments,,liability,RI,True,,,,,,False,Download My Investment Portfolio Report,,,,,download_investment_portfolio_report,"{""action"": ""download"", ""document_type"": ""investment_portfolio_report"", ""feature"": ""investment_portfolio_report"", ""product"": ""investment""}",Download my Investment portfolio report|How to download my investment portfolio report|How do I download my investment portfolio report?,Use for Download My Investment Portfolio Report. Feature is investment portfolio report. Document requested is investment portfolio report.
318,RAS,All,Locate ATM or branch nearest to me|How to locate ATM or branch nearest to me,How do I locate the nearest ATM or branch?,Find the nearest ATM or bank branch quickly using location-based services.,LOCATE_ATM_BRANCH,,Redirection ,,,,,/servicerequests/dashboard/profile/LOCATE_NEAREST_BRANCH,,liability|asset|creditcard,RI,True,,,,,,False,Locate ATM or Nearest Branch,,,,,locate_atm_or_nearest_branch,"{""action"": ""locate"", ""feature"": ""atm_or_nearest_branch"", ""product"": ""banking_service""}",Locate ATM or branch nearest to me|How to locate ATM or branch nearest to me|How do I locate the nearest ATM or branch?|Locate ATM or Nearest Branch,Use for Locate ATM or Nearest Branch. Feature is atm or nearest branch.
319,RAS,All,How to update Aadhar details|ReKYC,How do I update my Aadhaar details?,Update your Aadhaar details to complete KYC or Re-KYC requirements.,UPDATE_AADHAAR,,Redirection ,,,,,/completeReKYC,,liability|asset|creditcard,RI,True,,,,,,False,KYC-ReKYC,,,,,update_re_kyc,"{""action"": ""update"", ""feature"": ""re_kyc"", ""product"": ""aadhaar"", ""profile_attribute"": ""aadhaar""}",How to update Aadhar details|ReKYC|How do I update my Aadhaar details?|KYC-ReKYC,Use for KYC-ReKYC. Feature is re kyc.
320,PLATFORM,All,Checksum|Where do I find Checksum,What is a checksum and where can I find it?,View checksum details required for verifying secure transactions or documents.,VIEW_CHECKSUM,,Redirection ,,,,,/servicerequests/dashboard,,liability|asset|creditcard,RI,True,,,,,,False,Checksum,,,,,view_checksum,"{""action"": ""view"", ""feature"": ""checksum"", ""product"": ""banking_service""}",Checksum|Where do I find Checksum|What is a checksum and where can I find it?,Use for Checksum. Feature is checksum.
321,PLATFORM,All,Device management|De-register Device|Deregister|De-register,How do I de-register my device?,De-register your device to remove access and enhance account security.,DEREGISTER_DEVICE,,Redirection ,,,,,/deviceManagement,,liability|asset|creditcard,RI,True,,,,,,False,De-register device,,,,,remove_de_register_device,"{""action"": ""remove"", ""feature"": ""de_register_device"", ""product"": ""account"", ""service_type"": ""device_management""}",Device management|De-register Device|Deregister|De-register|How do I de-register my device?,Use for De-register device. Feature is de register device. Service type is device management.
322,PLATFORM,All,Device management|Delink Device|Remove Device,How do I remove a registered device?,Remove or delink a device from your account for better security control.,REMOVE_DEVICE,,Redirection ,,,,,/deviceManagement,,liability|asset|creditcard,RI,True,,,,,,False,Remove Device,,,,,remove_device,"{""action"": ""remove"", ""feature"": ""device"", ""product"": ""account"", ""service_type"": ""device_management""}",Device management|Delink Device|Remove Device|How do I remove a registered device?,Use for Remove Device. Feature is device. Service type is device management.
323,RAS,All,Update Address|Change Address|Modify Address|Update residential Address|Residential address updation|Residential address modification|Address change|Revise address|Address revision|How do I update my address,How do I update my address?,Update your residential or permanent address to keep your KYC details current.,UPDATE_ADDRESS,,Redirection ,,,,,/profile,,liability|asset|creditcard,RI,True,,,,,,False,Update Address,,,,,update_address,"{""action"": ""update"", ""feature"": ""address"", ""product"": ""banking_service"", ""profile_attribute"": ""address""}",Update Address|Change Address|Modify Address|Update residential Address|Residential address updation|Residential address modification|Address change|Revise address|Address revision|How do I update my address|How do I update my address?,Use for Update Address. Feature is address.
324,RAS,All,My Rewards|My Reward Points|How do I view my Rewards|Reward points|Reward points checking|Using reward points|where do I use my reward points,How do I view my reward points?,View your reward points balance and track usage across transactions.,VIEW_MY_REWARD_POINTS,,Redirection ,,,,,/rewards/cclp,,liability|asset|creditcard,RI,True,,,,,,False,My Reward Points,,,,,view_reward_points_view_my_reward_points,"{""action"": ""view"", ""benefit_type"": ""reward_points"", ""feature"": ""reward_points"", ""product"": ""banking_service""}",My Rewards|My Reward Points|How do I view my Rewards|Reward points|Reward points checking|Using reward points|where do I use my reward points|How do I view my reward points?,Use for My Reward Points. Feature is reward points.
325,RAS,All,"Booster , Salary booster , Booster after Salary , Account Booster , Salary advance|How do I avail salary booster",How do I avail salary booster?,Access salary booster or advance facility for short-term financial needs.,SALARY_BOOSTER,,Redirection ,,,,,/salaryod,,liability|asset|creditcard,RI,True,,,,,,False,Salary Booster,,,,,view_salary_booster,"{""action"": ""view"", ""feature"": ""salary_booster"", ""product"": ""account""}","Booster , Salary booster , Booster after Salary , Account Booster , Salary advance|How do I avail salary booster|How do I avail salary booster?|Salary Booster",Use for Salary Booster. Feature is salary booster.
326,CX,All,Customer care|Call customer Care|How can I call customer care number,How do I contact customer care?,Connect with customer support for assistance with your banking queries.,CONTACT_CUSTOMER_CARE,,Redirection ,,,,,/servicerequests/dashboard,,liability|asset|creditcard,RI,True,,,,,,False,Customer Care,,,,,contact_customer_care,"{""action"": ""contact"", ""feature"": ""customer_care"", ""product"": ""banking_service"", ""service_type"": ""customer_care""}",Customer care|Call customer Care|How can I call customer care number|How do I contact customer care?,Use for Customer Care. Feature is customer care. Service type is customer care.
327,RAS,All,Refer and Earn|Refer|Earn,How does Refer and Earn work?,Refer friends and earn rewards when they join and use banking services.,REFER_AND_EARN,,Redirection ,,,,,/referandearn,,liability|asset|creditcard,RI,True,,,,,,False,Refer and Earn,,,,,refer_refer_and_earn,"{""action"": ""refer"", ""benefit_type"": ""reward_points"", ""feature"": ""refer_and_earn"", ""product"": ""banking_service""}",Refer and Earn|Refer|Earn|How does Refer and Earn work?,Use for Refer and Earn. Feature is refer and earn.
328,RAS,All,Deposit Routing Account|View All Savings|Residential Savings Account||My Accounts|,How do I view my accounts?,View all your savings and deposit accounts in one place.,VIEW_MY_ACCOUNTS,,Redirection ,,,,,/account,,liability|asset|creditcard,RI,True,,,,,,False,View My Accounts,,,,,view_accounts,"{""account_type"": ""savings_account"", ""action"": ""view"", ""feature"": ""accounts"", ""product"": ""account""}",Deposit Routing Account|View All Savings|Residential Savings Account|My Accounts|How do I view my accounts?|View My Accounts,Use for View My Accounts. Feature is accounts.
329,RAS,All,Overdraft Limit,What is my overdraft limit?,Check your available overdraft limit linked to your account.,VIEW_OVERDRAFT_LIMIT,,Redirection ,,,,,/account,,liability|asset|creditcard,RI,True,,,,,,False,Overdraft Limit,,,,,view_overdraft_limit,"{""action"": ""view"", ""feature"": ""overdraft_limit"", ""limit_type"": ""overdraft_limit"", ""product"": ""account""}",Overdraft Limit|What is my overdraft limit?,Use for Overdraft Limit. Feature is overdraft limit.
330,RAS,All,Sweep In Balance|Sweep Balance|Sweep,What is my sweep-in balance?,View the balance available through sweep-in facility linked to deposits.,VIEW_SWEEP_IN_BALANCE,,Redirection ,,,,,/account,,liability|asset|creditcard,RI,True,,,,,,False,Sweep In Balance,,,,,view_sweep_balance,"{""action"": ""view"", ""feature"": ""sweep_balance"", ""product"": ""banking_service""}",Sweep In Balance|Sweep Balance|Sweep|What is my sweep-in balance?,Use for Sweep In Balance. Feature is sweep balance.
331,RAS,All,Unclear Funds,What are unclear funds in my account?,Check funds that are not yet cleared or available for withdrawal.,VIEW_UNCLEAR_FUNDS,,Redirection ,,,,,/account,,liability|asset|creditcard,RI,True,,,,,,False,Unclear Funds,,,,,view_unclear_funds,"{""action"": ""view"", ""feature"": ""unclear_funds"", ""product"": ""account""}",Unclear Funds|What are unclear funds in my account?,Use for Unclear Funds. Feature is unclear funds.
332,WEALTH,All,Term Insurance|Bajaj Allianz Life|ICICI Prudential,How do I view my term insurance details?,View your term insurance policies and coverage details.,VIEW_TERM_INSURANCE,,Redirection ,,,,,/insuranceDashboard,,liability|asset|creditcard,RI,True,,,,,,False,Term Insurance,,,,,view_term_insurance,"{""action"": ""view"", ""feature"": ""term_insurance"", ""insurance_type"": ""term"", ""product"": ""insurance""}",Term Insurance|Bajaj Allianz Life|ICICI Prudential|How do I view my term insurance details?,Use for Term Insurance. Feature is term insurance. Insurance type is term.
333,WEALTH,All,Total Premium,How do I check my total insurance premium?,View the total premium payable for your insurance policies.,VIEW_TOTAL_PREMIUM,,Redirection ,,,,,/insuranceDashboard,,liability|asset|creditcard,RI,True,,,,,,False,Total Premium - Insurance,,,,,view_total_premium_insurance,"{""action"": ""view"", ""biller_type"": ""insurance_premium"", ""feature"": ""total_premium_insurance"", ""insurance_type"": ""premium"", ""product"": ""insurance""}",Total Premium|How do I check my total insurance premium?|Total Premium - Insurance,Use for Total Premium - Insurance. Feature is total premium insurance. Biller type is insurance premium. Insurance type is premium.
334,WEALTH,All,Secure Your Family's Future,How do I secure my family’s future?,Explore insurance plans that help secure your family’s financial future.,SECURE_FAMILY_FUTURE,,Redirection ,,,,,/insuranceDashboard,,liability|asset|creditcard,RI,True,,,,,,False,Secure Your Family's Future - Insurance,,,,,view_secure_family_s_future_insurance,"{""action"": ""view"", ""feature"": ""secure_family_s_future_insurance"", ""insurance_type"": ""family"", ""product"": ""insurance""}",Secure Your Family's Future|How do I secure my family’s future?|Secure Your Family's Future - Insurance,Use for Secure Your Family's Future - Insurance. Feature is secure family s future insurance. Insurance type is family.
335,WEALTH,All,Buy Health Insurance|Protect Yourself,How do I buy health insurance?,Purchase health insurance plans to protect yourself against medical expenses.,BUY_HEALTH_INSURANCE,,Redirection ,,,,,/insuranceDashboard,,liability|asset|creditcard,RI,True,,,,,,False,Protect Yourself - Insurance,,,,,buy_protect_yourself_insurance,"{""action"": ""buy"", ""feature"": ""protect_yourself_insurance"", ""insurance_type"": ""health"", ""product"": ""insurance""}",Buy Health Insurance|Protect Yourself|How do I buy health insurance?|Protect Yourself - Insurance,Use for Protect Yourself - Insurance. Feature is protect yourself insurance. Insurance type is health.
336,WEALTH,All,Increase Existing Health Cover|Additional Cover,How do I increase my health cover?,Enhance your existing health insurance coverage with additional benefits.,INCREASE_HEALTH_COVER,,Redirection ,,,,,/insuranceDashboard,,liability|asset|creditcard,RI,True,,,,,,False,Increase Existing Health Cover,,,,,add_existing_health_cover,"{""action"": ""add"", ""feature"": ""existing_health_cover"", ""insurance_type"": ""health"", ""product"": ""health_insurance""}",Increase Existing Health Cover|Additional Cover|How do I increase my health cover?,Use for Increase Existing Health Cover. Feature is existing health cover. Insurance type is health.
337,WEALTH,All,Motor Insurance,How do I buy motor insurance?,Get motor insurance to protect your vehicle against damages and liabilities.,BUY_MOTOR_INSURANCE,,Redirection ,,,,,/insuranceDashboard,,liability|asset|creditcard,RI,True,,,,,,False,Motor Insurance,,,,,buy_motor_insurance,"{""action"": ""buy"", ""feature"": ""motor_insurance"", ""insurance_type"": ""motor"", ""product"": ""insurance""}",Motor Insurance|How do I buy motor insurance?,Use for Motor Insurance. Feature is motor insurance. Insurance type is motor.
338,WEALTH,All,Calculate Ideal Cover,How do I calculate my ideal insurance cover?,Calculate the right insurance coverage based on your needs and lifestyle.,CALCULATE_IDEAL_COVER,,Redirection ,,,,,/insuranceDashboard,,liability|asset|creditcard,RI,True,,,,,,False,Calculate Ideal Cover - Insurance,,,,,calculate_ideal_cover_insurance,"{""action"": ""calculate"", ""feature"": ""ideal_cover_insurance"", ""insurance_type"": ""ideal_cover"", ""product"": ""insurance""}",Calculate Ideal Cover|How do I calculate my ideal insurance cover?|Calculate Ideal Cover - Insurance,Use for Calculate Ideal Cover - Insurance. Feature is ideal cover insurance. Insurance type is ideal cover.
339,WEALTH,All,Health Cover Need Analysis,How do I assess my health cover needs?,Analyze your healthcare needs to choose the right insurance plan.,HEALTH_COVER_ANALYSIS,,Redirection ,,,,,/insuranceDashboard,,liability|asset|creditcard,RI,True,,,,,,False,Health Cover Need Analysis,,,,,view_health_cover_need_analysis,"{""action"": ""view"", ""feature"": ""health_cover_need_analysis"", ""insurance_type"": ""health"", ""product"": ""health_insurance""}",Health Cover Need Analysis|How do I assess my health cover needs?,Use for Health Cover Need Analysis. Feature is health cover need analysis. Insurance type is health.
340,WEALTH,All,Find Your Ideal Cover,How do I find my ideal insurance cover?,Discover the most suitable insurance plan based on your profile.,FIND_IDEAL_INSURANCE,,Redirection ,,,,,/insuranceDashboard,,liability|asset|creditcard,RI,True,,,,,,False,Find Your Ideal Insurance Cover,,,,,view_ideal_insurance_cover,"{""action"": ""view"", ""feature"": ""ideal_insurance_cover"", ""product"": ""insurance"", ""service_type"": ""profile_update""}",Find Your Ideal Cover|How do I find my ideal insurance cover?|Find Your Ideal Insurance Cover,Use for Find Your Ideal Insurance Cover. Feature is ideal insurance cover. Service type is profile update.
341,WEALTH,All,Add On Protection,What are add-on protection options?,Explore add-on covers to enhance your insurance protection.,ADD_ON_PROTECTION,,Redirection ,,,,,/insuranceDashboard,,liability|asset|creditcard,RI,True,,,,,,False,Add On Protection - Insurance,,,,,add_on_protection_insurance,"{""action"": ""add"", ""feature"": ""on_protection_insurance"", ""insurance_type"": ""add_on"", ""product"": ""insurance""}",Add On Protection|What are add-on protection options?|Add On Protection - Insurance,Use for Add On Protection - Insurance. Feature is on protection insurance. Insurance type is add on.
342,WEALTH,All,Long Term Protection,How do I get long-term protection?,Choose long-term insurance plans for sustained financial security.,LONG_TERM_PROTECTION,,Redirection ,,,,,/insuranceDashboard,,liability|asset|creditcard,RI,True,,,,,,False,Long Term Protection,,,,,view_long_term_protection,"{""action"": ""view"", ""feature"": ""long_term_protection"", ""insurance_type"": ""term"", ""product"": ""insurance""}",Long Term Protection|How do I get long-term protection?,Use for Long Term Protection. Feature is long term protection. Insurance type is term.
343,WEALTH,All,Life Cover,How do I get life insurance cover?,Get life insurance coverage to financially protect your loved ones.,BUY_LIFE_COVER,,Redirection ,,,,,/insuranceDashboard,,liability|asset|creditcard,RI,True,,,,,,False,Life Cover - Insurance,,,,,buy_life_cover_insurance,"{""action"": ""buy"", ""feature"": ""life_cover_insurance"", ""insurance_type"": ""life"", ""product"": ""insurance""}",Life Cover|How do I get life insurance cover?|Life Cover - Insurance,Use for Life Cover - Insurance. Feature is life cover insurance. Insurance type is life.
344,WEALTH,All,Buy Two Wheeler Insurance,How do I buy two-wheeler insurance?,Purchase insurance for your bike or scooter with ease.,BUY_TWO_WHEELER_INSURANCE,,Redirection ,,,,,/insuranceDashboard,,liability|asset|creditcard,RI,True,,,,,,False,Buy Two Wheeler Insurance,,,,,buy_two_wheeler_insurance,"{""action"": ""buy"", ""feature"": ""two_wheeler_insurance"", ""insurance_type"": ""two_wheeler"", ""loan_type"": ""two_wheeler_loan"", ""product"": ""insurance""}",Buy Two Wheeler Insurance|How do I buy two-wheeler insurance?,Use for Buy Two Wheeler Insurance. Feature is two wheeler insurance. Insurance type is two wheeler. Loan type is two wheeler loan.
345,CC,All,Card Privileges|Your Card Privileges|Credit Card Privileges|How do I get my Credit Card Privileges,How do I view my card privileges?,View benefits and privileges associated with your credit card.,VIEW_CARD_PRIVILEGES,,Redirection ,,,,,/cards,,liability|asset|creditcard,RI,True,,,,,,False,Your Card Privileges,,,,,view_card_privileges,"{""action"": ""view"", ""card_type"": ""credit_card"", ""feature"": ""card_privileges"", ""product"": ""credit_card""}",Card Privileges|Your Card Privileges|Credit Card Privileges|How do I get my Credit Card Privileges|How do I view my card privileges?,Use for Your Card Privileges. Feature is card privileges. Card type is credit card.
346,CC,All,Card Controls|Debit Card controls|How do I find Debit Card Card Controls?,How do I manage my debit card controls?,"Manage debit card settings like limits, usage, and security controls.",MANAGE_DEBIT_CARD_CONTROLS,,Redirection ,,,,,/cards,,liability|asset|creditcard,RI,True,,,,,,False,Debit Card Controls,,,,,manage_debit_card_controls,"{""action"": ""manage"", ""card_type"": ""debit_card"", ""feature"": ""debit_card_controls"", ""product"": ""debit_card"", ""service_type"": ""settings_management""}",Card Controls|Debit Card controls|How do I find Debit Card Card Controls?|How do I manage my debit card controls?,Use for Debit Card Controls. Feature is debit card controls. Service type is settings management. Card type is debit card.
347,CC,All,Card Controls|Credit Card controls|Manage Credit Card|Credit controls|How do I find Card Controls?,How do I manage my credit card controls?,"Manage credit card settings including limits, usage, and security preferences.",MANAGE_CREDIT_CARD_CONTROLS,,Redirection ,,,,,/cards,,liability|asset|creditcard,RI,True,,,,,,False,Credit Card Controls,,,,,manage_credit_card_controls,"{""action"": ""manage"", ""card_type"": ""credit_card"", ""feature"": ""credit_card_controls"", ""product"": ""credit_card"", ""service_type"": ""settings_management""}",Card Controls|Credit Card controls|Manage Credit Card|Credit controls|How do I find Card Controls?|How do I manage my credit card controls?,Use for Credit Card Controls. Feature is credit card controls. Service type is settings management. Card type is credit card.
348,CC,All,Update Credit Card Profile|Update Card profile|How do I change my profile details?|How do I change credit card details?,How do I update my credit card profile?,Update your credit card profile details and personal information.,UPDATE_CC_PROFILE,,Redirection ,,,,,/cards,,liability|asset|creditcard,RI,True,,,,,,False,Update Credit Card Profile,,,,,update_credit_card_profile,"{""action"": ""update"", ""card_type"": ""credit_card"", ""feature"": ""credit_card_profile"", ""product"": ""credit_card"", ""service_type"": ""profile_update""}",Update Credit Card Profile|Update Card profile|How do I change my profile details?|How do I change credit card details?|How do I update my credit card profile?,Use for Update Credit Card Profile. Feature is credit card profile. Service type is profile update. Card type is credit card.
349,RL,All,Update CIBIL Status,How do I update my CIBIL status?,Check and update your CIBIL score or status for better loan eligibility.,UPDATE_CIBIL,,Redirection ,,,,,/servicerequests/dashboard,,liability|asset|creditcard,RI,True,,,,,,False,Update CIBIL Status,,,,,update_cibil_status,"{""action"": ""update"", ""feature"": ""cibil_status"", ""product"": ""cibil"", ""profile_attribute"": ""cibil""}",Update CIBIL Status|How do I update my CIBIL status?,Use for Update CIBIL Status. Feature is cibil status.
350,RL,All,Update CIBIL Status|know more about loans|Track loan application|EMI Calculator|Pay Later,How do I track my loan application?,Track the status of your loan application and related updates.,TRACK_LOAN_APPLICATION,,Redirection ,,,,,/loansDashboard,,liability|asset|creditcard,RI,True,,,,,,False,Track Loan Application,,,,,track_loan_application,"{""action"": ""track"", ""feature"": ""loan_application"", ""loan_type"": ""loan_application"", ""product"": ""loan""}",Update CIBIL Status|know more about loans|Track loan application|EMI Calculator|Pay Later|How do I track my loan application?,Use for Track Loan Application. Feature is loan application. Loan type is loan application.
351,WEALTH,All,balanced|balanced investment,What is a balanced investor profile?,Understand the balanced investor profile with moderate risk and return preferences.,BALANCED_INVESTOR_PROFILE,,Redirection ,,,,,/riskprofile,,liability|asset|creditcard,RI,True,,,,,,False,Balanced Investor,,,,,invest_balanced_investor,"{""action"": ""invest"", ""feature"": ""balanced_investor"", ""product"": ""profile"", ""service_type"": ""profile_update""}",balanced|balanced investment|What is a balanced investor profile?|Balanced Investor,Use for Balanced Investor. Feature is balanced investor. Service type is profile update.
352,WEALTH,All,aggressive investment|aggression,What is an aggressive investor profile?,Understand aggressive investment strategies focused on high risk and high returns.,AGGRESSIVE_INVESTOR_PROFILE,,Redirection ,,,,,/riskprofile,,liability|asset|creditcard,RI,True,,,,,,False,Aggressive Investor,,,,,invest_aggressive_investor,"{""action"": ""invest"", ""feature"": ""aggressive_investor"", ""product"": ""profile"", ""service_type"": ""profile_update""}",aggressive investment|aggression|What is an aggressive investor profile?|Aggressive Investor,Use for Aggressive Investor. Feature is aggressive investor. Service type is profile update.
353,WEALTH,All,IT sector funds|IT|IT index,How do I invest in IT sector funds?,Invest in IT sector funds to gain exposure to technology-driven companies.,INVEST_IT_FUNDS,,Redirection ,,,,,/investments,,liability|asset|creditcard,RI,True,,,,,,False,Invest in IT Companies,,,,,invest_it_companies,"{""action"": ""invest"", ""feature"": ""it_companies"", ""fund_category"": ""it_sector"", ""product"": ""mutual_fund""}",IT sector funds|IT|IT index|How do I invest in IT sector funds?|Invest in IT Companies,Use for Invest in IT Companies. Feature is it companies. Fund category is it sector.
354,WEALTH,All,top companies|invest in top companies,How do I invest in top companies?,Invest in leading companies with strong market presence and performance.,INVEST_TOP_COMPANIES,,Redirection ,,,,,/investments,,liability|asset|creditcard,RI,True,,,,,,False,Invest in Top Companies,,,,,invest_top_companies,"{""action"": ""invest"", ""feature"": ""top_companies"", ""product"": ""banking_service""}",top companies|invest in top companies|How do I invest in top companies?,Use for Invest in Top Companies. Feature is top companies.
355,WEALTH,All,bank deposits|alternate to bank deposits,What are alternatives to bank deposits?,Explore investment options that can offer better returns than traditional deposits.,ALTERNATIVE_TO_DEPOSITS,,Redirection ,,,,,/investments,,liability|asset|creditcard,RI,True,,,,,,False,Alternate to Bank Deposits,,,,,invest_alternate_bank_deposits,"{""action"": ""invest"", ""feature"": ""alternate_bank_deposits"", ""product"": ""investment""}",bank deposits|alternate to bank deposits|What are alternatives to bank deposits?,Use for Alternate to Bank Deposits. Feature is alternate bank deposits.
356,WEALTH,All,bond funds,How do I invest in bond funds?,Invest in bond funds for stable income and lower risk exposure.,INVEST_BOND_FUNDS,,Redirection ,,,,,/investments,,liability|asset|creditcard,RI,True,,,,,,False,Invest in Bond Funds,,,,,invest_bond_funds,"{""action"": ""invest"", ""feature"": ""bond_funds"", ""fund_category"": ""bond"", ""product"": ""mutual_fund""}",bond funds|How do I invest in bond funds?|Invest in Bond Funds,Use for Invest in Bond Funds. Feature is bond funds. Fund category is bond.
357,WEALTH,All,elss|investment in elss,How do I invest in ELSS funds?,Invest in ELSS funds to save tax while earning market-linked returns.,INVEST_ELSS,,Redirection ,,,,,/investinmf,,liability|asset|creditcard,RI,True,,,,,,False,Invest in ELSS,,,,,invest_elss,"{""action"": ""invest"", ""feature"": ""elss"", ""fund_category"": ""elss"", ""product"": ""mutual_fund""}",elss|investment in elss|How do I invest in ELSS funds?|Invest in ELSS,Use for Invest in ELSS. Feature is elss. Fund category is elss.
358,WEALTH,All,fintech|MF|SIPs,How do I invest in banking and fintech funds?,Invest in mutual funds focused on banking and fintech sectors.,INVEST_FINTECH_FUNDS,,Redirection ,,,,,/investinmf,,liability|asset|creditcard,RI,True,,,,,,False,Invest in Banking and Fintech,,,,,invest_banking_and_fintech,"{""action"": ""invest"", ""feature"": ""banking_and_fintech"", ""fund_category"": ""banking_and_fintech"", ""product"": ""mutual_fund""}",fintech|MF|SIPs|How do I invest in banking and fintech funds?|Invest in Banking and Fintech,Use for Invest in Banking and Fintech. Feature is banking and fintech. Fund category is banking and fintech.
359,WEALTH,All,debt mutual funds|MF|SIPs,How do I invest in SIP mutual funds?,Start SIP investments to build wealth through disciplined investing.,INVEST_MF_SIP,,Redirection ,,,,,/diymf,,liability|asset|creditcard,RI,True,,,,,,False,Invest in MF - SIP,,,,,invest_mf_sip,"{""action"": ""invest"", ""feature"": ""mf_sip"", ""investment_mode"": ""sip"", ""product"": ""mutual_fund""}",debt mutual funds|MF|SIPs|How do I invest in SIP mutual funds?|Invest in MF - SIP,Use for Invest in MF - SIP. Feature is mf sip. Investment mode is sip.
360,WEALTH,All,handpicked funds|MF|SIPs,How do I invest in handpicked funds?,Invest in curated or handpicked mutual funds based on expert selection.,INVEST_HANDPICKED_FUNDS,,Redirection ,,,,,/investinmf,,liability|asset|creditcard,RI,True,,,,,,False,Invest in Handpicked Funds,,,,,invest_handpicked_funds,"{""action"": ""invest"", ""feature"": ""handpicked_funds"", ""fund_category"": ""handpicked"", ""investment_mode"": ""handpicked"", ""product"": ""mutual_fund""}",handpicked funds|MF|SIPs|How do I invest in handpicked funds?|Invest in Handpicked Funds,Use for Invest in Handpicked Funds. Feature is handpicked funds. Investment mode is handpicked. Fund category is handpicked.
361,FX,All,Overseas investment|How to invest overseas,How do I invest overseas?,Explore options to invest in international markets and diversify your portfolio.,INVEST_OVERSEAS,,Redirection ,,,,,/payabroad,,liability,RI,True,,,,,,False,Overseas Investment,,,,,invest_overseas_investment,"{""action"": ""invest"", ""feature"": ""overseas_investment"", ""product"": ""investment"", ""usage_scope"": ""international""}",Overseas investment|How to invest overseas|How do I invest overseas?,Use for Overseas Investment. Feature is overseas investment.
362,FX,All,CAD|Canadian Dollars|How to pay in Canadian Dollars,How do I pay in Canadian Dollars?,Make international payments in Canadian Dollars securely through the app.,PAY_IN_CAD,,Redirection ,,,,,/payabroad,,liability,RI,True,,,,,,False,Pay in Canadian Dollars,,,,,pay_canadian_dollars,"{""action"": ""pay"", ""feature"": ""canadian_dollars"", ""payment_type"": ""cad"", ""product"": ""banking_service"", ""usage_scope"": ""international""}",CAD|Canadian Dollars|How to pay in Canadian Dollars|How do I pay in Canadian Dollars?|Pay in Canadian Dollars,Use for Pay in Canadian Dollars. Feature is canadian dollars. Payment rail or bill type is cad.
363,FX,All,AUD|Australian Dollars|How to pay in Australian Dollars,How do I pay in Australian Dollars?,Send or pay money in Australian Dollars for international transactions.,PAY_IN_AUD,,Redirection ,,,,,/payabroad,,liability,RI,True,,,,,,False,Pay in Australian Dollars,,,,,pay_australian_dollars,"{""action"": ""pay"", ""feature"": ""australian_dollars"", ""payment_type"": ""aud"", ""product"": ""banking_service"", ""usage_scope"": ""international""}",AUD|Australian Dollars|How to pay in Australian Dollars|How do I pay in Australian Dollars?|Pay in Australian Dollars,Use for Pay in Australian Dollars. Feature is australian dollars. Payment rail or bill type is aud.
364,FX,All,SGD|Singapore Dollars|How to pay in Singapore Dollars,How do I pay in Singapore Dollars?,Make payments in Singapore Dollars easily using international transfer options.,PAY_IN_SGD,,Redirection ,,,,,/payabroad,,liability,RI,True,,,,,,False,Pay in Singapore Dollars,,,,,pay_singapore_dollars,"{""action"": ""pay"", ""feature"": ""singapore_dollars"", ""payment_type"": ""sgd"", ""product"": ""banking_service"", ""usage_scope"": ""international""}",SGD|Singapore Dollars|How to pay in Singapore Dollars|How do I pay in Singapore Dollars?|Pay in Singapore Dollars,Use for Pay in Singapore Dollars. Feature is singapore dollars. Payment rail or bill type is sgd.
365,INVESTMENTS,All,Track external mutual funds|Track all your mutual fund holdings|External mutual funds holdings|How do I track my external mutual fund holding|Sync all your mutual funds|Zerodha mutual funds|Groww mutual funds,How do I track external mutual funds?,Track mutual fund investments held outside the bank in one consolidated view.,TRACK_EXTERNAL_MF,,Redirection ,,,,,/mfSummary/holdings,,liability,RI,True,,,,,,False,Track External Mutual Funds,,,,,track_external_mutual_funds,"{""action"": ""track"", ""feature"": ""external_mutual_funds"", ""product"": ""mutual_fund""}",Track external mutual funds|Track all your mutual fund holdings|External mutual funds holdings|How do I track my external mutual fund holding|Sync all your mutual funds|Zerodha mutual funds|Groww mutual funds|How do I track external mutual funds?,Use for Track External Mutual Funds. Feature is external mutual funds.
366,RAS,All,Airport lounge access|How do I know about Airport lounge access,How do I access airport lounge benefits?,Check your eligibility and access airport lounge benefits using your card.,AIRPORT_LOUNGE_ACCESS,,Redirection ,,,,,/cards,,liability,RI,True,,,,,,False,Airport Lounge Access,,,,,view_airport_lounge,"{""action"": ""view"", ""benefit_type"": ""airport_lounge"", ""feature"": ""airport_lounge"", ""product"": ""banking_service""}",Airport lounge access|How do I know about Airport lounge access|How do I access airport lounge benefits?,Use for Airport Lounge Access. Feature is airport lounge.
367,WEALTH,All,Invest in SBI - MF|SBI,How do I invest in SBI mutual funds?,Invest in SBI mutual funds to diversify your portfolio with trusted fund options.,INVEST_SBI_MF,,Redirection ,,,,,/investinmf,,liability,RI,True,,,,,,False,Invest in SBI - MF,,,,,invest_sbi_mf,"{""action"": ""invest"", ""feature"": ""sbi_mf"", ""fund_house"": ""sbi"", ""product"": ""mutual_fund""}",Invest in SBI - MF|SBI|How do I invest in SBI mutual funds?,Use for Invest in SBI - MF. Feature is sbi mf. Fund house is sbi.
368,WEALTH,All,Invest in HDFC - MF|HDFC,How do I invest in HDFC mutual funds?,Invest in HDFC mutual funds for long-term wealth creation.,INVEST_HDFC_MF,,Redirection ,,,,,/investinmf,,liability,RI,True,,,,,,False,Invest in HDFC - MF,,,,,invest_hdfc_mf,"{""action"": ""invest"", ""feature"": ""hdfc_mf"", ""fund_house"": ""hdfc"", ""product"": ""mutual_fund""}",Invest in HDFC - MF|HDFC|How do I invest in HDFC mutual funds?,Use for Invest in HDFC - MF. Feature is hdfc mf. Fund house is hdfc.
369,WEALTH,All,Invest in ICICI - MF|ICICI,How do I invest in ICICI mutual funds?,Choose and invest in ICICI mutual fund schemes based on your goals.,INVEST_ICICI_MF,,Redirection ,,,,,/investinmf,,liability,RI,True,,,,,,False,Invest in ICICI - MF,,,,,invest_icici_mf,"{""action"": ""invest"", ""feature"": ""icici_mf"", ""fund_house"": ""icici"", ""product"": ""mutual_fund""}",Invest in ICICI - MF|ICICI|How do I invest in ICICI mutual funds?,Use for Invest in ICICI - MF. Feature is icici mf. Fund house is icici.
370,WEALTH,All,Invest in Flexi Cap Funds|Small Cap|Mid Cap|Large Cap|Flexi Cap|Quant Funds|Qaunt Funds,How do I invest in flexi cap mutual funds?,Invest in flexi cap funds that dynamically allocate across market capitalizations.,INVEST_FLEXI_CAP_MF,,Redirection ,,,,,/investinmf,,liability,RI,True,,,,,,False,Invest in Flexi Cap Mutual Funds,,,,,invest_flexi_cap_mutual_funds,"{""action"": ""invest"", ""feature"": ""flexi_cap_mutual_funds"", ""fund_category"": ""flexi_cap"", ""product"": ""mutual_fund""}",Invest in Flexi Cap Funds|Small Cap|Mid Cap|Large Cap|Flexi Cap|Quant Funds|Qaunt Funds|How do I invest in flexi cap mutual funds?|Invest in Flexi Cap Mutual Funds,Use for Invest in Flexi Cap Mutual Funds. Feature is flexi cap mutual funds. Fund category is flexi cap.
371,WEALTH,All,Invest in Small Cap Funds|Small Cap|Mid Cap|Large Cap|Flexi Cap|Quant Funds|Qaunt Funds,How do I invest in small cap mutual funds?,Invest in small cap funds for high growth potential with higher risk.,INVEST_SMALL_CAP_MF,,Redirection ,,,,,/investinmf,,liability,RI,True,,,,,,False,Invest in Small Cap Mutual Funds,,,,,invest_small_cap_mutual_funds,"{""action"": ""invest"", ""feature"": ""small_cap_mutual_funds"", ""fund_category"": ""small_cap"", ""product"": ""mutual_fund""}",Invest in Small Cap Funds|Small Cap|Mid Cap|Large Cap|Flexi Cap|Quant Funds|Qaunt Funds|How do I invest in small cap mutual funds?|Invest in Small Cap Mutual Funds,Use for Invest in Small Cap Mutual Funds. Feature is small cap mutual funds. Fund category is small cap.
372,WEALTH,All,Invest in Mid Cap Funds|Small Cap|Mid Cap|Large Cap|Flexi Cap|Quant Funds|Qaunt Funds,How do I invest in mid cap mutual funds?,Invest in mid cap funds to capture growth from emerging companies.,INVEST_MID_CAP_MF,,Redirection ,,,,,/investinmf,,liability,RI,True,,,,,,False,Invest in Mid Cap Mutual Funds,,,,,invest_mid_cap_mutual_funds,"{""action"": ""invest"", ""feature"": ""mid_cap_mutual_funds"", ""fund_category"": ""mid_cap"", ""product"": ""mutual_fund""}",Invest in Mid Cap Funds|Small Cap|Mid Cap|Large Cap|Flexi Cap|Quant Funds|Qaunt Funds|How do I invest in mid cap mutual funds?|Invest in Mid Cap Mutual Funds,Use for Invest in Mid Cap Mutual Funds. Feature is mid cap mutual funds. Fund category is mid cap.
373,WEALTH,All,Invest in Quant Funds|Small Cap|Mid Cap|Large Cap|Flexi Cap|Quant Funds|Qaunt Funds,How do I invest in quant mutual funds?,Invest in quant-based funds that use data-driven strategies for portfolio selection.,INVEST_QUANT_MF,,Redirection ,,,,,/investinmf,,liability,RI,True,,,,,,False,Invest in Quant Mutual Funds,,,,,invest_quant_mutual_funds,"{""action"": ""invest"", ""feature"": ""quant_mutual_funds"", ""fund_category"": ""quant"", ""product"": ""mutual_fund""}",Invest in Quant Funds|Small Cap|Mid Cap|Large Cap|Flexi Cap|Quant Funds|Qaunt Funds|How do I invest in quant mutual funds?|Invest in Quant Mutual Funds,Use for Invest in Quant Mutual Funds. Feature is quant mutual funds. Fund category is quant.
374,WEALTH,All,Franklin MF|Invest in Franklin,How do I invest in Franklin mutual funds?,Invest in Franklin mutual funds for diversified investment options.,INVEST_FRANKLIN_MF,,Redirection ,,,,,/investinmf,,liability,RI,True,,,,,,False,Invest in Franklin√î√∏Œ©MF,,,,,invest_franklin_mf,"{""action"": ""invest"", ""feature"": ""franklin_mf"", ""fund_house"": ""franklin"", ""product"": ""mutual_fund""}",Franklin MF|Invest in Franklin|How do I invest in Franklin mutual funds?|Invest in Franklin√î√∏Œ©MF,Use for Invest in Franklin√î√∏Œ©MF. Feature is franklin mf. Fund house is franklin.
375,WEALTH,All,TATA MF|Invest in TATA MF,How do I invest in TATA MF?,Choose and invest in TATA mutual fund schemes conveniently.,INVEST_TATA_MF,,Redirection ,,,,,/investinmf,,liability,RI,True,,,,,,False,Invest in TATA MF,,,,,invest_tata_mf,"{""action"": ""invest"", ""feature"": ""tata_mf"", ""fund_house"": ""tata"", ""product"": ""mutual_fund""}",TATA MF|Invest in TATA MF|How do I invest in TATA MF?,Use for Invest in TATA MF. Feature is tata mf. Fund house is tata.
376,WEALTH,All,Motilal MF|Invest in Motilal MF,How do I invest in Motilal mutual funds?,Invest in Motilal Oswal mutual funds based on your financial goals.,INVEST_MOTILAL_MF,,Redirection ,,,,,/investinmf,,liability,RI,True,,,,,,False,Invest in Motilal MF,,,,,invest_motilal_mf,"{""action"": ""invest"", ""feature"": ""motilal_mf"", ""fund_house"": ""motilal_oswal"", ""product"": ""mutual_fund""}",Motilal MF|Invest in Motilal MF|How do I invest in Motilal mutual funds?,Use for Invest in Motilal MF. Feature is motilal mf. Fund house is motilal oswal.
377,WEALTH,All,UTI MF|Invest in UTI MF,How do I invest in UTI mutual funds?,Explore UTI mutual fund options and start investing.,INVEST_UTI_MF,,Redirection ,,,,,/investinmf,,liability,RI,True,,,,,,False,Invest in UTI MF,,,,,invest_uti_mf,"{""action"": ""invest"", ""feature"": ""uti_mf"", ""fund_house"": ""uti"", ""product"": ""mutual_fund""}",UTI MF|Invest in UTI MF|How do I invest in UTI mutual funds?,Use for Invest in UTI MF. Feature is uti mf. Fund house is uti.
378,WEALTH,All,Aditya Birla MF|Invest in Aditya Birla MF,How do I invest in Aditya Birla mutual funds?,Invest in Aditya Birla mutual funds for diversified portfolio growth.,INVEST_ADITYA_BIRLA_MF,,Redirection ,,,,,/investinmf,,liability,RI,True,,,,,,False,Invest in Aditya Birla MF,,,,,invest_aditya_birla_mf,"{""action"": ""invest"", ""feature"": ""aditya_birla_mf"", ""fund_house"": ""aditya_birla"", ""product"": ""mutual_fund""}",Aditya Birla MF|Invest in Aditya Birla MF|How do I invest in Aditya Birla mutual funds?,Use for Invest in Aditya Birla MF. Feature is aditya birla mf. Fund house is aditya birla.
379,WEALTH,All,Bajaj Finserve MF|Invest in Bajaj Finserve MF,How do I invest in Bajaj Finserv mutual funds?,Explore and invest in Bajaj Finserv mutual fund offerings.,INVEST_BAJAJ_MF,,Redirection ,,,,,/investinmf,,liability,RI,True,,,,,,False,Invest in Bajaj Finserve MF,,,,,invest_bajaj_finserve_mf,"{""action"": ""invest"", ""feature"": ""bajaj_finserve_mf"", ""fund_house"": ""bajaj_finserv"", ""product"": ""mutual_fund""}",Bajaj Finserve MF|Invest in Bajaj Finserve MF|How do I invest in Bajaj Finserv mutual funds?,Use for Invest in Bajaj Finserve MF. Feature is bajaj finserve mf. Fund house is bajaj finserv.
380,WEALTH,All,Canara Rob MF|Invest in Canara Rob MF,How do I invest in Canara Robeco mutual funds?,Invest in Canara Robeco mutual funds for diversified investment options.,INVEST_CANARA_MF,,Redirection ,,,,,/investinmf,,liability,RI,True,,,,,,False,Invest in Canara Rob MF,,,,,invest_canara_rob_mf,"{""action"": ""invest"", ""feature"": ""canara_rob_mf"", ""fund_house"": ""canara_robeco"", ""product"": ""mutual_fund""}",Canara Rob MF|Invest in Canara Rob MF|How do I invest in Canara Robeco mutual funds?,Use for Invest in Canara Rob MF. Feature is canara rob mf. Fund house is canara robeco.
381,WEALTH,All,Groww MF|Invest in Groww MF,How do I invest in Groww mutual funds?,Invest in mutual funds available via Groww integration or external holdings.,INVEST_GROWW_MF,,Redirection ,,,,,/investinmf,,liability,RI,True,,,,,,False,Invest in Groww MF,,,,,invest_groww_mf,"{""action"": ""invest"", ""feature"": ""groww_mf"", ""fund_house"": ""groww"", ""product"": ""mutual_fund""}",Groww MF|Invest in Groww MF|How do I invest in Groww mutual funds?,Use for Invest in Groww MF. Feature is groww mf. Fund house is groww.
382,WEALTH,All,HSBC MF|Invest in HSBC MF,How do I invest in HSBC mutual funds?,Invest in HSBC mutual fund schemes to diversify your portfolio.,INVEST_HSBC_MF,,Redirection ,,,,,/investinmf,,liability,RI,True,,,,,,False,Invest in HSBC MF,,,,,invest_hsbc_mf,"{""action"": ""invest"", ""feature"": ""hsbc_mf"", ""fund_house"": ""hsbc"", ""product"": ""mutual_fund""}",HSBC MF|Invest in HSBC MF|How do I invest in HSBC mutual funds?,Use for Invest in HSBC MF. Feature is hsbc mf. Fund house is hsbc.
383,WEALTH,All,LIC MF|Invest in LIC MF,How do I invest in LIC mutual funds?,Explore and invest in LIC mutual fund offerings easily.,INVEST_LIC_MF,,Redirection ,,,,,/investinmf,,liability,RI,True,,,,,,False,Invest in LIC MF,,,,,invest_lic_mf,"{""action"": ""invest"", ""feature"": ""lic_mf"", ""fund_house"": ""lic"", ""product"": ""mutual_fund""}",LIC MF|Invest in LIC MF|How do I invest in LIC mutual funds?,Use for Invest in LIC MF. Feature is lic mf. Fund house is lic.
384,WEALTH,All,TRUSTMF|Invest in TRUSTMF,How do I invest in TRUST mutual funds?,Invest in TRUST mutual fund schemes through the app.,INVEST_TRUST_MF,,Redirection ,,,,,/investinmf,,liability,RI,True,,,,,,False,Invest in TRUSTMF,,,,,invest_trustmf,"{""action"": ""invest"", ""feature"": ""trustmf"", ""fund_house"": ""trust"", ""product"": ""mutual_fund""}",TRUSTMF|Invest in TRUSTMF|How do I invest in TRUST mutual funds?,Use for Invest in TRUSTMF. Feature is trustmf. Fund house is trust.
385,CX,All,Close Consumer Loan|Complete Consumer Loan|Finalize Consumer Loan|End Consumer Loan|Settle Consumer Loan|End Consumer Durable Loan|Complete Vehicle Loan|Finalize 2 Wheeler Loan|2 wheeler loan|Consumer Loan,How do I foreclose my loan?,"Foreclose your consumer, vehicle, or durable loan by paying the outstanding amount.",LOAN_FORECLOSURE,,Redirection ,,,,,/loansDashboard/myLoans,,liability|asset|creditcard,RI,True,,,,,,False,Other Loan Foreclosure,,,,,close_loan_foreclosure,"{""action"": ""close"", ""feature"": ""loan_foreclosure"", ""loan_type"": ""loan"", ""product"": ""loan"", ""service_type"": ""foreclosure""}",Close Consumer Loan|Complete Consumer Loan|Finalize Consumer Loan|End Consumer Loan|Settle Consumer Loan|End Consumer Durable Loan|Complete Vehicle Loan|Finalize 2 Wheeler Loan|2 wheeler loan|Consumer Loan|How do I foreclose my loan?|Other Loan Foreclosure,Use for Other Loan Foreclosure. Feature is loan foreclosure. Service type is foreclosure. Loan type is loan.
386,CX,All,RC Line Foreclosure|Revolving Credit Foreclosure|Revolving Credit Line Foreclosure|Credit Line Foreclosure|Pay later Foreclosure|Paylater Foreclosure|Flipkart loan Foreclosure|Ola loan Foreclosure|Amazon loan foreclosure|Flipkart Pay Later Closure,How do I foreclose my pay later loan?,Close your pay later or revolving credit line by clearing dues.,PAYLATER_FORECLOSURE,,Redirection ,,,,,/loansDashboard/myLoans,,liability|asset|creditcard,RI,True,,,,,,False,Pay Later Foreclsoure,,,,,close_pay_later_foreclosure,"{""action"": ""close"", ""feature"": ""pay_later_foreclosure"", ""loan_type"": ""pay_later"", ""product"": ""pay_later"", ""service_type"": ""foreclosure""}",RC Line Foreclosure|Revolving Credit Foreclosure|Revolving Credit Line Foreclosure|Credit Line Foreclosure|Pay later Foreclosure|Paylater Foreclosure|Flipkart loan Foreclosure|Ola loan Foreclosure|Amazon loan foreclosure|Flipkart Pay Later Closure|How do I foreclose my pay later loan?|Pay Later Foreclsoure,Use for Pay Later Foreclsoure. Feature is pay later foreclosure. Service type is foreclosure. Loan type is pay later.
387,PLATFORM,All,Face Settings|Biometric|Biometric recognition|Biometric ID|Login|Login ID|Login using Biometric|Login Face ID|Login Touch ID|Fingerprint reader,How do I manage biometric login settings?,Enable or manage biometric authentication like Face ID or fingerprint for secure login.,MANAGE_BIOMETRIC_LOGIN,,Redirection ,,,,,/Settings,,liability|asset|creditcard,RI,True,,,,,,False,Biometric - Login Settings,,,,,manage_biometric_login,"{""action"": ""manage"", ""feature"": ""biometric_login"", ""product"": ""biometric_login"", ""service_type"": ""settings_management""}",Face Settings|Biometric|Biometric recognition|Biometric ID|Login|Login ID|Login using Biometric|Login Face ID|Login Touch ID|Fingerprint reader|How do I manage biometric login settings?|Biometric - Login Settings,Use for Biometric - Login Settings. Feature is biometric login. Service type is settings management.
388,REWARDS,All,Hotel|Book|Book Hotel|Travel|Trip,How do I book hotels?,Book hotels for your travel needs directly through the app.,BOOK_HOTELS,,Redirection ,,,,,/rewards/hotel,,liability,RI,True,,,,,,False,Hotel Booking,,,,,book_hotel_booking,"{""action"": ""book"", ""feature"": ""hotel_booking"", ""product"": ""hotel_booking""}",Hotel|Book|Book Hotel|Travel|Trip|How do I book hotels?|Hotel Booking,Use for Hotel Booking. Feature is hotel booking.
389,PAYMENTS,All,Add Money|Money add,How do I add money?,Add funds to your account or wallet quickly and securely.,ADD_MONEY,,Redirection ,,,,,/addMoney,,liability,RI,True,,,,,,False,Add Money,,,,,add_money,"{""action"": ""add"", ""feature"": ""money"", ""product"": ""account""}",Add Money|Money add|How do I add money?,Use for Add Money. Feature is money.
390,ALL,All,Stop marketing calls and messages,How do I stop marketing calls and messages?,Opt out of promotional communications and marketing messages.,STOP_MARKETING_COMM,,Redirection ,,,,,/https://www.idfcfirstbank.com/dnd,,liability|asset|creditcard,RI,True,,,,,,False,Stop marketing calls and messages,,,,,stop_marketing_communications,"{""action"": ""stop"", ""feature"": ""marketing_communications"", ""product"": ""banking_service"", ""request_type"": ""marketing_opt_out"", ""service_type"": ""marketing_opt_out""}",Stop marketing calls and messages|How do I stop marketing calls and messages?,Use for Stop marketing calls and messages. Feature is marketing communications. Service type is marketing opt out.
391,CC,All,Secured card|Wow card|Credit card against FD|FD backed card|First earn credit card,How do I get a credit card against FD?,Apply for a secured credit card backed by your fixed deposit.,CC_AGAINST_FD,,Redirection ,,,,,/ApplyFdSecuredCard,,liability,RI,True,,,,,,False,Credit Card against FD,,,,,apply_credit_card_against_fd,"{""action"": ""apply"", ""card_type"": ""credit_card"", ""deposit_type"": ""fixed_deposit"", ""feature"": ""credit_card_against_fd"", ""product"": ""credit_card""}",Secured card|Wow card|Credit card against FD|FD backed card|First earn credit card|How do I get a credit card against FD?,Use for Credit Card against FD. Feature is credit card against fd. Card type is credit card. Deposit type is fixed deposit.
392,CC,All,CreditPro|Credit Pro|Balance Transfer,How does CreditPro balance transfer work?,Transfer your credit card balance using CreditPro for better repayment options.,CREDITPRO_BALANCE_TRANSFER,,Redirection ,,,,,/CreditProBalanceTransfer,,liability,RI,True,,,,,,False,Credit Pro balance transfer,,,,,transfer_balance_transfer_fund_transfer,"{""action"": ""transfer"", ""card_type"": ""credit_card"", ""feature"": ""balance_transfer"", ""payment_type"": ""fund_transfer"", ""product"": ""credit_card""}",CreditPro|Credit Pro|Balance Transfer|How does CreditPro balance transfer work?|Credit Pro balance transfer,Use for Credit Pro balance transfer. Feature is balance transfer. Card type is credit card. Payment rail or bill type is fund transfer.
393,WEALTH,All,Motilal|3 in 1|3 in|in 1|three|demat trading|amc waiver|hold and release|Hold & Release|Share trading,How do I open a 3-in-1 account?,"Open a 3-in-1 account for banking, trading, and demat services.",OPEN_3IN1_ACCOUNT,,Redirection ,,,,,/3in1account,,liability,RI,True,,,,,,False,3 in 1 Account,,,,,open_three_in_one_account,"{""account_type"": ""three_in_one_account"", ""action"": ""open"", ""feature"": ""three_in_one_account"", ""product"": ""account""}",Motilal|3 in 1|3 in|in 1|three|demat trading|amc waiver|hold and release|Hold & Release|Share trading|How do I open a 3-in-1 account?|3 in 1 Account,Use for 3 in 1 Account. Feature is three in one account.
394,FX,All,gift city holdings|view gift city account|gift city deposit balance|gift city fd balance,How do I view my GIFT City holdings?,"View your GIFT City account holdings, deposits, and statements.",VIEW_GIFT_CITY_HOLDINGS,,Redirection ,,,,,/account,,liability,RI,True,,,,,,False,GIFT City Holdings & Statement,,,,,view_gift_city_holdings,"{""account_type"": ""gift_city_account"", ""action"": ""view"", ""deposit_type"": ""fixed_deposit"", ""document_type"": ""statement"", ""feature"": ""gift_city_holdings"", ""product"": ""gift_city_account""}",gift city holdings|view gift city account|gift city deposit balance|gift city fd balance|How do I view my GIFT City holdings?|GIFT City Holdings & Statement,Use for GIFT City Holdings & Statement. Feature is gift city holdings. Deposit type is fixed deposit. Document requested is statement.
395,FX,All,open fcnr deposit|start fcnr account|fcnr deposit rates|fcnr interest rates|fcnr deposit|fcnr deposit statement|fcnr deposit application|how to open fcnr deposit|convert nre to fcnr|Foreign currency fixed deposits for NRIs,How do I open an FCNR deposit?,Open a foreign currency fixed deposit (FCNR) for NRI investments.,OPEN_FCNR_DEPOSIT,,Redirection ,,,,,/createfcnrfd,,liability,RI,True,,,,,,False,FCNR Deposit,,,,,open_fcnr_deposit,"{""action"": ""open"", ""deposit_type"": ""fixed_deposit"", ""feature"": ""fcnr_deposit"", ""product"": ""fcnr_deposit""}",open fcnr deposit|start fcnr account|fcnr deposit rates|fcnr interest rates|fcnr deposit|fcnr deposit statement|fcnr deposit application|how to open fcnr deposit|convert nre to fcnr|Foreign currency fixed deposits for NRIs|How do I open an FCNR deposit?,Use for FCNR Deposit. Feature is fcnr deposit. Deposit type is fixed deposit.
396,FX,All,Overseas Transfer|Inward Remittance|Digital Inward Remittance|Digital Remittance|Transfer to India|Pay to India|Funds Transfer to India|Self Account Transfer|Me2Me|MetoMe,How do I transfer money between my accounts?,Transfer funds between your own accounts easily using Me2Me transfer.,ME2ME_TRANSFER,,Redirection ,,,,,/rfxmetome?isNewJourney=true,,liability,RI,True,,,,,,False,Me2Me Transfer,,,,,transfer_me2me,"{""action"": ""transfer"", ""feature"": ""me2me"", ""payment_type"": ""me2me_transfer"", ""product"": ""account""}",Overseas Transfer|Inward Remittance|Digital Inward Remittance|Digital Remittance|Transfer to India|Pay to India|Funds Transfer to India|Self Account Transfer|Me2Me|MetoMe|How do I transfer money between my accounts?|Me2Me Transfer,Use for Me2Me Transfer. Feature is me2me. Payment rail or bill type is me2me transfer.
397,FX,All,Open GIFT City Savings account|Create GIFT city account|GIFT City,How do I open a GIFT City savings account?,Open a GIFT City account to access international banking and investment services.,OPEN_GIFT_CITY_ACCOUNT,,Redirection ,,,,,/openGiftCityAccount,,liability,RI,True,,,,,,False,Open GIFT City Savings account,,,,,open_gift_city_savings_account,"{""account_type"": ""savings_account"", ""action"": ""open"", ""feature"": ""gift_city_savings_account"", ""product"": ""gift_city_account"", ""usage_scope"": ""international""}",Open GIFT City Savings account|Create GIFT city account|GIFT City|How do I open a GIFT City savings account?,Use for Open GIFT City Savings account. Feature is gift city savings account.
398,RL,All,Pay EMI|EMI paid|Loan EMI|How do I access my loan EMI,How do I pay my loan EMI?,Pay your loan EMI easily and track your payment status through the app.,PAY_LOAN_EMI,,Redirection,,,,,/loansDashboard/myLoans,,liability|asset|creditcard,RI,True,,,,,,False,Loan EMI,,,,,pay_loan_emi,"{""action"": ""pay"", ""feature"": ""loan_emi"", ""loan_type"": ""loan"", ""payment_type"": ""loan_emi"", ""product"": ""loan""}",Pay EMI|EMI paid|Loan EMI|How do I access my loan EMI|How do I pay my loan EMI?,Use for Loan EMI. Feature is loan emi. Loan type is loan. Payment rail or bill type is loan emi.
399,CC,All,Change billing cycle|Credit card billing cycle change|Change credit card billing cycle|Modify billing cycle|Change billing date|Change statement cycle|Update billing cycle|New billing cycle|How do I change my billing cycle,How do I change my credit card billing cycle?,Change your credit card billing cycle to align statement and due dates with your preferred schedule.,CHANGE_CC_BILLING_CYCLE,,Redirection ,,,,,/servicerequests/dashboard/credit_card/CHANGE_CREDIT_CARD_BILLING_DATE,,creditcard,RI,True,,,,,,False,Change Credit Card Billing Cycle,,,,,update_billing_cycle,"{""action"": ""update"", ""card_type"": ""credit_card"", ""feature"": ""billing_cycle"", ""limit_type"": ""billing_cycle"", ""product"": ""credit_card""}",Change billing cycle|Credit card billing cycle change|Change credit card billing cycle|Modify billing cycle|Change billing date|Change statement cycle|Update billing cycle|New billing cycle|How do I change my billing cycle|How do I change my credit card billing cycle?,Use for Change Credit Card Billing Cycle. Feature is billing cycle. Card type is credit card.
