#,squad,page_id,tags,title,description,intent,video_id,intent_type,channel,category,category_icon,is_deep_link_available,deeplink,priority,line_of_business,resident_type,visibility,product_category,query_category,query_sub_category,sr_category,sr_name,is_popular,label,intent_priority,Follow up 1,Follow up 2 ,Follow up 3
1,RAS,All,balance enquiry|check balance|account balance|view balance|total balance|all accounts balance|available balance|balance|balances|show balance|show my balance|what is my balance|whats my balance|my balance|current balance|bank balance|savings balance|how much money do I have|bal|balance check|available funds|ledger balance|account balance enquiry|check my account balance|money in my account|how much in my account|account ka balance|show me my balance|tell me my balance,Check balance across accounts,Please find your account balance below ,S_BALANCE,,Executable,mobile,faq,FAQ,FALSE,,,liability,RI,TRUE,Accounts,,,fd_rd,,FALSE,View Balance,,Book FD ,Add Money,Download Statement 
2,RAS,All,recent transactions|last transactions|mini statement|recent activity|transaction history|last payments|account activity|transactions|transaction|show transactions|my transactions|last 5 transactions|last 10 transactions|recent debits|recent credits|view mini statement|txn|txn history|latest transactions|show recent activity|what did I spend|debit history|credit history|passbook entries|recent payments|where did my money go|last few transactions|show my recent transactions,View latest transactions,Please check your last 5 transactions below ,VIEW_TRANSACTIONS,,Executable,mobile,faq,FAQ,FALSE,,,liability|asset|creditcard,RI,TRUE,Accounts,,,fd_rd,,FALSE,View Transactions ,,,,
3,RAS,All,recent requests|service requests|request status|support requests|complaint status|open requests|request history|case|support tickets|my requests|my service requests|track request|sr status|sr tracker|view sr|my open requests|my tickets|ticket status|track ticket|raised requests|request tracking|service request status|track my service request|show my requests,How do I track my service requests?,Track the status of your service requests and view updates for all open and past requests.,VIEW_RECENT_REQUESTS,,Executable,mobile,faq,FAQ,FALSE,,,liability|asset|creditcard,RI,TRUE,profile,,,fd_rd,,FALSE,View Recent Requests ,,,,
4,RL,All,loan documents|download loan files|loan papers|loan agreement|loan records|loan documents pdf|loan paperwork|loan|loan document download|loan sanction letter|loan welcome letter|loan amortization schedule|get loan documents|download loan agreement|loan certificates|my loan documents|loan statement|loan repayment schedule|loan kfs|loan key fact statement,Download loan documents,Download loan-related documents from the list,DOWNLOAD_LOAN_DOCUMENTS,,Executable,mobile,faq,FAQ,FALSE,,,asset,RI,TRUE,loans,,,fd_rd,,FALSE,Download Loan Documents,,,,
5,RAS,All,temporary block debit card|lost debit card|debit card security|block card|freeze debit card|card misuse|debit card control|block my debit card|temporarily block debit card|debit card lost|debit card stolen|debit card misplaced|hotlist debit card|stop debit card|suspend debit card|freeze my debit card|block dc|dc block|deactivate debit card temporarily|i lost my debit card|my debit card is missing|atm card block,Temporary Block debit card,Please select  the debit card you want to block temporarily to prevent unauthorized transactions,BLOCK_DEBIT_CARD,,Executable,mobile,faq,FAQ,FALSE,,,liability,RI,TRUE,debit_cards,,,debit_cards,,FALSE,Temporary Block Debit Card,,,,
6,RAS,All,unblock debit card|debit card unblock|unblock card|resume debit card|enable debit card|card control|debit card status|unblock my debit card|reactivate debit card|activate debit card|enable my debit card|debit card unfreeze|remove block on debit card|unblock dc|dc unblock|lift debit card block|atm card unblock|found my debit card|re-enable debit card,Unblock debit card,Please select the debit card you want to unblock if it was temporarily blocked earlier,UNBLOCK_DEBIT_CARD,,Executable,mobile,faq,FAQ,FALSE,,,liability,RI,TRUE,debit_cards,,,debit_cards,,FALSE,Unblock Debit Card ,,,,
7,CC,All,block credit card|lost credit card|credit card security|block card|freeze credit card|card misuse|credit card control|credit card|block my credit card|temporarily block credit card|credit card lost|credit card stolen|credit card misplaced|hotlist credit card|stop credit card|suspend credit card|block cc|cc block|deactivate credit card temporarily|i lost my credit card|my credit card is missing,Block credit card,Please select the credit card you want to block temporarily to prevent unauthorized transactions,BLOCK_CREDIT_CARD,,Executable,mobile,faq,FAQ,FALSE,,,creditcard,RI,TRUE,credit_cards,,,credit_cards,,FALSE,Temporary Block Credit Card ,,,,
8,CC,All,unblock credit card|credit card unblock|unblock card|resume credit card|enable credit card|card control|unblock my credit card|reactivate credit card|activate credit card|enable my credit card|credit card unfreeze|remove block on credit card|unblock cc|cc unblock|lift credit card block|found my credit card|re-enable credit card,Unblock credit card,Please select the credit card you want to unblock if it was temporarily blocked earlier,UNBLOCK_CREDIT_CARD,,Executable,mobile,faq,FAQ,FALSE,,,creditcard,RI,TRUE,credit_cards,,,credit_cards,,FALSE,UnBlock Credit Card ,,,,
9,RAS,All,savings interest|interest rate savings|savings rate|account interest|interest earnings|current rate|savings returns|interest|savings account interest|savings ac rate|sb interest rate|sb account interest|what is my interest rate|savings account roi|sa interest|current savings rate|savings interest percentage|interest rate on savings|saving account interest rate,What is the savings account interest rate?,"Sure, please find your savings interest rate below",SAVINGS_INTEREST_RATES,,Executable,mobile,faq,FAQ,FALSE,,,liability|asset|creditcard,RI,TRUE,Accounts,,,Accounts,,FALSE,Savings Interest Rates,,,,
10,CC,All,credit card outstanding|statement balance|total due|card dues|amount payable|billing balance|credit card bill|cc outstanding|credit card due|cc due|credit card outstanding balance|my credit card dues|how much do I owe on credit card|credit card payable|cc bill amount|total credit card outstanding|my cc bill|what do I owe on my credit card|credit card balance due,What is my credit card outstanding?,You can view your total outstanding and statement balance for your credit card in one place.,CREDIT_CARD_OUTSTANDING_AMOUNT,,Executable,mobile,faq,FAQ,FALSE,,,creditcard,RI,TRUE,credit_cards,,,credit_cards,,FALSE,Credit Card Outstanding Amount,,,,
11,RAS,All,relationship manager|rm details|rm contact|assigned rm|account manager|bank rm|rm phone email|RM|my rm|who is my rm|contact my rm|rm name|rm email|rm number|relationship manager number|relationship manager contact|my account manager|my banker|personal banker|branch manager contact,Who is my relationship manager?,You can view your assigned Relationship Manager’s name and contact details instantly.,RELATIONSHIP_MANAGER_DETAILS,,Executable,mobile,faq,FAQ,FALSE,,,liability|asset|creditcard,RI,TRUE,Accounts,,,Accounts,,FALSE,Relationship Manager Details,,,,
12,CC,All,credit card status|credit card state|card availability|is my credit card active|cc status|credit card active or blocked|my cc status|check credit card status|credit card active status|is my cc blocked|credit card current status|is my credit card working,What is the status of my credit card?,"You can check whether your credit card is active, temporarily blocked, or permanently blocked.",CREDIT_CARD_STATUS,,Executable,mobile,faq,FAQ,FALSE,,,creditcard,RI,TRUE,credit_cards,,,credit_cards,,FALSE,Credit Card Status,,,,
13,CC,All,credit limit|available limit|remaining limit|card limit|spending limit|credit balance|limit details|cc limit|my credit card limit|available credit limit|what is my cc limit|how much can I spend on credit card|total credit limit|current credit limit|cc available limit|credit card max limit|remaining credit card limit,What is my available credit limit?,You can view your total credit limit and current available limit for each card.,CREDIT_CARD_LIMIT,,Executable,mobile,faq,FAQ,FALSE,,,creditcard,RI,TRUE,credit_cards,,,credit_cards,,FALSE,Credit Card Limit,,,,
14,CC,All,credit card statement date|billing date|statement cycle|bill generation date|card billing|monthly cycle|statement schedule|when is my credit card bill|cc statement date|my credit card bill date|credit card due date|cc due date|cc billing cycle|when is my cc due|credit card payment due date|credit card cycle|when does my cc bill generate|credit card statement generation,What is my credit card statement date?,You can check your credit card statement generation date and billing cycle easily.,VIEW_CREDIT_CARD,,Executable,mobile,faq,FAQ,FALSE,,,creditcard,RI,TRUE,credit_cards,,,credit_cards,,FALSE,View Credit Card,,,,
15,RL,All,account statement|download statement|bank statement|transaction statement|statement pdf|account history|monthly statement|download bank statement|e-statement|get account statement|my account statement|download passbook|statement download|download my statement|savings statement download|account ledger|statement of account|soa|savings account statement pdf,Download my account statement,You can download your account statement for any selected period instantly.,DOWNLOAD_ACCOUNT_STATEMENT,,Executable,mobile,faq,FAQ,FALSE,,,liability,RI,TRUE,Accounts,,,Accounts,,FALSE,Download Account Statement,,,,
16,RL,All,tds certificate|download tds|tax certificate|interest tds|tds statement|tax proof|tds document|tds|form 16a|download form 16a|tds form|tds form download|get tds certificate|tax deduction certificate|my tds certificate|tds form 16|16a certificate|tds certificate download|tds for fd|fd tds certificate,Download my TDS certificate,You can download your TDS certificate for applicable accounts from one place.,DOWNLOAD_TDS_CERTIFICATE,,Executable,mobile,faq,FAQ,FALSE,,,liability,RI,TRUE,Accounts,,,Accounts,,FALSE,Download TDS Certificate,,,,
17,RL,All,interest certificate|download interest|loan interest certificate|tax interest proof|interest statement|interest document|loan tax certificate|interest|home loan interest certificate|home loan tax certificate|provisional interest certificate|loan interest statement|download loan certificate|home loan 80c certificate|interest paid certificate|loan provisional certificate|loan interest paid statement,Download my interest certificate,You can download your interest certificate for  loans instantly.,DOWNLOAD_LOAN_INTEREST_CERTIFICATE,,Executable,mobile,faq,FAQ,FALSE,,,asset,RI,TRUE,loans,,,loans,,FALSE,Download Loan Interest Certificate,,,,
18,PLATFORM,All,customer id|customer id number|my customer id|find customer id|bank customer id|profile details|account identity|my cust id|cust id|what is my customer id|find my customer id|where is my customer id|cif|cif number|customer information file|my cif|show me my customer id,How can I get my Customer ID?,You can view your Customer ID in your profile and account details section.,SHOW_CUSTOMER_ID,,Executable,mobile,faq,FAQ,FALSE,,,liability|asset|creditcard,RI,TRUE,profile,,,profile,,FALSE,Show Customer ID,,,,
19,CC,All,track deliverables|credit card delivery|credit card delivery status|where is my credit card|when will I get my credit card|credit card courier status|track cc|credit card dispatch|credit card delivery tracking|cc tracking|credit card shipment|when will my credit card arrive|credit card not received|new credit card delivery|track new credit card,How can I track delivery of my Credit card ?,You can track the delivery status of your credit card instantly.,TRACK_DELIVERABLE_STATUS_CREDIT_CARD,,Executable,mobile,faq,FAQ,FALSE,,,liability|asset|creditcard,RI,TRUE,credit_cards,,,credit_cards,,FALSE,Track Credit Card Deliverable Status,,,,
20,CC,All,credit card statement|view statement|card bill|billing statement|statement pdf|monthly statement|card transactions|credit card|cc statement|download credit card statement|my credit card bill|credit card e-statement|get credit card statement|credit card bill download|cc bill|credit card statement pdf|monthly credit card statement|view my cc statement,How can I view my credit card statement?,You can view and download your credit card statement for the selected billing period.,VIEW_CREDIT_CARD_STATEMENT,,Executable,mobile,faq,FAQ,FALSE,,,creditcard,RI,TRUE,credit_cards,,,credit_cards,,FALSE,View Credit Card Statement ,,,,
21,RL,All,loan details|loan account|loan summary|loan tenure|interest rate loan|emi schedule|loan information|EMI|Loan EMI|my loan|my loans|loan emi details|loan balance|loan outstanding|principal outstanding|loan info|view my loan|check loan details|loan tenure remaining|loan balance enquiry|my home loan|my personal loan|current loan status|remaining loan amount,How can I view my loan details?,"You can see your complete loan details including tenure, interest rate, and EMI schedule.",VIEW_LOAN_DETAILS,,Executable,mobile,faq,FAQ,FALSE,,,asset,RI,TRUE,loans,,,loans,,FALSE,View Loan Details,,,,
22,PFM,All,net worth|total net worth|financial overview|assets and liabilities|wealth summary|portfolio overview|networth details|my net worth|total assets|my wealth|networth tracker|my financial summary|total wealth|my portfolio summary|financial position|my finances overview|show my net worth|calculate my net worth,How can I check my net worth?,"You can view your overall net worth based on linked accounts, loans, and investments.",VIEW_NETWORTH,,Executable,mobile,faq,FAQ,FALSE,,,liability|asset|creditcard,RI,TRUE,networth,,,networth,,FALSE,View Networth,,,,
23,RAS,All,debit card status|active card|temporary block|permanent block|debit card blocked|card availability|is my debit card active|dc status|my debit card status|check debit card status|debit card active status|is my debit card blocked|debit card current status|is my debit card working|atm card status,What is the status of my debit card?,"You can check whether your debit card is active, temporarily blocked, or permanently blocked.",SHOW_DEBIT_CARD_STATUS,,Executable,mobile,faq,FAQ,FALSE,,,liability|asset|creditcard,RI,TRUE,debit_cards,,,debit_cards,,FALSE,Show Debit Card Status,,,,
24,CC,All,pay credit card bill|credit card payment|card bill payment|pay cc dues|credit card outstanding|statement payment|bill pay|credit card|pay cc bill|settle credit card|clear credit card dues|pay my credit card|cc payment|pay credit card outstanding|settle cc dues|payment of credit card|pay credit card dues|credit card bill pay,How can I pay my credit card bill?,You can pay your credit card bill securely and instantly from your bank account.,PAY_CREDIT_CARD_BILL,,Executable,mobile,faq,FAQ,FALSE,,,creditcard,RI,TRUE,credit_cards,,,credit_cards,,FALSE,Pay Credit Card Bill,,,,
25,RAS,All,track deliverables|Debit card delivery|Debit card delivery status|where is my debit card|when will I get my debit card|debit card courier status|track dc|debit card dispatch|debit card delivery tracking|dc tracking|debit card shipment|new debit card status|debit card not received|track new debit card|atm card delivery,How can I track delivery of my Debit card ?,You can track the delivery status of your Debit card instantly.,TRACK_DELIVERABLE_STATUS_DEBIT_CARD,,Executable,mobile,faq,FAQ,FALSE,,,liability|asset|creditcard,RI,TRUE,debit_cards,,,debit_cards,,FALSE,Track Debit Card Deliverable Status,,,,
26,RAS,All,track deliverables|cheuque book delivery|cheque book delivery status|where is my cheque book|when will I get cheque book|cheque book courier|track chequebook|chequebook tracking|chequebook dispatch|cheque book delivery|cheque book not received|new cheque book status|chequebook courier status,How can I track delivery of my Cheque Book ?,You can track the delivery status of your Cheque Book instantly.,TRACK_DELIVERABLE_STATUS_CHEQUE_BOOK,,Executable,mobile,faq,FAQ,FALSE,,,liability|asset|creditcard,RI,TRUE,Accounts,,,Accounts,,FALSE,Track Cheque Book Deliverable Status,,,,
27,RAS,All,track deliverables|welcome kit delivery|welcome kit delivery status|welcome kit tracking|welcome kit dispatch|where is my welcome kit|welcome kit courier|new account kit status|account opening kit|welcome kit shipment|welcome kit not received|kit delivery status|track welcome kit,How can I track delivery of my Welcome Kit?,You can track the delivery status of your Welcome Kit instantly.,TRACK_DELIVERABLE_STATUS_WELCOME_KIT,,Executable,mobile,faq,FAQ,FALSE,,,liability|asset|creditcard,RI,TRUE,Accounts,,,Accounts,,FALSE,Track Welcome Kit Deliverable Status,,,,
28,CC,All,credit card emi|all emis|emi details|active emis|card emi summary|monthly emis|emi breakup|my credit card emi|cc emi|credit card installments|my cc emis|ongoing credit card emi|emi on credit card|my card emis|credit card emi list|active emis on cc|credit card monthly emi,Show all EMIs on my credit cards,"Sure, here are your EMIs for your credit card",VIEW_CREDIT_CARD_EMIS,creditcard,Executable,RI,credit_cards,"
","
",,"
",creditcard,RI,TRUE,credit_cards,,,credit_cards,,FALSE,View Credit Card EMIs,,,,
29,RAS,All,fd rate|current fd interest|fixed deposit rate|best fd rate|fd returns|FD interest rates|interest|latest fd rates|current fd rates|fd interest|fixed deposit interest rate|today fd rate|fd interest rate today|fd roi|best fixed deposit rate|fd rate chart|fd interest for senior citizens|fd rate for 1 year|fd rate for 2 year|fd rate for 3 year|fd rates today|highest fd rate,FD interest rate today?,Our FD rates depend on tenure and customer type. Check latest rates and book FD instantly.,VIEW_FD_RATE,liability|asset|creditcard,Executable,RI,FD/RD,"
","
",,"
",liability|asset|creditcard,RI,TRUE,FD/RD,,,fd_rd,,TRUE,View FD Rates,,,,
30,RAS,All,open fd|book fd|create fixed deposit|start fd|new fd|fd opening|book new fd|create fd|start a fixed deposit|open a fixed deposit|invest in fd|make an fd|fd booking|place fd|open new fixed deposit|book fixed deposit|i want to open fd|open fd online|fd online booking,How to open FD online?,"Sure, you can book FD in one click",OPEN_FD,liability,Executable,RI,FD/RD,"
","
",,"
",liability,RI,TRUE,FD/RD,,,fd_rd,,TRUE,Open FD,,,,
31,RAS,All,pay to mobile|send money mobile|mobile payment|upi to mobile|pay phone number|transfer to mobile|quick pay|upi|send money to contact|upi send money|transfer to phone number|pay using upi|pay contact|send to phone|upi transfer|instant money transfer|pay friend|pay using mobile number|send money via upi|upi payment|scan and pay contact,How can I pay to a mobile number?,"You can send money instantly using UPI to a mobile number, contact, or person. For example, you can pay to your contact (ex. Rahul or abhishek) by entering their mobile number or contact name.",PAY_TO_MOBILE,liability,Executable,RI,Accounts,"
","
",,"
",liability,RI,TRUE,Accounts,,,Accounts,,FALSE,Pay to Mobile,,,,
32,PAYMENTS,All,My QR Code|How to see my QR Code|UPI ID|Download QR|Manage UPI|Share QR|VPA|my upi qr|scan my qr|receive money qr|show my qr code|my receive money qr|my vpa|my upi handle|get my qr|my upi address|my payment qr|share my qr code|qr code download,How do I view my QR code and UPI ID?,View your personal QR code and UPI ID to receive payments quickly and securely.,VIEW_MY_QR,,Executable,,,,,,,liability,RI,TRUE,,,,,,FALSE,My QR Code,,,,
33,RAS,All,Change registered email|Change email|Registered email|Email|Change my Email|email  modification|Change|How do I update my email address|update email id|change email id|modify email|edit email|change my email address|update registered email|update my email|change my registered email id|new email|set new email|update email address|email id update,How do I update my email address?,Update your registered email ID to receive important notifications and communication.,EMAIL_CHANGE,,Executable,,,,,,,liability|asset|creditcard,RI,TRUE,profile,,,profile,,FALSE,Change Email ,,,,
34,ALL,All,manage setting|setting|How do I manage settings,How do I manage settings?,"Access your settings section to manage preferences, security controls, and configurations. Update options like notifications, login methods, and defaults easily in one place.",MANAGE_SETTINGS,,Redirection ,,,,,/Settings,,liability|asset|creditcard,RI,TRUE,,,,,,FALSE,Manage settings,,,,
35,BAS,All,Services|My SRs|Service request|New cheque|New cheque book request|Instant Services|Raise new request|Have a query|Service requests|How do I use instant services,How do I access instant services?,"Access instant services to raise service requests, request cheque books, and manage queries. Track all requests from one place.",VIEW_INSTANT_SERVICES,,Redirection ,,,,,/more/echequebooks,,liability|asset|creditcard,RI,TRUE,,,,,,FALSE,Instant Services,,,,
36,BAS,All,My settings|Settings|Change settings|Default account|Block fingerprint|Use biometrics|Enable/ disable biometric|How do I view my settings|How do I change the settings|How do I change settings,How do I manage my settings?,"Update your configuration including default account, MPIN, password, and biometric settings like fingerprint or Face ID securely.",SETTINGS,,Redirection ,,,,,/Settings,,liability|asset|creditcard,RI,TRUE,,,,,,FALSE,Settings,,,,
37,BAS,All,debit card block|debit card form|debit card apply|debit card hot listing|debit card visa|debit card shopping|debit cards list|debit card limit|debit card account number|debit card expiration date,How do I view my debit cards?,"View all your debit cards, check limits, manage usage, and access card details like CVV, expiry, and transaction controls.",VIEW_DEBIT_CARDS,,Redirection ,,,,,/cards,,liability|asset|creditcard,RI,TRUE,,,,,,FALSE,Debit Card List,,,,
38,BAS,All,Lost card|Card stolen|Block card|Block debit|Instant block|cancel debit card|new debit card|How do I report lost card|How to block a debit card|How to cancel debit card,How do I permanently block my debit card?,Permanently block your debit card immediately in case of loss or theft to prevent unauthorized usage.,BLOCK_DEBIT_CARD_PERMANENT,,Redirection ,,,,,/cards,,liability|asset|creditcard,RI,TRUE,,,,,,FALSE,Permanently Block Debit Card,,,,
39,BAS,All,New RD|Create RD|Open RD|RD interest|RD plans|RD tenure|RD installment|How to create a new recurring deposit|How do I create a new RD|How to find RD interest,How do I create a recurring deposit?,Open a recurring deposit by selecting tenure and installment amount. Grow your savings with regular contributions.,CREATE_RD,,Redirection ,,,,,/createrd,,liability|asset|creditcard,RI,TRUE,,,,,,FALSE,Create RD,,,,
40,BAS,All,Close FD|Premature FD|Close fixed deposit|FD Closure|Close my FD|fd maturity|How to close a FD|How to close premature FD|How to check fd maturity|How to cancel FD,How do I close my fixed deposit?,Close your fixed deposit either on maturity or prematurely and receive the amount in your linked account.,FD_CLOSURE,,Redirection ,,,,,/deposits,,liability|asset|creditcard,RI,TRUE,,,,,,FALSE,FD Closure,,,,
41,BAS,All,Close RD|Premature RD|Close recurring deposit|RD Closure|Cancel RD|Mature RD|How to close a RD|How to close premature RD|How to check RD maturity|How to cancel RD,How do I close my recurring deposit?,Close your recurring deposit anytime or at maturity and get the proceeds credited to your account.,RD_CLOSURE,,Redirection ,,,,,/deposits,,liability|asset|creditcard,RI,TRUE,,,,,,FALSE,RD Closure,,,,
42,CC,All,Change pin|Credit card PIN|Credit card secure pin|Credit card pin generation|How do I change my credit card pin?|How do I setup my credit card pin?,How do I set or change my credit card PIN?,Set or change your credit card PIN securely to enable transactions and ATM usage.,SET_CC_PIN,,Redirection ,,,,,/SetCardPin,,creditcard,RI,TRUE,,,,,,FALSE,Set New Credit Card Pin,,,,
43,CC,All,ATM|Withdrawal,How do I enable ATM withdrawals on my credit card?,Enable ATM withdrawals on your credit card to access cash within your approved limits when required.,ENABLE_CC_ATM_WITHDRAWALS,,Redirection ,,,,,/ManageCreditCardLimit,,creditcard,RI,TRUE,,,,,,FALSE,ATM Withdrawals - Credit card,,,,
44,CC,All,Domestic,How do I enable my credit card for domestic usage?,Enable domestic usage on your credit card to allow transactions within the country securely.,ENABLE_DOMESTIC_SPENDS_CC,,Redirection ,,,,,/ManageCreditCardLimit,,creditcard,RI,TRUE,,,,,,FALSE,Enable Domestic Spends - Credit Card,,,,
45,CC,All,atm withdrawal limit|How do I setup limits for atm withdrawals on my credit card?,How do I set ATM withdrawal limits on my credit card?,Set or modify ATM withdrawal limits on your credit card to control cash withdrawals and spending securely.,SET_CC_ATM_LIMITS,,Redirection ,,,,,/ManageCreditCardLimit,,creditcard,RI,TRUE,,,,,,FALSE,Setup ATM Withdrawals,,,,
46,CC,All,Setup SI on credit card|Setup standing instructions on credit card|Standing instructions|How do I enable SI / Autopay for my credit card bill?|auto pay|auto debit on credit card|auto debit|automatic payment credit card,How do I enable autopay for my credit card bill?,Set up standing instructions or autopay to automatically pay your credit card bill on time and avoid missing due dates.,SETUP_CC_AUTOPAY,,Redirection ,,,,,/CreditCardManageAutoPay,,creditcard,RI,TRUE,,,,,,FALSE,Setup Autopay for Credit Card Bills,,,,
47,CC,All,Credit card rewards|rewards|Redeem reward points|Redeem points,How do I view and redeem my credit card rewards?,"Check your reward points balance and redeem them easily for available offers, vouchers, or benefits.",REDEEM_CC_REWARDS,,Redirection ,,,,,/rewards/cclp,,creditcard,RI,TRUE,,,,,,FALSE,Redeem Reward Points,,,,
48,CC,All,Billed transactions|How do I view billed transactions of my credit card?,How do I view billed transactions on my credit card?,View all billed transactions that are included in your current credit card statement cycle.,VIEW_BILLED_TRANSACTIONS_CC,,Redirection ,,,,,/SettledUnsettledTransactions,,creditcard,RI,TRUE,,,,,,FALSE,Billed Transactions - Credit Card,,,,
49,CC,All,Pending transactions|How do I view pending transactions of my credit card?,How do I view pending transactions on my credit card?,Check pending transactions that are authorized but not yet billed on your credit card.,VIEW_PENDING_TRANSACTIONS_CC,,Redirection ,,,,,/SettledUnsettledTransactions,,creditcard,RI,TRUE,,,,,,FALSE,Pending Transactions - Credit Card,,,,
50,CC,All,Unbilled transactions|How do I view unbilled transactions of my credit card?,How do I view unbilled transactions on my credit card?,View unbilled transactions that will appear in your upcoming credit card statement.,VIEW_UNBILLED_TRANSACTIONS_CC,,Redirection ,,,,,/SettledUnsettledTransactions,,creditcard,RI,TRUE,,,,,,FALSE,Unbilled Transactions - Credit Card,,,,
51,CC,All,EMI|EMI conversion|Convert to EMI|easy monthly installments|installments,How can I convert my credit card transactions into EMIs?,Convert eligible credit card transactions into easy monthly installments to manage payments better.,CONVERT_TO_EMI_CC,,Redirection ,,,,,/SettledUnsettledTransactions,,creditcard,RI,TRUE,,,,,,FALSE,Convert to EMI - Credit Card,,,,
52,CC,All,Activate,How do I activate my credit card?,Activate your new credit card to start using it for transactions and payments.,ACTIVATE_CC,,Redirection ,,,,,/CreditCardDetails,,creditcard,RI,TRUE,,,,,,FALSE,Activate Your Credit Card,,,,
53,CC,All,Replace|replace blocked credit card|replace credit card|replace card|How do I replace my blocked credit card?,How do I replace my credit card?,"Request a replacement for your damaged, lost, or blocked credit card easily through the app.",REPLACE_CC,,Redirection ,,,,,/PermanentBlockCard,,creditcard,RI,TRUE,,,,,,FALSE,Apply For Replacement- Credit Card,,,,
54,CC,All,Track credit card application|Track application|credit card application|Application tracking,How do I track my credit card application?,Track the status of your credit card application and delivery updates in real time.,TRACK_CC_APPLICATION,,Redirection ,,,,,/servicerequests/dashboard,,creditcard,RI,TRUE,,,,,,FALSE,Track Your Credit Card Application,,,,
55,CC,All,CVV unmask|Unmask|CVV|How do I unmask my credit card CVV?,How do I view my credit card CVV?,Securely view or unmask your credit card CVV when needed for online transactions.,VIEW_CVV_CC,,Redirection ,,,,,/CreditCardDetails,,creditcard,RI,TRUE,,,,,,FALSE,View CVV Of Your Credit Card,,,,
56,CC,All,Card payment|How do I do card payment,How do I make a card payment?,Make payments using your credit card quickly and securely for purchases or bill payments.,CARD_PAYMENT,,Redirection ,,,,,/PayCreditCardBill,,creditcard,RI,TRUE,,,,,,FALSE,Card Payment,,,,
57,CC,All,Credit card settlement|How to do Credit card settlement,How do I settle my credit card dues?,Explore settlement options for your credit card dues and close outstanding balances as per eligibility.,CC_SETTLEMENT,,Redirection ,,,,,/SettledUnsettledTransactions,,creditcard,RI,TRUE,,,,,,FALSE,Credit Card Settlement,,,,
58,FX,All,Send money to USA|Send money to UK|Transfer funds abroad|Send money abroad|Investment abroad|Studies abroad|Education abroad|Pay Abroad|How to pay abroad|How do I pay abroad,How do I send money abroad?,"Transfer funds internationally for education, investments, or personal use. Track remittance and exchange rates easily.",PAY_ABROAD,,Redirection ,,,,,/payabroad,,liability,RI,TRUE,,,,,,FALSE,Pay Abroad,,,,
59,FX,All,NRO to NRE|transfer from NRO to NRE|NRO|NRE|transfer to my NRE account|NRO to NRE Transfer|Transfer to NRE|fund transfer from NRO to NRE|transfer from NRO,How do I transfer money from NRO to NRE account?,Transfer funds from your NRO account to NRE account as per applicable guidelines and limits.,TRANSFER_NRO_TO_NRE,,Redirection ,,,,,/pay/payments/NroToNreTransfer,,liability,RI,TRUE,,,,,,FALSE,Transfer to NRE,,,,
60,PAYMENTS,All,Payee|Manage beneficiary|Manage payee|Delete beneficiary|Delete payee|How to view beneficiary|How to view payee|How do I manage beneficiary|How do I manage payee|How do I delete a payee,How do I manage my beneficiaries?,"View, add, or delete beneficiaries or payees to manage fund transfers easily and securely.",MANAGE_PAYEE,,Redirection ,,,,,/allPayees,,liability|asset|creditcard,RI,TRUE,,,,,,FALSE,Payee List,,,,
61,PAYMENTS,All,Add beneficiary|Add Payee|new payee|How do I add beneficiary|How to  add payee|How to add new payee,How do I add a new beneficiary?,Add a new beneficiary or payee to transfer funds securely after verification.,ADD_PAYEE,,Redirection ,,,,,/bankTransfer,,liability|asset|creditcard,RI,TRUE,,,,,,FALSE,Send Money To New Payee,,,,
62,PAYMENTS,All,How do I pay electricity bill|How do I pay gas bill|How do I pay mobile postpaid bill|How to I pay credit card bill|How do I pay for utiulities|How do I pay bill|How do I pay for insurance|How do I pay for rentals|How do I municipal pay tax|How do I pay for subscription,How do I pay my bills?,"Pay utility bills, subscriptions, taxes, and more easily from one place using secure payment options.",PAY_BILL,,Redirection ,,,,,/billerCategories,,liability|asset|creditcard,RI,TRUE,,,,,,FALSE,Pay Bill,,,,
63,PAYMENTS,All,Request Money List|Ask Money List|View Pending Request Money|How to see request money list|How to see ask money list|How to view pending request money,How do I view my pending money requests?,View all incoming money requests and take action by approving or declining them directly from the app.,VIEW_REQUEST_MONEY,,Redirection ,,,,,/pay/requests,,liability,RI,TRUE,,,,,,FALSE,Collect Confirm,,,,
64,PAYMENTS,All,VPA|Manage UPI|Address|link account|How to use VPA|How to manage upi|How to use UPI Address|How to link account,How do I manage my UPI ID?,"Manage your UPI ID, link accounts, and configure payment settings for seamless UPI transactions.",MANAGE_UPI,,Redirection ,,,,,/UpiLanding,,liability,RI,TRUE,,,,,,FALSE,Manage UPI,,,,
65,PLATFORM,All,Call|Need assistance|Schedule call back|Call later|Contact|Call back|How do I get a Call back from IDFC First Bank,How do I schedule a call back?,Request a call back from customer support at your preferred time for assistance.,SCHEDULE_CALLBACK,,Redirection ,,,,,/ScheduleCallBackLoggedInScreen,,liability|asset|creditcard,RI,TRUE,,,,,,FALSE,Schedule Call Back,,,,
66,RAS,All,Add nominee|Change nominee|Deposit nominee|Nominee|Apoint Nominee|Change Nomination|Modify Nominee|How to change nomination|Change my nomination|How do I change my deposit nominee,How do I change my deposit nominee?,"Add, update, or modify nominee details for your deposits easily through the app.",CHANGE_DEPOSIT_NOMINEE,,Redirection ,,,,,/deposits,,liability|asset|creditcard,RI,TRUE,,,,,,FALSE,Change Deposit Nominee,,,,
67,RAS,All,Add nominee|Change nominee|Account nominee|Nominee|Nomination|Add nomination|Apoint Nominee|Apoint Nomination|Change Nomination|How do I update my Account nominee,How do I update my account nominee?,Update nominee details for your account to ensure correct beneficiary information is recorded.,UPDATE_ACCOUNT_NOMINEE,,Redirection ,,,,,/UpdateNominee,,liability|asset|creditcard,RI,TRUE,,,,,,FALSE,Update Account Nominee,,,,
68,RAS,All,Re-KYC|My Profile KYC|update kyc details|kyc renewal|kyc update mobile app|how to do rekyc|rekyc for nri account|kyc document upload|update kyc address|kyc verification update,How do I complete Re-KYC?,Update your KYC details by completing the re-KYC process to keep your account compliant and active.,COMPLETE_REKYC,,Redirection ,,,,,/profile,,liability|asset|creditcard,RI,TRUE,,,,,,FALSE,Complete Re-KYC,,,,
69,RAS,All,Welcome Letter|Welcome to Mobile Banking,How do I view my mobile banking welcome letter?,Access your welcome letter to understand key features and details of mobile banking services.,VIEW_WELCOME_LETTER,,Redirection ,,,,,/profile,,liability|asset|creditcard,RI,TRUE,,,,,,FALSE,Welcome Letter - Mobile Banking,,,,
70,RAS,All,Registered mobile number|Mobile number|Add PAN to profile|PAN details|PAN change|View profile|View personal details|How do I access my profile page,How do I access my profile page?,"View and manage your personal details including mobile number, email, PAN, and profile information.",VIEW_PROFILE,,Redirection ,,,,,/profile,,liability|asset|creditcard,RI,TRUE,,,,,,FALSE,Profile Page,,,,
71,RAS,All,Need chequebook|Chequebook|New chequebook|How do I request my chequebook,How do I request a chequebook?,Request a new chequebook quickly and track its delivery status within the app.,REQUEST_CHEQUEBOOK,,Redirection ,,,,,/more/echequebooks,,liability|asset|creditcard,RI,TRUE,,,,,,FALSE,Request Chequebook,,,,
72,RAS,All,Interest summary|Interest certificate|Interest report|Interest earned|Interest on deposit|Interest on Accounts|How do I access my interest certificate,How do I access my interest certificate?,Download your interest certificate to view interest earned on deposits or accounts for a selected period.,DOWNLOAD_INTEREST_CERTIFICATE,,Redirection ,,,,,/InterestCertificate/Interest certificate,,liability|asset|creditcard,RI,TRUE,,,,,,FALSE,Savings Account Interest Certificate ,,,,
73,RL,All,Personal loan|Credit card loan|Borrow money|Education loan|Wedding loan|Funding for trip|Funding for holiday|Travel loan|Loans|How do I apply for a personal loan,How do I apply for a personal loan?,"Apply for a personal loan quickly to meet your financial needs like travel, education, or other expenses.",APPLY_PERSONAL_LOAN,,Redirection ,,,,,/loansDashboard/apply-for-loan/PL,,liability|asset|creditcard,RI,TRUE,,,,,,FALSE,Apply for Personal Loan,,,,
74,RL,All,Two wheeler loan|Two wheeler scooty|Two wheeler bike|Bike loan|Scooty loan|borrow for vehicle|Vehicle loan|How do I apply for a two-wheeler loan,How do I apply for a two-wheeler loan?,Apply for a two-wheeler loan easily to finance your bike or scooter purchase.,APPLY_TWO_WHEELER_LOAN,,Redirection ,,,,,/loansDashboard/apply-for-loan/TW,,liability|asset|creditcard,RI,TRUE,,,,,,FALSE,Apply for Two wheeler Loan,,,,
75,RL,All,Home loan|House loan|Borrow money for home|Home improvement loan|How do I apply for a home loan,How do I apply for a home loan?,Apply for a home loan to purchase or renovate your house with suitable repayment options.,APPLY_HOME_LOAN,,Redirection ,,,,,/loansDashboard/apply-for-loan/HL,,liability|asset|creditcard,RI,TRUE,,,,,,FALSE,Apply for Home Loan,,,,
76,RL,All,Home loan|Mortgage loan|House loan|Real Estate loan for business|Office loan|How do I apply for a mortgage loan,How do I apply for a mortgage loan?,Apply for a mortgage loan by leveraging your property for personal or business financial needs.,APPLY_MORTGAGE_LOAN,,Redirection ,,,,,/loansDashboard/apply-for-loan/LAP,,liability|asset|creditcard,RI,TRUE,,,,,,FALSE,Apply for Mortgage Loan,,,,
77,WEALTH,All,mutual funds investment|mutual funds portfolio|mutual funds holding|How much have I invested in mutual fund|How do I check my mutual fund portfolio|What is the market value of my mutual fund portfolio|Where can I see my mutual fund holdings|Where can I see my mutual fund summary|How do I see my mutual fund holdings|Where do I see my holdings,How do I view my mutual fund holdings?,"View your mutual fund investments, holdings, SIPs, and market value in one consolidated dashboard.",VIEW_MF_HOLDINGS,,Redirection ,,,,,/mfSummary/holdings,,liability,RI,TRUE,,,,,,FALSE,Mutual Fund Holdings,,,,
78,WEALTH,All,recommended mutual funds|get recommendations|which mutual fund should I buy|recommended funds for me|recommended portfolio|portfolio for me|curated mutual funds√î√∏Œ©√î√∏Œ©|SIP|How to invest in SIP,How do I invest in SIP?,Explore recommended mutual funds and start investing through SIP to build wealth over time.,INVEST_IN_SIP,,Redirection ,,,,,/recommendportfolio/sip,,liability,RI,TRUE,,,,,,FALSE,Invest in SIP,,,,
79,WEALTH,All,Saving goals|Goals based saving|Wedding|Child's education|How do I save money for my goals|How to achieve goals based saving|How much should i invest for my wedding|How much should I invest for my home|How much should I invest for my vacation|How much should I invest for my car,How do I save for my financial goals?,"Plan and invest towards goals like home, education, or travel with goal-based saving tools.",GOAL_BASED_SAVING,,Redirection ,,,,,/creategoal,,liability,RI,TRUE,,,,,,FALSE,Goal Based Saving,,,,
80,WEALTH,All,How can I apply for IPO|Ways to apply IPO|How to apply for Rights Issue|how can HNI apply for IPO|How to apply for HNI in IPO|How to invest in IPO|How to Apply for Call money|How can I apply for an IPO|What are the ways to apply for an IPO|How to apply for HNI category in IPO,How do I apply for an IPO?,"Apply for IPOs, rights issues, or NCDs easily and invest in new offerings directly through the platform.",APPLY_IPO,,Redirection ,,,,,/investinipo,,liability,RI,TRUE,,,,,,FALSE,Apply For IPO,,,,
81,WEALTH,All,What is my IPO Status|Where Can I check IPO status|How can I withdraw my IPO application|How can I modify my IPO application|What is status for my IPO|How to Check my allotment status|How to Withdraw my hold money from IPO|Hold remove for IPO|What is my IPO application status|How to hold withdrawal for IPO process,How do I check my IPO status?,"Track IPO application status, allotment details, and manage modifications or withdrawals easily.",VIEW_IPO_STATUS,,Redirection ,,,,,/orderbook,,liability,RI,TRUE,,,,,,FALSE,IPO Order Book,,,,
82,WEALTH,All,Demat Account|Open Demat Account|Open Insta Demat Account|Instant Demat Account|Open Instant Demat Account|Open Instant Investment Account|What is Demat account|How to open Demat account|What is instant Demat account|How do I open Instant demat account,How do I open a Demat account?,"Open a Demat or investment account instantly to start investing in stocks, IPOs, and other securities.",OPEN_DEMAT_ACCOUNT,,Redirection ,,,,,/demat,,liability,RI,TRUE,,,,,,FALSE,Instant Demat Account,,,,
83,WEALTH,All,current investment value|How do I check current investment value of my investments,How do I check my current investment value?,View the current value of your investments across all products in one consolidated view.,VIEW_CURRENT_INVESTMENTS,,Redirection ,,,,,/investments,,liability,RI,TRUE,,,,,,FALSE,Current Investments,,,,
84,WEALTH,All,Investments|Where can I see investments|total investments|Where can I see my total investments|show investments|Where can I see my investments,How do I view my investments?,"View all your investments including mutual funds, bonds, and other assets in one place.",VIEW_INVESTMENTS,,Redirection ,,,,,/investments,,liability,RI,TRUE,,,,,,FALSE,Investments,,,,
85,WEALTH,All,Portfolio|show portfolio|How do I view my portfolio|my portfolio|How do I see my portfolio|check portfolio|How do I check my portfolio|market value|What is the market value of my portfolio,How do I view my portfolio?,Access your complete portfolio with market value and performance insights across all investments.,VIEW_PORTFOLIO,,Redirection ,,,,,/investments,,liability,RI,TRUE,,,,,,FALSE,My Portfolio,,,,
86,WEALTH,All,Portfolio summary|portfolio overview|Where can I get my portfolio summary|Where can I get my portfolio overview,How do I view my portfolio summary?,Get a summarized view of your portfolio including total value and investment distribution.,VIEW_PORTFOLIO_SUMMARY,,Redirection ,,,,,/investments,,liability,RI,TRUE,,,,,,FALSE,Portfolio Summary,,,,
87,WEALTH,All,How to invest in NCD|How to apply for NCD,How do I apply for NCD?,Apply for non-convertible debentures (NCDs) easily to invest in fixed income instruments.,APPLY_NCD,,Redirection ,,,,,/investinipo,,liability,RI,TRUE,,,,,,FALSE,Apply for NCD,,,,
88,WEALTH,All,Mutual Funds Investment|How to see my mutual funds investment|How much have I invested in mutual fund|My SIP|Where can I see my SIP|My MF|Where can I see my mutual funds?,How do I view my mutual fund investments?,"Check your mutual fund investments, SIPs, and total invested amount in one place.",VIEW_MF_INVESTMENTS,,Redirection ,,,,,/mfSummary/holdings,,liability,RI,TRUE,,,,,,FALSE,My Investments,,,,
89,WEALTH,All,Buy Mutual Funds|How to buy mutual funds|Invest in Mutual Funds|How do I invest in mutual funds|From where do I buy a mutual fund,How do I invest in mutual funds?,Start investing in mutual funds easily by selecting suitable funds and completing your investment in a few steps.,BUY_MUTUAL_FUNDS,,Redirection ,,,,,/diymf,,liability,RI,TRUE,,,,,,FALSE,Buy Mutual Funds,,,,
90,WEALTH,All,Balanced Mutual Funds|How to invest in balanced mutual fund,How do I invest in balanced mutual funds?,Invest in balanced mutual funds that offer a mix of equity and debt for diversified returns.,INVEST_BALANCED_MF,,Redirection ,,,,,/diymf,,liability,RI,TRUE,,,,,,FALSE,Invest in Balanced MF,,,,
91,WEALTH,All,Mutual Funds|How to invest in mutual funds,How do I quickly invest in mutual funds?,Invest in mutual funds quickly using simplified options for faster onboarding and execution.,QUICK_MF_INVEST,,Redirection ,,,,,/diymf,,liability,RI,TRUE,,,,,,FALSE,Quick MF Invest,,,,
92,WEALTH,All,mutual funds|How to see mutual funds for me,How do I see mutual funds recommended for me?,View curated mutual fund options based on your profile and investment preferences.,VIEW_CURATED_MF,,Redirection ,,,,,/diymf,,liability,RI,TRUE,,,,,,FALSE,Curated Mutual Funds,,,,
93,WEALTH,All,SGB Share certificate|How to download SGB Share certificate,How do I download my SGB share certificate?,Download your sovereign gold bond share certificate securely for your records.,DOWNLOAD_SGB_CERTIFICATE,,Redirection ,,,,,/sgbSummary/holdings,,liability,RI,TRUE,,,,,,FALSE,SGB Share Certificate,,,,
94,WEALTH,All,SGB Investment|How to check SGB investment|How much have I invested in soveregin gold bonds|How much have I invested in SGB|SGB Current Value|How to see my SGB portfolio,How do I check my SGB investment?,"View your sovereign gold bond investments, current value, and portfolio details in one place.",VIEW_SGB_INVESTMENT,,Redirection ,,,,,/sgbSummary/holdings,,liability,RI,TRUE,,,,,,FALSE,SGB Transactions,,,,
95,WEALTH,All,SGB Application|Where can I fill SGB application,How do I apply for SGB?,Apply for sovereign gold bonds easily through the app during available issue windows.,APPLY_SGB,,Redirection ,,,,,/sgbSummary/applications,,liability,RI,TRUE,,,,,,FALSE,SGB Application,,,,
96,WEALTH,All,SGB Transaction|How to place SGB transaction,How do I place an SGB transaction?,Buy or transact in sovereign gold bonds through a simple and secure process.,SGB_TRANSACTION,,Redirection ,,,,,/sgbSummary/applications,,liability,RI,TRUE,,,,,,FALSE,SGB Transaction,,,,
97,WEALTH,All,Digital Gold|How to buy digital gold,How do I buy digital gold?,Purchase digital gold instantly and securely in small or large quantities through the app.,BUY_DIGITAL_GOLD,,Redirection ,,,,,/buysgb,,liability,RI,TRUE,,,,,,FALSE,Buy Digital Gold,,,,
98,WEALTH,All,Buy gold|How to buy gold bonds,How do I buy gold bonds?,Invest in gold bonds to gain exposure to gold as an asset with added benefits.,BUY_GOLD_BONDS,,Redirection ,,,,,/buysgb,,liability,RI,TRUE,,,,,,FALSE,Buy Gold Bonds,,,,
99,WEALTH,All,Invest in Gold|How to invest in gold,How do I invest in gold?,Explore different ways to invest in gold including digital gold and sovereign gold bonds.,INVEST_IN_GOLD,,Redirection ,,,,,/buysgb,,liability,RI,TRUE,,,,,,FALSE,Invest in Gold,,,,
100,WEALTH,All,Car|How much should I invest for my car,How much should I invest for my car?,Plan your savings and investments to achieve your goal of purchasing a car efficiently.,CAR_GOAL,,Redirection ,,,,,/creategoal,,liability,RI,TRUE,,,,,,FALSE,Car Goal,,,,
101,WEALTH,All,Saving Goals|How do I save money for my goals,How do I save money for my goals?,"Set financial goals and invest systematically to achieve milestones like home, travel, or education.",SAVING_GOALS,,Redirection ,,,,,/creategoal,,liability,RI,TRUE,,,,,,FALSE,Saving Goals,,,,
102,WEALTH,All,Where Can I check IPO status|What is status for my IPO|How to Check my allotment status,How do I check my IPO status?,"Check your IPO application status, allotment details, and updates easily from one place.",CHECK_IPO_STATUS,,Redirection ,,,,,/orderbook,,liability,RI,TRUE,,,,,,FALSE,Check IPO Status,,,,
103,WEALTH,All,How to hold withdrawal for IPO process,How do I withdraw hold amount for IPO?,Remove or release funds blocked for IPO applications if the process is completed or withdrawn.,IPO_HOLD_WITHDRAWAL,,Redirection ,,,,,/orderbook,,liability,RI,TRUE,,,,,,FALSE,Hold Withdrawal for IPO,,,,
104,WEALTH,All,How can I withdraw my IPO application,How do I withdraw my IPO application?,Withdraw your IPO application easily before final processing as per applicable guidelines.,WITHDRAW_IPO_APPLICATION,,Redirection ,,,,,/orderbook,,liability,RI,TRUE,,,,,,FALSE,Manage IPO Application,,,,
105,WEALTH,All,How can I modify my IPO application,How do I modify my IPO application?,Modify your IPO application details before submission deadlines as per allowed conditions.,MODIFY_IPO_APPLICATION,,Redirection ,,,,,/orderbook,,liability,RI,TRUE,,,,,,FALSE,Modify IPO,,,,
106,WEALTH,All,Demat|Demat Account,What is a Demat account?,Understand what a Demat account is and how it helps you hold and manage investments like stocks and bonds digitally.,DEMAT_ACCOUNT_INFO,,Redirection ,,,,,/demat,,liability,RI,TRUE,,,,,,FALSE,Demat Account,,,,
107,PAYMENTS,All,IMPS|How do I pay via IMPS,How do I pay using IMPS?,Transfer money instantly using IMPS to any bank account with real-time processing.,PAY_IMPS,,Redirection ,,,,,/bankTransfer,,BIB|liability,RI,TRUE,,,,,,FALSE,IMPS Payments,,,,
108,PAYMENTS,All,NEFT|How do I pay via NEFT,How do I pay using NEFT?,Transfer funds securely using NEFT with scheduled settlement cycles.,PAY_NEFT,,Redirection ,,,,,/bankTransfer,,BIB|liability,RI,TRUE,,,,,,FALSE,NEFT Payments,,,,
109,PAYMENTS,All,Delete payee|How do I delete payee,How do I delete a payee?,Remove a saved beneficiary or payee from your list securely when no longer needed.,DELETE_PAYEE,,Redirection ,,,,,/allPayees,,liability|asset|creditcard,RI,TRUE,,,,,,FALSE,Delete Payee,,,,
110,PAYMENTS,All,Beneficiary|How to view beneficiary,How do I view my beneficiaries?,View all your saved beneficiaries or payees for quick and easy fund transfers.,VIEW_BENEFICIARY,,Redirection ,,,,,/allPayees,,liability|asset|creditcard,RI,TRUE,,,,,,FALSE,View Beneficiary,,,,
111,PAYMENTS,All,Insurance|How do I pay for insurance,How do I pay my insurance premium?,Pay your insurance premiums easily through the app using secure payment options.,PAY_INSURANCE,,Redirection ,,,,,/billerCategories,,liability|asset|creditcard,RI,TRUE,,,,,,FALSE,Insurance Payments,,,,
112,PAYMENTS,All,Broadband|How do I pay broadband bill,How do I pay my broadband bill?,Pay your broadband bills quickly and securely through the app without hassle.,PAY_BROADBAND,,Redirection ,,,,,/billerCategories,,liability|asset|creditcard,RI,TRUE,,,,,,FALSE,Pay Broadband Bill,,,,
113,PAYMENTS,All,Gas Bill|How do I pay gas bill,How do I pay my gas bill?,Make gas bill payments easily and track your payment status instantly.,PAY_GAS_BILL,,Redirection ,,,,,/billerCategories,,liability|asset|creditcard,RI,TRUE,,,,,,FALSE,Pay Gas Bill,,,,
114,PAYMENTS,All,Landline|How do I pay landline bill,How do I pay my landline bill?,Pay your landline bills securely and conveniently through the app.,PAY_LANDLINE_BILL,,Redirection ,,,,,/billerCategories,,liability|asset|creditcard,RI,TRUE,,,,,,FALSE,Pay Landline Bill,,,,
115,PAYMENTS,All,Municipal tax|How do I pay municipal tax,How do I pay municipal tax?,Pay your municipal taxes easily through the app with secure payment options.,PAY_MUNICIPAL_TAX,,Redirection ,,,,,/billerCategories,,liability|asset|creditcard,RI,TRUE,,,,,,FALSE,Pay Tax,,,,
116,PAYMENTS,All,Rental|How do I pay for rentals,How do I pay my rent?,Make rental payments quickly and securely using available payment methods.,PAY_RENT,,Redirection ,,,,,/billerCategories,,liability|asset|creditcard,RI,TRUE,,,,,,FALSE,Rental Payments,,,,
117,PAYMENTS,All,Utilities|How do I pay for utilities,How do I pay utility bills?,"Pay multiple utility bills like electricity, gas, and more from one place easily.",PAY_UTILITIES,,Redirection ,,,,,/billerCategories,,liability|asset|creditcard,RI,TRUE,,,,,,FALSE,Utilities Payments,,,,
118,PAYMENTS,All,Cancel|How to cancel payment,How do I cancel a recurring payment?,Cancel or stop recurring payments or standing instructions easily through the app.,CANCEL_RECURRING_PAYMENT,,Redirection ,,,,,/pay/recurring,,BIB|liability,RI,TRUE,,,,,,FALSE,Cancel Recurring Payments,,,,
119,PAYMENTS,All,VPA|How to use VPA,How do I pay using a VPA?,Send money using a Virtual Payment Address (UPI ID) without needing bank details.,PAY_TO_VPA,,Redirection ,,,,,/payToUpi,,liability,RI,TRUE,,,,,,FALSE,Pay To VPA,,,,
120,WEALTH,All,How to switch my fund|How do I systematically transfer my funds|What is the minimum number of funds to switch|What is the minimum switch amount|fund switching|Systematic transfer,How do I switch between funds?,Switch or transfer your investments between mutual funds easily as per your investment strategy.,SWITCH_FUNDS,,Redirection ,,,,,/mfSummary?holdings,,liability,RI,TRUE,,,,,,FALSE,Switching Between Funds,,,,
121,WEALTH,All,How do I plan savings goal for a car,How do I plan a savings goal for a car?,Set a financial goal and plan investments to achieve your target of buying a car.,CAR_GOAL_PLANNING,,Redirection ,,,,,/creategoal,,liability,RI,TRUE,,,,,,FALSE,Goal for a Car,,,,
122,WEALTH,All,Plan a goal|How do I plan a goal,How do I plan a goal?,Set and plan your financial goals by choosing the target amount and timeline to invest systematically.,PLAN_GOAL,,Redirection ,,,,,/creategoal,,liability,RI,TRUE,,,,,,FALSE,Plan a Goal,,,,
123,WEALTH,All,Discover top funds|How do I discover top funds,How do I discover top funds?,"Discover top-performing funds based on returns, ratings, and market trends to make informed investments.",DISCOVER_TOP_FUNDS,,Redirection ,,,,,/investinmf,,liability,RI,TRUE,,,,,,FALSE,Discover Top Funds,,,,
124,WEALTH,All,Quick Invest|How do I use quick Invest,How do I use Quick Invest?,Invest quickly in selected funds using simplified investment flows for faster execution.,QUICK_INVEST,,Redirection ,,,,,/recommendportfolio/sipandlumpsum,,liability,RI,TRUE,,,,,,FALSE,Quick Invest,,,,
125,WEALTH,All,Invest in NFO|How do I invest in NFO,How do I invest in NFO?,Invest in New Fund Offers (NFOs) and participate in newly launched mutual fund schemes.,INVEST_NFO,,Redirection ,,,,,/nfo,,liability,RI,TRUE,,,,,,FALSE,Invest in NFO,,,,
126,WEALTH,All,Government securities|G-Sec|Goverment Securities|How do I invest in government securities,How do I invest in government securities?,Invest in government-backed securities for stable and low-risk returns through a simple process.,INVEST_GOVT_SECURITIES,,Redirection ,,,,,/investments,,liability,RI,TRUE,,,,,,FALSE,Government Securities,,,,
127,WEALTH,All,Trending mutual funds|How do I see trending mutual funds,How do I view trending mutual funds?,Explore trending mutual funds based on popularity and recent performance trends.,VIEW_TRENDING_MF,,Redirection ,,,,,/diymf,,liability,RI,TRUE,,,,,,FALSE,Trending Mutual Funds,,,,
128,CC,All,Charge Summary|How to view a summary of charges,How do I view a summary of charges?,View a detailed summary of all applicable charges and fees for your accounts and services.,VIEW_CHARGE_SUMMARY,,Redirection ,,,,,/CreditCardDetails,,creditcard,RI,TRUE,,,,,,FALSE,Charge Summary,,,,
129,CC,All,Add on Card application status|How to check status of add-on card application,How do I check add-on card application status?,Track the status of your add-on credit card application and its progress easily.,TRACK_ADDON_CARD_STATUS,,Redirection ,,,,,/CreditCardDetails,,creditcard,RI,TRUE,,,,,,FALSE,Add-on Card Application Status,,,,
130,CC,All,Card closure|How to close credit card account,How do I close my credit card account?,Close your credit card account by following a simple process after clearing all dues.,CLOSE_CREDIT_CARD,,Redirection ,,,,,/CreditCardDetails,,creditcard,RI,TRUE,,,,,,FALSE,Card Closure,,,,
131,CC,All,Foreclosure of credit card EMI|How to foreclose credit card EMI,How do I foreclose my credit card EMI?,Foreclose your ongoing credit card EMIs and clear outstanding amounts in advance.,FORECLOSE_CC_EMI,,Redirection ,,,,,/CreditCardDetails,,creditcard,RI,TRUE,,,,,,FALSE,Foreclosure of Credit Card EMI,,,,
132,CC,All,Credit card rewards expiry enquiry|How to enquire about credit card rewards expiry,How do I check reward points expiry?,Check expiry details of your credit card reward points to redeem them before they lapse.,CHECK_REWARD_EXPIRY,,Redirection ,,,,,/CreditCardDetails,,creditcard,RI,TRUE,,,,,,FALSE,Credit Card Rewards Expiry Enquiry,,,,
133,PAYMENTS,All,Favourite Payees|How do I view favourite payees,How do I view favourite payees?,View your frequently used or saved favourite payees for quick transactions.,VIEW_FAVOURITE_PAYEES,,Redirection ,,,,,/allPayees,,liability|asset|creditcard,RI,TRUE,,,,,,FALSE,View Favourite Payees,,,,
134,WEALTH,All,List of transactions for Mutual Funds|How to view list of transactions for Mutual Funds,How do I view mutual fund transactions?,"View all your mutual fund transaction history including purchases, redemptions, and SIPs.",VIEW_MF_TRANSACTIONS,,Redirection ,,,,,/mfSummary/transactions,,liability,RI,TRUE,,,,,,FALSE,List of Transactions for Mutual Funds,,,,
135,WEALTH,All,View previous investment goals|How to view previously set investment goals,How do I view previous investment goals?,Access previously created investment goals and track their progress or status.,VIEW_PREVIOUS_GOALS,,Redirection ,,,,,/goaltracking,,liability,RI,TRUE,,,,,,FALSE,Previous Investment Goals,,,,
136,WEALTH,All,Invest in Large Cap Funds|How to invest in Large Cap Funds,How do I invest in large cap funds?,Invest in large cap mutual funds that focus on established companies with stable growth.,INVEST_LARGE_CAP_FUNDS,,Redirection ,,,,,/investinmf,,liability,RI,TRUE,,,,,,FALSE,Invest in Large Cap Funds,,,,
137,WEALTH,All,Invest in Flexi Cap Fund|How to invest in Flexi Cap Fund,How do I invest in flexi cap funds?,"Invest in flexi cap funds that dynamically allocate across large, mid, and small-cap stocks.",INVEST_FLEXI_CAP_FUNDS,,Redirection ,,,,,/investinmf,,liability,RI,TRUE,,,,,,FALSE,Invest in Flexi Cap Fund,,,,
138,WEALTH,All,Invest in Multi Cap Fund|How to invest in Multi Cap Fund,How do I invest in multi cap funds?,"Invest in multi cap funds that diversify across large, mid, and small-cap stocks for balanced growth.",INVEST_MULTI_CAP_FUNDS,,Redirection ,,,,,/investinmf,,liability,RI,TRUE,,,,,,FALSE,Invest in Multi Cap Fund,,,,
139,WEALTH,All,Invest in Sectoral/Thematic Fund|How to invest in Sectoral/Thematic Fund,How do I invest in sectoral or thematic funds?,Invest in sectoral or thematic funds focusing on specific industries or themes based on market opportunities.,INVEST_SECTORAL_FUNDS,,Redirection ,,,,,/investinmf,,liability,RI,TRUE,,,,,,FALSE,Invest in Sectoral/Thematic Fund,,,,
140,WEALTH,All,Invest in Value Fund|How to invest in Value Fund,How do I invest in value funds?,Invest in value funds that focus on undervalued stocks with long-term growth potential.,INVEST_VALUE_FUNDS,,Redirection ,,,,,/investinmf,,liability,RI,TRUE,,,,,,FALSE,Invest in Value Fund,,,,
141,WEALTH,All,Invest in Contra Fund|How to invest in Contra Fund,How do I invest in contra funds?,Invest in contra funds that follow a contrarian strategy to capitalize on market opportunities.,INVEST_CONTRA_FUNDS,,Redirection ,,,,,/investinmf,,liability,RI,TRUE,,,,,,FALSE,Invest in Contra Fund,,,,
142,WEALTH,All,Invest in Debt Funds|How to invest in Debt Funds,How do I invest in debt funds?,Invest in debt funds for relatively stable returns through fixed income securities.,INVEST_DEBT_FUNDS,,Redirection ,,,,,/diymf,,liability,RI,TRUE,,,,,,FALSE,Invest in Debt Funds,,,,
143,WEALTH,All,Invest in Hybrid Funds|How to invest in Hybrid Funds|hybrid funds|MF|SIPs,How do I invest in hybrid funds?,Invest in hybrid funds that combine equity and debt to balance risk and returns.,INVEST_HYBRID_FUNDS,,Redirection ,,,,,/diymf,,liability,RI,TRUE,,,,,,FALSE,Invest in Hybrid Funds,,,,
144,WEALTH,All,Plan investment goal|How to plan my investment goal,How do I plan my investment goal?,Set your financial goals and create an investment plan to achieve them with disciplined contributions.,PLAN_INVESTMENT_GOAL,,Redirection ,,,,,/creategoal,,liability,RI,TRUE,,,,,,FALSE,Plan investment goal,,,,
145,PAYMENTS,All,Utility Bill Payment|How to pay my utility bills online,How do I pay my utility bills online?,"Pay electricity, gas, and other utility bills quickly through secure online payment options.",PAY_UTILITY_BILLS,,Redirection ,,,,,/billerCategories,,liability|asset|creditcard,RI,TRUE,,,,,,FALSE,Utility Bill Payment,,,,
146,WEALTH,All,Retirement Planning|How to plan for my retirement,How do I plan for retirement?,Plan your retirement by setting financial goals and investing in suitable long-term options.,PLAN_RETIREMENT,,Redirection ,,,,,/creategoal,,liability|asset|creditcard,RI,TRUE,,,,,,FALSE,Retirement Planning,,,,
147,WEALTH,All,Investment Risk Assessment|How to assess investment risks,How do I assess my investment risk?,Evaluate your risk profile to choose suitable investments aligned with your financial goals.,ASSESS_INVESTMENT_RISK,,Redirection ,,,,,/riskprofile,,liability|asset|creditcard,RI,TRUE,,,,,,FALSE,Investment Risk Assessment,,,,
148,WEALTH,All,Gold Investment|How to check my gold investment,How do I check my gold investment?,Check my  different gold investment options such as digital gold or bonds based on your preferences.,VIEW_MY_GOLD_INVESTMENT,,Redirection ,,,,,/sgbSummary/applications,,liability|asset|creditcard,RI,TRUE,,,,,,FALSE,My Gold Investment,,,,
149,RAS,All,Add PAN to profile|Add PAN to my account|How do I add PAN to my account,How do I add PAN to my account?,Add your PAN details to your profile to comply with regulatory requirements.,ADD_PAN,,Redirection ,,,,,/EditCustomerDetail/pan,,liability|asset|creditcard,RI,TRUE,,,,,,FALSE,Add PAN To My Account,,,,
150,RAS,All,Upload Signature|How to upload signature,How do I upload my signature?,Upload your signature securely for account verification and transaction processing.,UPLOAD_SIGNATURE,,Redirection ,,,,,/account,,liability|asset|creditcard,RI,TRUE,,,,,,FALSE,Upload Signature,,,,
151,RAS,All,Update preferred account|How to update preferred account|Change preferred account|How to change preferred account|Change default preferred account|Default preferred account|Preferred account,How do I change my preferred account?,Update your preferred or default account for transactions and payments easily.,CHANGE_PREFERRED_ACCOUNT,,Redirection ,,,,,/Settings,,liability|asset|creditcard,RI,TRUE,,,,,,FALSE,Change Preferred Account,,,,
152,RAS,All,Revoke stopped cheque|How to revoke stopped cheque,How do I revoke a stopped cheque?,Revoke a previously stopped cheque to allow it to be processed again if required.,REVOKE_STOPPED_CHEQUE,,Redirection ,,,,,/more/echequebooks,,liability|asset|creditcard,RI,TRUE,,,,,,FALSE,Revoke Stopped Cheque,,,,
153,WEALTH,All,Manage my SIPs - Edit/ Cancel/ Pause SIP|How to manage my SIPs,How do I manage my SIPs?,"Edit, pause, or cancel your SIPs easily based on your investment needs.",MANAGE_SIP,,Redirection ,,,,,/mfSummary/systematicPlans,,liability,RI,TRUE,,,,,,FALSE,Manage my SIPs - Edit/ Cancel/ Pause SIP,,,,
154,WEALTH,All,Check Mutual Fund status|How to check mutual fund transaction status,How do I check my mutual fund transaction status?,"Track the status of your mutual fund transactions including purchases, redemptions, and SIPs.",CHECK_MF_STATUS,,Redirection ,,,,,/mfSummary/transactions,,liability,RI,TRUE,,,,,,FALSE,Check Mutual Fund transaction status,,,,
155,WEALTH,All,Download Gold Bond Certificate|How to download gold bond certificate,How do I download my gold bond certificate?,Download your sovereign gold bond certificate securely for your records and reference.,DOWNLOAD_GOLD_BOND_CERTIFICATE,,Redirection ,,,,,/sgbSummary/holdings,,liability,RI,TRUE,,,,,,FALSE,Download Gold Bond Certificate,,,,
156,RAS,All,Adhar|Aadhaar|Aadhar Seeding|How to link Aadhar to my account,How do I link Aadhaar to my account?,Link your Aadhaar to your bank account to comply with regulatory requirements and enable services.,LINK_AADHAAR,,Redirection ,,,,,/profile,,liability|asset|creditcard,RI,TRUE,,,,,,FALSE,Aadhar Seeding,,,,
157,PLATFORM,All,Device management|Device Activities,How do I manage my devices?,"Manage registered devices, view activity, and ensure secure access to your account.",DEVICE_MANAGEMENT,,Redirection ,,,,,/deviceManagement,,liability|asset|creditcard,RI,TRUE,,,,,,FALSE,Device Management,,,,
158,RAS,All,"RBI, RBI Information, RBI Awareness, RBI Kehta hai, Awareness|How do I know about RBI guidelines",How do I view RBI guidelines and awareness information?,"Access RBI-related guidelines, updates, and awareness information for better financial understanding.",VIEW_RBI_INFO,,Redirection ,,,,,/hamburger,,liability|asset|creditcard,RI,TRUE,,,,,,FALSE,RBI Corner,,,,
159,RAS,All,IFSC Code|How do I find my IFSC code|Where can I find my IFSC code,How do I find my IFSC code?,"Find your bank branch IFSC code easily for transactions like NEFT, RTGS, and IMPS.",VIEW_IFSC_CODE,,Redirection ,,,,,/account,,liability|asset|creditcard,RI,TRUE,,,,,,FALSE,IFSC Code,,,,
160,RAS,All,Hold Funds,How do I view held funds in my account?,Check funds that are on hold or not available for transactions in your account.,VIEW_HELD_FUNDS,,Redirection ,,,,,/account,,liability|asset|creditcard,RI,TRUE,,,,,,FALSE,Hold Funds,,,,
161,WEALTH,All,Life Insurance Summary,How do I view my life insurance summary?,View a summary of your life insurance policies including coverage and benefits.,VIEW_LIFE_INSURANCE_SUMMARY,,Redirection ,,,,,/insuranceDashboard,,liability|asset|creditcard,RI,TRUE,,,,,,FALSE,Life Insurance Summary,,,,
162,WEALTH,All,Total Life Cover|Risk Cover|Total Life Insurance,How do I check my total life insurance cover?,Check your total life insurance coverage and risk protection details in one place.,VIEW_TOTAL_LIFE_COVER,,Redirection ,,,,,/insuranceDashboard,,liability|asset|creditcard,RI,TRUE,,,,,,FALSE,Total Life Cover- Insurance,,,,
163,WEALTH,All,Buy A New Insurance Poilcy|Buy Policy,How do I buy a new insurance policy?,Explore and purchase a new insurance policy that suits your needs and coverage requirements.,BUY_INSURANCE_POLICY,,Redirection ,,,,,/insuranceDashboard,,liability|asset|creditcard,RI,TRUE,,,,,,FALSE,Buy Policy - Insurance,,,,
164,WEALTH,All,Buy Insurance,How do I buy insurance?,Browse and buy different types of insurance policies directly through the app.,BUY_INSURANCE,,Redirection ,,,,,/insuranceDashboard,,liability|asset|creditcard,RI,TRUE,,,,,,FALSE,Buy Insurance,,,,
165,WEALTH,All,Maternity Cover,How do I get maternity insurance cover?,Explore maternity insurance options to cover pregnancy and related medical expenses.,BUY_MATERNITY_COVER,,Redirection ,,,,,/insuranceDashboard,,liability|asset|creditcard,RI,TRUE,,,,,,FALSE,Maternity Cover - Insurance,,,,
166,WEALTH,All,Securing The Future|Term Insurance,How do I buy term insurance?,Get term insurance to financially secure your family in case of unforeseen events.,BUY_TERM_INSURANCE,,Redirection ,,,,,/insuranceDashboard,,liability|asset|creditcard,RI,TRUE,,,,,,FALSE,Securing The Future - Insurance,,,,
167,WEALTH,All,Sum Insured,How do I check sum insured in my policy?,View the total sum insured under your insurance policy to understand your coverage.,VIEW_SUM_INSURED,,Redirection ,,,,,/insuranceDashboard,,liability|asset|creditcard,RI,TRUE,,,,,,FALSE,Sum Insured - Insurance,,,,
168,WEALTH,All,Buy Private Car Insurance,How do I buy private car insurance?,Purchase private car insurance to protect your vehicle against damages and liabilities.,BUY_CAR_INSURANCE,,Redirection ,,,,,/insuranceDashboard,,liability|asset|creditcard,RI,TRUE,,,,,,FALSE,Buy Private Car Insurance,,,,
169,WEALTH,All,Buy Unit Link Insurance Plan|Unit Plan|Unit Link|Unit Link Insurance,How do I buy a unit linked insurance plan?,Invest in ULIPs to combine insurance coverage with investment opportunities for long-term goals.,BUY_ULIP,,Redirection ,,,,,/insuranceDashboard,,liability|asset|creditcard,RI,TRUE,,,,,,FALSE,Buy Unit Link Insurance Plan,,,,
170,CC,All,Insta Cash on CC|Instant Cash on Credit Card|CC Instant Cash|How do I get Instant Cash on CC ?|Quick Cash|How do I get CC Instant Cash ?,How do I get instant cash on my credit card?,Access instant cash on your credit card quickly to meet urgent financial needs.,CC_INSTANT_CASH,,Redirection ,,,,,/ApplyLoanOnCard,,creditcard,RI,TRUE,,,,,,FALSE,Insta Cash on CC,,,,
171,CC,All,Features and benefits|Features and benefits on Credit Card|What are features and benefits on Credit Card?,What are the features and benefits of my credit card?,"Explore all features, rewards, and benefits available on your credit card.",VIEW_CC_FEATURES,,Redirection ,,,,,/cards,,liability|asset|creditcard,RI,TRUE,,,,,,FALSE,Card Features and Benefits,,,,
172,CC,All,Recurring transactions|Manage Card recurring transactions,How do I manage credit card recurring transactions?,"Manage, enable, or disable recurring transactions linked to your credit card.",MANAGE_CC_RECURRING,,Redirection ,,,,,/cards,,liability|asset|creditcard,RI,TRUE,,,,,,FALSE,Recurring Tansactions,,,,
173,WEALTH,All,cautious|safe investment,How do I invest as a cautious investor?,Explore low-risk investment options suitable for cautious investors focused on capital protection.,CAUTIOUS_INVESTOR,,Redirection ,,,,,/riskprofile,,liability|asset|creditcard,RI,TRUE,,,,,,FALSE,Cautious Investor,,,,
174,WEALTH,All,blue chip|large cap,How do I invest in blue chip companies?,Invest in large cap or blue chip companies known for stability and consistent performance.,INVEST_BLUE_CHIP,,Redirection ,,,,,/investments,,liability|asset|creditcard,RI,TRUE,,,,,,FALSE,Invest in Blue Chip Companies,,,,
175,WEALTH,All,corporate bonds|corporate|bonds,How do I invest in corporate bonds?,Invest in corporate bonds to earn stable returns through fixed income instruments.,INVEST_CORPORATE_BONDS,,Redirection ,,,,,/investments,,liability|asset|creditcard,RI,TRUE,,,,,,FALSE,Invest in Corporate Bonds,,,,
176,WEALTH,All,international|invest in internamtion MF,How do I invest in international mutual funds?,Invest in international mutual funds to diversify your portfolio across global markets.,INVEST_INTERNATIONAL_MF,,Redirection ,,,,,/investinmf,,liability|asset|creditcard,RI,TRUE,,,,,,FALSE,Invest in International MF,,,,
177,WEALTH,All,pharma|health|MF|SIPs,How do I invest in pharma or healthcare funds?,Invest in sectoral funds focused on pharma and healthcare industries for targeted exposure.,INVEST_PHARMA_FUNDS,,Redirection ,,,,,/investinmf,,liability|asset|creditcard,RI,TRUE,,,,,,FALSE,Invest in Pharma/Health Sector,,,,
178,WEALTH,All,index funds|MF|SIPs,How do I invest in index funds?,Invest in index funds that track market indices and offer low-cost diversified exposure.,INVEST_INDEX_FUNDS,,Redirection ,,,,,/investinmf,,liability|asset|creditcard,RI,TRUE,,,,,,FALSE,Invest in Index Funds,,,,
179,RAS,All,RD Calculator|FD Calculator,How do I use the FD calculator?,"Use the FD calculator to estimate returns based on tenure, interest rate, and deposit amount.",FD_CALCULATOR,,Redirection ,,,,,/createfd,,liability|asset|creditcard,RI,TRUE,,,,,,FALSE,FD Calculator,,,,
180,FX,All,International payments|How to do international payments,How do I make international payments?,Make international payments securely using supported transfer methods and track them easily.,INTERNATIONAL_PAYMENTS,,Redirection ,,,,,/payabroad,,liability,RI,TRUE,,,,,,FALSE,International payments,,,,
181,FX,All,SWIFT payment|How to pay via SWIFT,How do I pay via SWIFT?,Transfer funds internationally using SWIFT with secure and reliable processing.,SWIFT_PAYMENT,,Redirection ,,,,,/payabroad,,liability,RI,TRUE,,,,,,FALSE,Swift Payments,,,,
182,FX,All,AED|United Arab Emirates Dirham|UAE|How to pay in United Arab Emirates Dirham,How do I pay in AED?,Make payments in UAE Dirham (AED) easily for international transactions.,PAY_IN_AED,,Redirection ,,,,,/payabroad,,liability,RI,TRUE,,,,,,FALSE,Pay in United Arab Emirates Dirham,,,,
183,RAS,All,Cardless|Cardless withdrawal|How do I  use  for contactless transactions,How do I enable contactless transactions?,Enable contactless transactions to make quick and secure payments without inserting your card.,ENABLE_CONTACTLESS,,Redirection ,,,,,/cards,,liability,RI,TRUE,,,,,,FALSE,Enable Contactless Transaction,,,,
184,RAS,All,Tap and Pay|Tap|Tap to pay|How do I enable tap and pay,How do I enable tap and pay?,Activate tap and pay feature to make fast and secure contactless payments.,ENABLE_TAP_PAY,,Redirection ,,,,,/cards,,liability,RI,TRUE,,,,,,FALSE,Enable Tap And Pay,,,,
185,PFM,All,Money Manager|Manage Money|Manage Funds|Manage Expenses|Expense Management|Money In|Money Out,How do I manage my expenses and money?,"Use money manager tools to track expenses, manage income, and gain insights into your finances.",MONEY_MANAGER,,Redirection ,,,,,/pay/myfinances,,liability,RI,TRUE,,,,,,FALSE,Money Manager,,,,
186,WEALTH,All,Invest in Axis - MF|Axis,How do I invest in Axis mutual funds?,Explore and invest in Axis mutual funds across various categories based on your investment goals.,INVEST_AXIS_MF,,Redirection ,,,,,/investinmf,,liability,RI,TRUE,,,,,,FALSE,Invest in Axis - MF,,,,
187,WEALTH,All,Invest in Nippon - MF|Nippon,How do I invest in Nippon mutual funds?,Choose and invest in Nippon mutual funds to grow your investments across different asset classes.,INVEST_NIPPON_MF,,Redirection ,,,,,/investinmf,,liability,RI,TRUE,,,,,,FALSE,Invest in Nippon - MF,,,,
188,WEALTH,All,Invest in Large Cap Funds|Small Cap|Mid Cap|Large Cap|Flexi Cap|Quant Funds|Qaunt Funds,How do I invest in large cap mutual funds?,Invest in large cap mutual funds that focus on well-established companies with stable growth.,INVEST_LARGE_CAP_MF,,Redirection ,,,,,/investinmf,,liability,RI,TRUE,,,,,,FALSE,Invest in Large Cap Mutual Funds,,,,
189,WEALTH,All,Mirae MF|Invest in Mirae MF,How do I invest in Mirae mutual funds?,Explore and invest in Mirae mutual funds to diversify your portfolio with global and domestic exposure.,INVEST_MIRAE_MF,,Redirection ,,,,,/investinmf,,liability,RI,TRUE,,,,,,FALSE,Invest in Mirae MF,,,,
190,WEALTH,All,Invesco MF|Invest in Invesco MF,How do I invest in Invesco mutual funds?,Invest in Invesco mutual funds to access diversified and professionally managed portfolios.,INVEST_INVESCO_MF,,Redirection ,,,,,/investinmf,,liability,RI,TRUE,,,,,,FALSE,Invest in Invesco MF,,,,
191,WEALTH,All,PGIM India MF|Invest in PGIM India MF,How do I invest in PGIM India mutual funds?,Explore PGIM India mutual funds and invest in schemes aligned with your financial goals.,INVEST_PGIM_MF,,Redirection ,,,,,/investinmf,,liability,RI,TRUE,,,,,,FALSE,Invest in PGIM India MF,,,,
192,WEALTH,All,Bandhan MF|Invest in Bandhan MF,How do I invest in Bandhan mutual funds?,Invest in Bandhan mutual funds to build a diversified investment portfolio.,INVEST_BANDHAN_MF,,Redirection ,,,,,/investinmf,,liability,RI,TRUE,,,,,,FALSE,Invest in Bandhan MF,,,,
193,WEALTH,All,DSP MF|Invest in DSP MF,How do I invest in DSP mutual funds?,"Choose DSP mutual funds to invest in equity, debt, or hybrid schemes based on your goals.",INVEST_DSP_MF,,Redirection ,,,,,/investinmf,,liability,RI,TRUE,,,,,,FALSE,Invest in DSP MF,,,,
194,WEALTH,All,Edelweiss MF|Invest in Edelweiss MF,How do I invest in Edelweiss mutual funds?,Invest in Edelweiss mutual funds and explore a variety of investment opportunities.,INVEST_EDELWEISS_MF,,Redirection ,,,,,/investinmf,,liability,RI,TRUE,,,,,,FALSE,Invest in Edelweiss MF,,,,
195,WEALTH,All,Kotak MF|Invest in Kotak MF,How do I invest in Kotak mutual funds?,"Invest in Kotak mutual funds across equity, debt, and hybrid categories.",INVEST_KOTAK_MF,,Redirection ,,,,,/investinmf,,liability,RI,TRUE,,,,,,FALSE,Invest in Kotak MF,,,,
196,WEALTH,All,360 ONE MF|Invest in 360 ONE MF,How do I invest in 360 ONE mutual funds?,Explore and invest in 360 ONE mutual funds tailored to your investment needs.,INVEST_360ONE_MF,,Redirection ,,,,,/investinmf,,liability,RI,TRUE,,,,,,FALSE,Invest in 360 ONE MF,,,,
197,WEALTH,All,Helios MF|Invest in Helios MF,How do I invest in Helios mutual funds?,Invest in Helios mutual funds to access specialized investment strategies.,INVEST_HELIOS_MF,,Redirection ,,,,,/investinmf,,liability,RI,TRUE,,,,,,FALSE,Invest in Helios MF,,,,
198,WEALTH,All,ITI MF|Invest in ITI MF,How do I invest in ITI mutual funds?,Invest in ITI mutual funds and diversify your portfolio across multiple asset classes.,INVEST_ITI_MF,,Redirection ,,,,,/investinmf,,liability,RI,TRUE,,,,,,FALSE,Invest in ITI MF,,,,
199,WEALTH,All,JM Finanicals MF|Invest in JM Finanicals MF,How do I invest in JM Financial mutual funds?,Explore JM Financial mutual funds and invest in schemes aligned with your goals.,INVEST_JM_FINANCIAL_MF,,Redirection ,,,,,/investinmf,,liability,RI,TRUE,,,,,,FALSE,Invest in JM Finanicals MF,,,,
200,WEALTH,All,Navi MF|Invest in Navi MF,How do I invest in Navi mutual funds?,Invest in Navi mutual funds offering simple and cost-effective investment options.,INVEST_NAVI_MF,,Redirection ,,,,,/investinmf,,liability,RI,TRUE,,,,,,FALSE,Invest in Navi MF,,,,
201,WEALTH,All,Old Bridge MF|Invest in Old Bridge MF,How do I invest in Old Bridge mutual funds?,Invest in Old Bridge mutual funds and explore niche investment strategies.,INVEST_OLD_BRIDGE_MF,,Redirection ,,,,,/investinmf,,liability,RI,TRUE,,,,,,FALSE,Invest in Old Bridge MF,,,,
202,WEALTH,All,Parag Parikh MF|Invest in Parag Parikh MF,How do I invest in Parag Parikh mutual funds?,Invest in Parag Parikh mutual funds known for value-oriented investment strategies.,INVEST_PARAG_PARIKH_MF,,Redirection ,,,,,/investinmf,,liability,RI,TRUE,,,,,,FALSE,Invest in Parag Parikh MF,,,,
203,WEALTH,All,Samco MF|Invest in Samco MF,How do I invest in Samco mutual funds?,Explore and invest in Samco mutual funds to build a diversified investment portfolio.,INVEST_SAMCO_MF,,Redirection ,,,,,/investinmf,,liability,RI,TRUE,,,,,,FALSE,Invest in Samco MF,,,,
204,WEALTH,All,Sundaram MF|Invest in Sundaram MF,How do I invest in Sundaram mutual funds?,Explore and invest in Sundaram mutual funds across various categories based on your financial goals.,INVEST_SUNDARAM_MF,,Redirection ,,,,,/investinmf,,liability,RI,TRUE,,,,,,FALSE,Invest in Sundaram MF,,,,
205,WEALTH,All,Whiteoak MF|Invest in Whiteoak MF,How do I invest in WhiteOak mutual funds?,Invest in WhiteOak mutual funds to diversify your portfolio with professionally managed schemes.,INVEST_WHITEOAK_MF,,Redirection ,,,,,/investinmf,,liability,RI,TRUE,,,,,,FALSE,Invest in Whiteoak MF,,,,
206,CX,All,NOC for closed loans|Vehicle loan NOC|Loan closure certificate|Obtain NOC for 2/4 wheeler loan|Loan NOC request|Loan discharge certificate|Loan settlement certificate|Loan release certificate|Closed loan NOC|Loan completion certificate,How do I get NOC for my 2/4 wheeler loan?,Download your loan NOC after closure to confirm that all dues are cleared and the loan is fully settled.,VEHICLE_LOAN_NOC,,Redirection ,,,,,/servicerequests/dashboard,,liability|asset|creditcard,RI,TRUE,,,,,,FALSE,NOC for 2/4 Wheeler Loans,,,,
207,PAYMENTS,All,Send Money|Fund transfer|Schedule payment|Pay Money|Bank Transfer|How do I send money to someone|How do I use UPI|How do I pay via IMPS|How do I manage recurring payments|How do I do Bank transfer,How do I transfer money to someone?,"Send money using UPI, IMPS, NEFT, RTGS, or SWIFT with options for scheduling and recurring payments.",BANK_TRANSFER,,Redirection ,,,,,/bankTransfer,,BIB|liability,RI,TRUE,,,,,,FALSE,Bank Transfer,,,,
208,FIN,All,IDFC FIRST Academy|First Academy|Financial Academy|Financial Literacy|Financial Courses|Online Financial Courses|Banking and Finance Courses|Financial Education|Financial Knowledge|IDFC Learning,How do I access IDFC FIRST Academy?,"Access financial education content, courses, and learning resources through IDFC FIRST Academy.",VIEW_FIRST_ACADEMY,,Redirection ,,,,,/financialLiteracyScreen,,liability|asset|creditcard,RI,TRUE,,,,,,FALSE,IDFC FIRST Academy,,,,
209,ALL,All,Do not disturb|DND,How do I enable Do Not Disturb?,Enable Do Not Disturb to manage promotional communication preferences easily.,ENABLE_DND,,Redirection ,,,,,https://www.idfcfirstbank.com/dnd,,liability|asset|creditcard,RI,TRUE,,,,,,FALSE,Do Not Disturb,,,,
210,ALL,All,Privacy Policy,How do I view the privacy policy?,View the privacy policy to understand how your data is collected and used.,VIEW_PRIVACY_POLICY,,Redirection ,,,,,https://www.idfcfirstbank.com/privacy-policy,,liability|asset|creditcard,RI,TRUE,,,,,,FALSE,Privacy Policy,,,,
211,ALL,All,Opt out of marketing communications,How do I opt out of marketing communications?,Opt out of promotional and marketing messages as per your preference.,OPT_OUT_MARKETING,,Redirection ,,,,,https://www.idfcfirstbank.com/dnd,,liability|asset|creditcard,RI,TRUE,,,,,,FALSE,Opt out of marketing communications,,,,
212,WEALTH,All,start SIP|How to start an SIP,How do I start a SIP?,Start a Systematic Investment Plan (SIP) to invest regularly and build wealth over time.,START_SIP,,Redirection ,,,,,/diymf,,liability,RI,TRUE,,,,,,FALSE,Buy SIP,,,,
213,FX,All,Remit first to india|Remit first 2 india|Remit|Send money to india|Digital Inward Remittance|Transfer to India|Pay to India|Funds Transfer to India|Remit to India|Remit FIRST,How do I send money to India?,Transfer funds to India easily using digital remittance services with secure and fast processing.,REMIT_TO_INDIA,,Redirection ,,,,,/remitfirsttoindia,,liability,RI,TRUE,,,,,,FALSE,Remit First To India,,,,
214,FX,All,Passport Update|update passport details|change passport number|upload new passport|update passport for NRI|passport document update|update passport in app|passport renewal update|passport change request|update passport information,How do I update my passport details for NRI account?,Update your passport details for your NRI account to keep your KYC information current and compliant.,UPDATE_PASSPORT_NRI,,Redirection ,,,,,/profile,,liability,RI,TRUE,,,,,,FALSE,NRI - Passport Update,,,,
215,LAS,All,loan against shares|loan against securities|loan against bonds|equity loan|debt fund loan|investment loan|loan on investments|loan against investments|loan against mutual fund|Mutual Fund,How do I take a loan against mutual funds?,Avail a loan against your mutual fund investments without redeeming them and access funds quickly.,LOAN_AGAINST_MF,,Redirection ,,,,,/lasHomeScreen,,liability,RI,TRUE,,,,,,FALSE,Loan against Mutual Funds,,,,
216,CC,All,upgrade|CC upgrade|credit card upgrade,How do I upgrade my credit card?,"Upgrade your existing credit card to access better benefits, higher limits, and premium features.",UPGRADE_CREDIT_CARD,,Redirection ,,,,,/UpgradeCreditCard,,creditcard,RI,TRUE,,,,,,FALSE,Upgrade Credit Card,,,,
217,CX,All,Change Bank Details|Change EMI Details|Change Mandate|SWAP Mandate|Change Bank|EMI Bank change|EMI Bank update|EMI Account change|Auto Debit|Account change,How do I change my EMI bank details?,Update your bank account or mandate linked to EMI payments for seamless auto-debit processing.,CHANGE_EMI_BANK_DETAILS,,Redirection ,,,,,/servicerequests/dashboard,,liability,RI,TRUE,,,,,,FALSE,Change Bank Details,,,,
218,RAS,All,Positive pay|Enable Positive pay|Cheque safeguarding|Manage Chequebook|Manage Cheque,How do I manage my chequebook?,"Manage your chequebook, track issued cheques, and enable safeguards like positive pay.",MANAGE_CHEQUEBOOK,,Redirection ,,,,,/more/echequebooks,,liability|asset|creditcard,RI,TRUE,,,,,,FALSE,Manage Chequebooks,,,,
219,RAS,All,Apply for 121|TDS exemption|Apply for TDS exemption|121|Income tax|Deposit exemption|Apply for exemption|submit 15G|Submit 15H|How do I acsess my Form 15 G/H,How do I submit Form 15G/15H for TDS exemption?,Submit Form 15G/15H to claim TDS exemption on eligible deposits and income.,SUBMIT_FORM_15G_15H,,Redirection ,,,,,/Form121Screen/Form 121,,liability|asset|creditcard,RI,TRUE,,,,,,FALSE,Form 121,,,,
220,RAS,All,Positive pay|Enable Positive pay|Cheque safeguarding|Manage Chequebook|Manage Cheque,How do I enable positive pay for cheques?,Enable positive pay to add an extra layer of security for cheque transactions.,ENABLE_POSITIVE_PAY,,Redirection ,,,,,/more/echequebooks,,liability|asset|creditcard,RI,TRUE,,,,,,FALSE,Positive Pay,,,,
221,BAS,All,Re-issue debit card|New debit card|Request debit card|Cancel card blocking|Replace lost debit card|Replace debit card|How to get a debit card re-issued|How to request a debit card|How to replace lost debit card|How to replace a debit card,How do I request a new debit card?,"Request a re-issue or replacement of your debit card in case of loss, damage, or expiry.",REISSUE_DEBIT_CARD,,Redirection ,,,,,/cards,,liability|asset|creditcard,RI,TRUE,,,,,,FALSE,Re-issue Debit Card,,,,
222,BAS,All,Fixed Deposits|My deposits|fixed deposit calculation|fixed deposit interest|80C fixed deposit|How to view my Fixed Deposits|How to open deposits|How to view my deposits|How to check fixed deposit amount|How to see FD list,How do I view my fixed deposits?,"View your fixed deposit list, interest details, maturity amount, and manage related actions easily.",VIEW_FD_LIST,,Redirection ,,,,,/deposits,,liability|asset|creditcard,RI,TRUE,,,,,,FALSE,Fixed Deposits List,,,,
223,CC,All,Forgot credit card PIN,How do I reset my credit card PIN?,Reset your credit card PIN securely to continue transactions without interruption.,RESET_CC_PIN,,Redirection ,,,,,/SetCardPin,,creditcard,RI,TRUE,,,,,,FALSE,Reset Credit Card Pin,,,,
224,CC,All,Credit card abroad|How do I enable my credit card for usage abroad?,How do I enable my credit card for international usage?,Enable your credit card for international transactions to use it abroad securely.,ENABLE_CC_INTERNATIONAL,,Redirection ,,,,,/ManageCreditCardLimit,,creditcard,RI,TRUE,,,,,,FALSE,Enable Credit Card Usage Abroad,,,,
225,CC,All,My card limits|How do I view and setup my credit card limits?,How do I manage my credit card limits?,View and update your credit card spending limits based on your preferences.,MANAGE_CC_LIMITS,,Redirection ,,,,,/ManageCreditCardLimit,,creditcard,RI,TRUE,,,,,,FALSE,Manage Credit Card Limits,,,,
226,CC,All,manage card,How do I manage my credit card?,"Access all credit card controls including limits, transactions, and settings in one place.",MANAGE_CREDIT_CARD,,Redirection ,,,,,/CreditCardDetails,,creditcard,RI,TRUE,,,,,,FALSE,Manage Your Credit Card,,,,
227,CC,All,minimum amount due|Pay MAD|How do I view the minimum amount due for my credit card?|How do I pay the minimum amount due for my credit card?,How do I view or pay the minimum amount due?,Check and pay the minimum amount due on your credit card to keep your account in good standing.,PAY_MIN_AMOUNT_DUE,,Redirection ,,,,,/PayCreditCardBill,,creditcard,RI,TRUE,,,,,,FALSE,Pay Min. Amount Due - Credit Card,,,,
228,CC,All,Credit card transactions|CC transaction|How do I view details of my credit card transactions?,How do I view my credit card transactions?,View detailed transaction history for your credit card including recent and past spends.,VIEW_CC_TRANSACTIONS,,Redirection ,,,,,/SettledUnsettledTransactions,,creditcard,RI,TRUE,,,,,,FALSE,Credit Card Transactions,,,,
229,CC,All,Authorized but not settled|How do I view authorized but not settled transactions of my credit card?,How do I view authorized but not settled transactions?,Check transactions that are authorized but not yet settled on your credit card.,VIEW_AUTHORIZED_TRANSACTIONS,,Redirection ,,,,,/SettledUnsettledTransactions,,creditcard,RI,TRUE,,,,,,FALSE,Authorized Transactions - Credit Card,,,,
230,CC,All,Settled transactions|How do I view settled transactions of my credit card?,How do I view settled transactions?,View transactions that have been successfully settled on your credit card.,VIEW_SETTLED_TRANSACTIONS,,Redirection ,,,,,/SettledUnsettledTransactions,,creditcard,RI,TRUE,,,,,,FALSE,Settled Transactions - Credit Card,,,,
231,CC,All,Unsettled transactions|How do I view unsettled transactions of my credit card?,How do I view unsettled transactions?,Check pending or unsettled transactions on your credit card.,VIEW_UNSETTLED_TRANSACTIONS,,Redirection ,,,,,/SettledUnsettledTransactions,,creditcard,RI,TRUE,,,,,,FALSE,Unsettled Transactions - Credit Card,,,,
232,CC,All,Permanent block|How do I block my credit card permanently and place a request for replacement,How do I permanently block my credit card?,Permanently block your credit card and request a replacement if required.,PERMANENT_BLOCK_CC,,Redirection ,,,,,/PermanentBlockCard,,creditcard,RI,TRUE,,,,,,FALSE,Permanently Block Credit Card,,,,
233,CC,All,EMI Cancel EMI,How do I cancel my credit card EMI?,Cancel an active EMI on your credit card as per applicable terms and conditions.,CANCEL_CC_EMI,,Redirection ,,,,,/CreditCardDetails,,creditcard,RI,TRUE,,,,,,FALSE,Apply For Credit Card Closure,,,,
234,CC,All,Pay with credit card|How do I pay with credit card,How do I pay using my credit card?,"Make payments using your credit card for purchases, bills, and other transactions.",PAY_WITH_CC,,Redirection ,,,,,/CreditCardDetails,,creditcard,RI,TRUE,,,,,,FALSE,Pay With Credit Card,,,,
235,PAYMENTS,All,Recharge|Prepaid Mobile|DTH|FASTag|How to do recharge|How to pay for prepaid Mobile|How to pay for DTH|How to pay for FASTag,How do I recharge or pay bills?,"Recharge prepaid mobile, DTH, FASTag, and pay bills quickly through the app.",RECHARGES_BILLS,,Redirection ,,,,,/billerCategories,,liability|asset|creditcard,RI,TRUE,,,,,,FALSE,Recharges and Bills,,,,
236,PAYMENTS,All,Approve UPI Payment|View Pending Request Money|How to see request money list|How to approve pending UPI requests|Approve,How do I approve a UPI payment request?,View and approve pending UPI collect requests securely from your app.,APPROVE_UPI_REQUEST,,Redirection ,,,,,/pay/requests,,liability,RI,TRUE,,,,,,FALSE,Approve UPI Payment,,,,
237,PAYMENTS,All,Pay to UPI|How do I use UPI|UPI Pay|Pay using UPI|UPI Transfer|UPI Transactions|How to pay via upi payment|How to send money through UPI|How to do upi transfers|How to pay via UPI to mobile,How do I pay using UPI?,"Send money instantly using UPI via mobile number, VPA, or QR code.",PAY_TO_UPI,,Redirection ,,,,,/payToUpi,,liability,RI,TRUE,,,,,,FALSE,Pay To UPI,,,,
238,PFM,All,Analysis|Summary|My finances|Spending|Expenses|Income|Cash flow|Last month|Last week|How do I see my cash flow and spend analysis,How do I view my cash flow and spending analysis?,"Get insights into your income, expenses, and spending patterns with detailed analytics.",VIEW_SPEND_ANALYSIS,,Redirection ,,,,,/pay/myfinances,,liability|asset|creditcard,RI,TRUE,,,,,,FALSE,Cash Flow And Spend Analysis,,,,
239,PLATFORM,All,Call|Need assistance|Need help|Help center|Help|Contact|Call now|How do I get call assistance now,How do I get immediate call assistance?,Connect with customer support instantly for help and assistance.,CALL_NOW,,Redirection ,,,,,/ScheduleCallBackScreen,,liability|asset|creditcard,RI,TRUE,,,,,,FALSE,Call Now,,,,
240,RAS,All,Change pin|Forgot debit card PIN|Debit card PIN|Manage PIN|Pin Change|debit card pin change|debit card secure pin|debit card pin generation,How do I change my debit card PIN?,Change or reset your debit card PIN securely through the app.,CHANGE_DEBIT_PIN,,Redirection ,,,,,/SetDebitCardPin,,liability|asset|creditcard,RI,TRUE,,,,,,FALSE,Change PIN,,,,
241,RAS,All,Change card limit|Debit card limit|Daily card limit|Card Limit|Card Limits|My card limits|International debit card|increase debit card limit|debit card abroad|How do I manage my debit card limits,How do I manage my debit card limits?,"View and update debit card limits for domestic, international, and ATM transactions.",MANAGE_DEBIT_CARD_LIMITS,,Redirection ,,,,,/cards,,liability|asset|creditcard,RI,TRUE,,,,,,FALSE,Manage Debit Card Limits,,,,
242,RAS,All,Change login MPIN|Change MPIN|Change credentials|Manage MPIN|MPIN|PIN Change|Change my MPIN|Mobile PIN change|How do I change my MPIN,How do I change my MPIN?,Change your mobile banking MPIN securely to protect your account access.,CHANGE_MPIN,,Redirection ,,,,,/Settings,,liability|asset|creditcard,RI,TRUE,,,,,,FALSE,Change MPIN,,,,
243,RAS,All,Registered mobile number|Mobile number|Change my mobile number|Mobile number modification|Update Contact Number|How to update Contact Number|Update Phone Number|Update Mobile Number|Modify Mobile Number|How do I update my mobile Number,How do I update my mobile number?,Update your registered mobile number to continue receiving alerts and OTPs.,UPDATE_MOBILE_NUMBER,,Redirection ,,,,,/profile,,liability|asset|creditcard,RI,TRUE,,,,,,FALSE,Update Mobile Number,,,,
244,RAS,All,PAN details|PAN change|PAN|How to add PAN details|Permanent Account Number|How do I acess my PAN details,How do I view or update my PAN details?,View or update your PAN details to ensure compliance and seamless banking services.,VIEW_UPDATE_PAN,,Redirection ,,,,,/profile,,liability|asset|creditcard,RI,TRUE,,,,,,FALSE,PAN Details,,,,
245,RAS,All,Welcome to Mobile Banking|App experience|Whats new|App|One swipe banking|The joy of one swipe banking|Key features,How do I explore the mobile banking app features?,Take a guided tour of the app to understand features and enhance your banking experience.,APP_TOUR,,Redirection ,,,,,/profile,,liability|asset|creditcard,RI,TRUE,,,,,,FALSE,Mobile App Tour,,,,
246,RAS,All,Stop cheque payment|stop cheque|Wrong cheque issued|Cancel cheque issued|How do I stop an issues cheque,How do I stop a cheque payment?,Stop payment of an issued cheque to prevent it from being processed.,STOP_CHEQUE,,Redirection ,,,,,/more/echequebooks,,liability|asset|creditcard,RI,TRUE,,,,,,FALSE,Stop Cheque,,,,
247,RAS,All,Revoke stop cheque payment|Cancel stop cheque request|How do I revoke a cheque which has been stopped by me,How do I revoke a stopped cheque?,Revoke a stop cheque request if the cheque needs to be processed again.,REVOKE_STOP_CHEQUE,,Redirection ,,,,,/more/echequebooks,,liability|asset|creditcard,RI,TRUE,,,,,,FALSE,Revoke Stop Cheque,,,,
248,RAS,All,Wearable|Buy Wearable|FIRSTAP|How do I buy a wearable,How do I buy a wearable device?,Explore and purchase wearable devices enabled for contactless payments.,BUY_WEARABLE,,Redirection ,,,,,/buyWearable,,liability,RI,TRUE,,,,,,FALSE,Buy Wearable,,,,
249,RL,All,Business Loan|New Business|Startup loan|Borrow money for business|Business expansion loan|Loan for business taxes|SME loan|Start a business|How do I apply for a business loan,How do I apply for a business loan?,Apply for a business loan to support your startup or expand your business operations.,APPLY_BUSINESS_LOAN,,Redirection ,,,,,/loansDashboard/apply-for-loan/BIL,,liability|asset|creditcard,RI,TRUE,,,,,,FALSE,Apply for Business Loan,,,,
250,RL,All,Pre-owned car loan|Car loan|Used car loan|Borrow money for car|How do I apply for a pre-owned car loan,How do I apply for a pre-owned car loan?,Apply for a loan to finance your used car purchase with flexible repayment options.,APPLY_USED_CAR_LOAN,,Redirection ,,,,,/loansDashboard/apply-for-loan/UC,,liability|asset|creditcard,RI,TRUE,,,,,,FALSE,Apply for pre-owned car Loan,,,,
251,RL,All,Urgent loan|Personal loan|PL loan|CD loan|Home loan|Consumer Durable loan|Business loan|Two wheeler loan|Apply for loan|How do I apply for a loan,How do I apply for a loan?,"Apply for various types of loans such as personal, home, or business loans based on your needs.",APPLY_LOAN,,Redirection ,,,,,/loansDashboard/apply-for-loan,,liability|asset|creditcard,RI,TRUE,,,,,,FALSE,Apply for a Loan,,,,
252,RL,All,EMI calculator|Calculator|EMI|Monthly EMI|How do I access EMI Calculator,How do I access the EMI calculator?,Access the EMI calculator to plan your loan repayments effectively.,EMI_CALCULATOR,,Redirection ,,,,,/loansDashboard/emi-calculator,,liability|asset|creditcard,RI,TRUE,,,,,,FALSE,EMI Calculator,,,,
253,WEALTH,All,mutual funds|buy mutual funds|invest in mutual funds|list of mutual funds|Tpp mutual funds|How to invest in mutual funds|How to buy mutual funds|How do I invest in mutual funds|What are some of the top mutual funds|Top Mutual Funds,What are the top mutual funds to invest in?,Explore top mutual funds across categories and start investing via SIP or lump sum.,VIEW_TOP_MF,,Redirection ,,,,,/diymf,,liability,RI,TRUE,,,,,,FALSE,Top Mutual Funds,,,,
254,WEALTH,All,recommended mutual funds|get recommendations|which mutual fund should I buy|recommended funds for me|curated mutual funds|Lump sum|What are some recommended mutual funds?|Where can I get mutual fund recommendations?|How to see curated mutual funds for me|How to invest in Lumpsum,How do I get mutual fund recommendations?,Get personalized mutual fund recommendations based on your investment profile.,GET_MF_RECOMMENDATIONS,,Redirection ,,,,,/recommendportfolio/lumpsum,,liability,RI,TRUE,,,,,,FALSE,Invest in Mutual Funds,,,,
255,WEALTH,All,portfolio statement|download portfolio statement|holding statement|mutual fund report|download mutual fund report|capital gain report|How to download my portfolio statement|How to get my mutual fund report|How do I download my mutual fund report|How do I download capital gain report,How do I download my portfolio report?,"Download portfolio statements, holding reports, and capital gain reports easily.",DOWNLOAD_PORTFOLIO_REPORT,,Redirection ,,,,,/mfreports,,liability,RI,TRUE,,,,,,FALSE,Download report,,,,
256,WEALTH,All,buy SGB|buy sovereign gold bond|buy digital gold|buy gold|invest in gold|invest in SGB|New SGB|How do I get sovereign gold bond certificate|buy Sovereign Gold Bonds|How to buy sovereign gold bonds,How do I invest in sovereign gold bonds?,Invest in sovereign gold bonds as a secure and government-backed investment option.,BUY_SGB,,Redirection ,,,,,/buysgb,,liability,RI,TRUE,,,,,,FALSE,Buy Sovereign Gold Bonds,,,,
257,WEALTH,All,Risk profile|Set risk profile|My risk profile|How do I choose my risk profile|How do I set my risk profile|How do I manage my risk profile,How do I set my risk profile?,Set or update your investment risk profile to get suitable product recommendations.,SET_RISK_PROFILE,,Redirection ,,,,,/riskprofile,,liability,RI,TRUE,,,,,,FALSE,Risk profile,,,,
258,WEALTH,All,Wealth|Where can I see my wealth|Holding|Where can I see my holdings,How do I view my holdings?,View your complete investment holdings and track your total wealth in one place.,VIEW_HOLDINGS,,Redirection ,,,,,/investments,,liability,RI,TRUE,,,,,,FALSE,My Holdings,,,,
259,WEALTH,All,How to invest in IPO,How do I invest in an IPO?,Apply for IPOs easily and invest in companies during their initial public offering phase.,INVEST_IPO,,Redirection ,,,,,/investinipo,,liability,RI,TRUE,,,,,,FALSE,Invest in IPO,,,,
260,WEALTH,All,Equity Mutual Funds|How to invest in equity mutual fund,How do I invest in equity mutual funds?,Invest in equity mutual funds to grow wealth through market-linked returns.,INVEST_EQUITY_MF,,Redirection ,,,,,/diymf,,liability,RI,TRUE,,,,,,FALSE,Invest in Equity MF,,,,
261,WEALTH,All,Tax Mutual Funds|How to invest in tax saving mutual fund,How do I invest in tax-saving mutual funds?,Invest in ELSS mutual funds to save tax while earning market-linked returns.,INVEST_TAX_SAVING_MF,,Redirection ,,,,,/diymf,,liability,RI,TRUE,,,,,,FALSE,Invest in Tax Savings MF,,,,
262,WEALTH,All,lumpsum|How to invest in Lumpsum,How do I invest via lump sum?,Make a one-time investment in mutual funds based on your financial goals.,INVEST_LUMPSUM,,Redirection ,,,,,/recommendportfolio/lumpsum,,liability,RI,TRUE,,,,,,FALSE,Invest in Lumpsum,,,,
263,WEALTH,All,Capital Gain Report|How do I download capital gain report,How do I download my capital gain report?,Download your capital gain report to track profits and tax liabilities on investments.,DOWNLOAD_CAPITAL_GAIN_REPORT,,Redirection ,,,,,/mfreports,,liability,RI,TRUE,,,,,,FALSE,Capital Gain Report,,,,
264,WEALTH,All,download mutual fund report|How do I download my mutual fund report,How do I download my mutual fund report?,Access and download detailed reports of your mutual fund investments.,DOWNLOAD_MF_REPORT,,Redirection ,,,,,/mfreports,,liability,RI,TRUE,,,,,,FALSE,Download Mutual Fund Report,,,,
265,WEALTH,All,Download portfolio statement|How to download my portfolio statement,How do I download my portfolio statement?,Download your portfolio statement to review your investment summary and performance.,DOWNLOAD_PORTFOLIO_STATEMENT,,Redirection ,,,,,/mfreports,,liability,RI,TRUE,,,,,,FALSE,Download portfolio Statement,,,,
266,WEALTH,All,holding statement|How to get my holdings statement,How do I get my holdings statement?,Access your holdings statement to see detailed investment positions.,DOWNLOAD_HOLDING_STATEMENT,,Redirection ,,,,,/mfreports,,liability,RI,TRUE,,,,,,FALSE,Holding Statement,,,,
267,WEALTH,All,Mutual Fund statement|How to get my mutual fund statement,How do I get my mutual fund statement?,Download your mutual fund statement to review transactions and holdings.,DOWNLOAD_MF_STATEMENT,,Redirection ,,,,,/mfreports,,liability,RI,TRUE,,,,,,FALSE,Mutual Fund Statement,,,,
268,WEALTH,All,Sovereign Gold Bonds|How to invest in sovereign gold bonds,How do I invest in sovereign gold bonds?,"Invest in sovereign gold bonds as a secure, government-backed gold investment option.",INVEST_SGB,,Redirection ,,,,,/sgbSummary/holdings,,liability,RI,TRUE,,,,,,FALSE,Invest in SGB,,,,
269,WEALTH,All,SGB Holdings|Where can I see my SGB holdings,How do I view my SGB holdings?,View your sovereign gold bond holdings and track their current value.,VIEW_SGB_HOLDINGS,,Redirection ,,,,,/sgbSummary/holdings,,liability,RI,TRUE,,,,,,FALSE,SGB Holdings,,,,
270,WEALTH,All,Sovereign gold bonds certificate|How do I get sovereign gold bond certificate,How do I get my SGB certificate?,Access your sovereign gold bond certificate anytime for your investment records.,VIEW_SGB_CERTIFICATE,,Redirection ,,,,,/sgbSummary/holdings,,liability,RI,TRUE,,,,,,FALSE,Sovereign Gold Bonds Certificate,,,,
271,WEALTH,All,SGB Request|How to place SGB request,How do I place an SGB request?,Place a request to invest in sovereign gold bonds easily through the app.,PLACE_SGB_REQUEST,,Redirection ,,,,,/sgbSummary/applications,,liability,RI,TRUE,,,,,,FALSE,SGB Request,,,,
272,WEALTH,All,New SGB|When will the new SGB be available,When will new SGB issues be available?,Check upcoming sovereign gold bond issues and plan your investments accordingly.,VIEW_NEW_SGB,,Redirection ,,,,,/buysgb,,liability,RI,TRUE,,,,,,FALSE,New SGB,,,,
273,WEALTH,All,Child's Education|How much should I invest for my child's education,How do I plan investments for my child's education?,Set and plan financial goals to fund your child’s education with suitable investments.,CHILD_EDUCATION_GOAL,,Redirection ,,,,,/creategoal,,liability,RI,TRUE,,,,,,FALSE,Child's Education,,,,
274,WEALTH,All,Home|How much should I invest for my home,How do I plan a home investment goal?,Plan your investments to achieve your goal of buying or building a home.,HOME_GOAL,,Redirection ,,,,,/creategoal,,liability,RI,TRUE,,,,,,FALSE,Home Goal,,,,
275,WEALTH,All,Vacation|How much should I invest for my vacation,How do I plan a vacation goal?,Set and achieve your vacation savings goal through disciplined investments.,VACATION_GOAL,,Redirection ,,,,,/creategoal,,liability,RI,TRUE,,,,,,FALSE,Vacation Goal,,,,
276,WEALTH,All,Wedding|How much should I invest for my wedding,How do I plan a wedding investment goal?,Plan and invest systematically to achieve your financial goal for a wedding.,WEDDING_GOAL,,Redirection ,,,,,/creategoal,,liability,RI,TRUE,,,,,,FALSE,Wedding Goal,,,,
277,PAYMENTS,All,Recurring payments|How do I manage recurring payments,How do I manage recurring payments?,"Manage, modify, or cancel your recurring and auto-debit payments easily.",MANAGE_RECURRING_PAYMENTS,,Redirection ,,,,,/bankTransfer,,BIB|liability,RI,TRUE,,,,,,FALSE,Recurring Payments,,,,
278,PAYMENTS,All,RTGS|How do I pay via RTGS,How do I pay using RTGS?,Transfer funds using RTGS for high-value transactions with real-time processing.,PAY_RTGS,,Redirection ,,,,,/bankTransfer,,BIB|liability,RI,TRUE,,,,,,FALSE,RTGS Payments,,,,
279,PAYMENTS,All,Schedule payments|How do I schedule payments,How do I schedule payments?,Schedule payments in advance to ensure timely transfers and bill payments.,SCHEDULE_PAYMENTS,,Redirection ,,,,,/bankTransfer,,BIB|liability,RI,TRUE,,,,,,FALSE,Schedule Payments,,,,
280,PAYMENTS,All,Send Money|User fund transfer|Pay Money|How do I send money to someone|How do I send money|How do I make payments|How do I pay money|Transfer funds|How to pay to anyone|How to transfer funds,How do I transfer funds?,Transfer money to any account using multiple payment options securely and quickly.,TRANSFER_FUNDS,,Redirection ,,,,,/bankTransfer,,BIB|liability,RI,TRUE,,,,,,FALSE,Transfer Funds,,,,
281,PAYMENTS,All,Payee|How to view payee,How do I view my payees?,View your saved beneficiaries or payees for quick and easy transfers.,VIEW_PAYEE,,Redirection ,,,,,/allPayees,,liability|asset|creditcard,RI,TRUE,,,,,,FALSE,View Payee,,,,
282,PAYMENTS,All,Add beneficiary|Hew do I add beneficiary,How do I add a beneficiary?,Add a new beneficiary to transfer funds securely and conveniently.,ADD_BENEFICIARY,,Redirection ,,,,,/bankTransfer,,liability|asset|creditcard,RI,TRUE,,,,,,FALSE,Add beneficiary,,,,
283,PAYMENTS,All,Book a cylinder|How do I book a cylinder,How do I book a gas cylinder?,Book a gas cylinder easily through the app using integrated bill payment services.,BOOK_CYLINDER,,Redirection ,,,,,/billerCategories,,liability|asset|creditcard,RI,TRUE,,,,,,FALSE,Book a Cylinder,,,,
284,PAYMENTS,All,Donate|How to donate,How do I donate?,Make donations securely to supported organizations through the app.,DONATE,,Redirection ,,,,,/billerCategories,,liability|asset|creditcard,RI,TRUE,,,,,,FALSE,Donate,,,,
285,PAYMENTS,All,College|How do I pay for college fees,How do I pay college fees?,Pay college or education fees conveniently through the app.,PAY_COLLEGE_FEES,,Redirection ,,,,,/billerCategories,,liability|asset|creditcard,RI,TRUE,,,,,,FALSE,Pay College Fees,,,,
286,PAYMENTS,All,Electricity Bill|How do I pay electricity bill,How do I pay my electricity bill?,Pay your electricity bill quickly and securely through the app.,PAY_ELECTRICITY_BILL,,Redirection ,,,,,/billerCategories,,liability|asset|creditcard,RI,TRUE,,,,,,FALSE,Pay Electricity Bill,,,,
287,PAYMENTS,All,Mobile postpaid|How do I pay mobile postpaid bill,How do I pay my postpaid mobile bill?,Pay your postpaid mobile bills easily using available payment options.,PAY_POSTPAID_BILL,,Redirection ,,,,,/billerCategories,,liability|asset|creditcard,RI,TRUE,,,,,,FALSE,Pay Postpaid Bill,,,,
288,PAYMENTS,All,School|How do I pay for school fees,How do I pay school fees?,Pay school fees conveniently through the app without delays.,PAY_SCHOOL_FEES,,Redirection ,,,,,/billerCategories,,liability|asset|creditcard,RI,TRUE,,,,,,FALSE,Pay School Fees,,,,
289,PAYMENTS,All,Subscription|How do I pay for subscription,How do I pay for subscriptions?,Pay for subscriptions such as OTT or services seamlessly through the app.,PAY_SUBSCRIPTIONS,,Redirection ,,,,,/billerCategories,,liability|asset|creditcard,RI,TRUE,,,,,,FALSE,Subscription Payments,,,,
290,PAYMENTS,All,DTH|How to pay for DTH,How do I pay my DTH bill?,Recharge or pay your DTH bill easily through the app.,PAY_DTH,,Redirection ,,,,,/billerCategories,,liability|asset|creditcard,RI,TRUE,,,,,,FALSE,DTH Bill Payment,,,,
291,PAYMENTS,All,FASTag|How to pay for FASTag,How do I recharge my FASTag?,Recharge your FASTag instantly to ensure uninterrupted toll payments.,RECHARGE_FASTAG,,Redirection ,,,,,/billerCategories,,liability|asset|creditcard,RI,TRUE,,,,,,FALSE,Recharge FASTag,,,,
292,PAYMENTS,All,Prepaid Mobile|How to pay for prepaid Mobile,How do I recharge my mobile?,Recharge your prepaid mobile number quickly using secure payment methods.,RECHARGE_MOBILE,,Redirection ,,,,,/billerCategories,,liability|asset|creditcard,RI,TRUE,,,,,,FALSE,Recharge Mobile,,,,
293,PAYMENTS,All,Ask Money List|How to see collect money list,How do I view my collect money list?,View all incoming money requests and manage them from one place.,VIEW_COLLECT_MONEY_LIST,,Redirection ,,,,,/pay/requests,,liability,RI,TRUE,,,,,,FALSE,Collect Money List,,,,
294,PAYMENTS,All,VPA|What is my VPA|Whats my VPA|Virtual Payment Address|Address|How to use UPI Address,What is my UPI VPA?,View your Virtual Payment Address (VPA) and use it to send or receive money via UPI.,VIEW_UPI_VPA,,Redirection ,,,,,/UpiLanding,,liability,RI,TRUE,,,,,,FALSE,My UPI VPA,,,,
295,WEALTH,All,How to redeem a mutual fund|How do I systematically withdraw my funds|What is the minimum number of funds required to redeem|What is the minimum redemption amount|Redeam mutual fund|withdraw funds|Close mutual funds|How do I redeem a mutual fund|Cancel mutual fund|Systematic withdrawal,How do I redeem my mutual funds?,Redeem or withdraw your mutual fund investments partially or fully as per your needs.,REDEEM_MUTUAL_FUNDS,,Redirection ,,,,,/mfSummary?holdings,,liability,RI,TRUE,,,,,,FALSE,Redemption Of Funds,,,,
296,WEALTH,All,NCD investment|How do I invest in NCD,How do I invest in NCDs?,Invest in Non-Convertible Debentures (NCDs) to earn fixed returns over a specified tenure.,INVEST_NCD,,Redirection ,,,,,/investinipo,,liability,RI,TRUE,,,,,,FALSE,Invest In NCD,,,,
297,WEALTH,All,How do I see different types of mutual funds?,How do I explore different mutual funds?,Browse different categories of mutual funds to choose the right investment options.,VIEW_MUTUAL_FUNDS,,Redirection ,,,,,/investinmf,,liability,RI,TRUE,,,,,,FALSE,Mutual Funds,,,,
298,WEALTH,All,Invest into IPO-ASBA|How do I invest in IPO-ASBA|IPO-ASBA,How do I invest in IPO using ASBA?,Invest in IPOs using the ASBA facility to block funds securely in your account.,INVEST_IPO_ASBA,,Redirection ,,,,,/investinipo,,liability,RI,TRUE,,,,,,FALSE,Invest into IPO-ASBA,,,,
299,WEALTH,All,Invest in portfolio of stocks|How do I invest into portfolio of stocks,How do I invest in a portfolio of stocks?,Invest in curated stock portfolios based on your financial goals and risk appetite.,INVEST_STOCK_PORTFOLIO,,Redirection ,,,,,/investments,,liability,RI,TRUE,,,,,,FALSE,Invest In Portfolio Of Stocks,,,,
300,WEALTH,All,e-Voting services|How do I e-vote,How do I use e-voting services?,Participate in shareholder voting through e-voting services conveniently.,E_VOTING,,Redirection ,,,,,/investments,,liability,RI,TRUE,,,,,,FALSE,e-Voting Services,,,,
301,CC,All,Credit card rewards conversion enquiry|How to enquire about rewards point conversion,How do I convert my reward points?,"Check how to convert your credit card reward points into vouchers, cashback, or other benefits.",CONVERT_REWARD_POINTS,,Redirection ,,,,,/CreditCardDetails,,creditcard,RI,TRUE,,,,,,FALSE,Credit Card Rewards Conversion Enquiry,,,,
302,WEALTH,All,Summary of investment|How to view summary of investments,How do I view my investment summary?,View a consolidated summary of all your investments and their current value.,VIEW_INVESTMENT_SUMMARY,,Redirection ,,,,,/investments,,liability,RI,TRUE,,,,,,FALSE,Summary of investments,,,,
303,WEALTH,All,Set Goal for investment|How to set investment goals,How do I set an investment goal?,Set your financial goals and plan investments to achieve them over a defined timeline.,SET_INVESTMENT_GOAL,,Redirection ,,,,,/creategoal,,liability,RI,TRUE,,,,,,FALSE,Set Goal for investment,,,,
304,WEALTH,All,Check investments|How to check my investment portfolio,How do I check my investments?,"View your investment portfolio including holdings, value, and performance.",CHECK_INVESTMENTS,,Redirection ,,,,,/investments,,liability,RI,TRUE,,,,,,FALSE,Check Investments,,,,
305,WEALTH,All,Invest in Large & Mid Cap Fund|How to invest in Large & Mid Cap Fund,How do I invest in large & mid cap funds?,Invest in funds that combine large and mid cap stocks for balanced growth.,INVEST_LARGE_MID_CAP,,Redirection ,,,,,/investinmf,,liability,RI,TRUE,,,,,,FALSE,Invest in Large & Mid Cap Fund,,,,
306,WEALTH,All,Invest in Mid Cap Fund|How to invest in Mid Cap Fund,How do I invest in mid cap funds?,Invest in mid cap funds to capture growth opportunities from emerging companies.,INVEST_MID_CAP,,Redirection ,,,,,/investinmf,,liability,RI,TRUE,,,,,,FALSE,Invest in Mid Cap Fund,,,,
307,WEALTH,All,Invest in Small Cap Fund|How to invest in Small Cap Fund,How do I invest in small cap funds?,Invest in small cap funds for high growth potential with higher risk.,INVEST_SMALL_CAP,,Redirection ,,,,,/investinmf,,liability,RI,TRUE,,,,,,FALSE,Invest in Small Cap Fund,,,,
308,WEALTH,All,Invest in Focused Fund|How to invest in Focused Fund,How do I invest in focused funds?,Invest in focused funds that concentrate on a limited number of high-conviction stocks.,INVEST_FOCUSED_FUNDS,,Redirection ,,,,,/investinmf,,liability,RI,TRUE,,,,,,FALSE,Invest in Focused Fund,,,,
309,WEALTH,All,Invest in Tax Saving Funds|How to invest in Tax Saving Funds,How do I invest in tax saving funds?,Invest in ELSS funds to save tax while benefiting from equity market growth.,INVEST_TAX_SAVING_FUNDS,,Redirection ,,,,,/diymf,,liability,RI,TRUE,,,,,,FALSE,Invest in Tax Saving Funds,,,,
310,WEALTH,All,Invest in Curated Mutual Funds|How to invest in Curated Mutual Funds,How do I invest in curated mutual funds?,Choose from curated mutual fund portfolios designed based on your goals and risk profile.,INVEST_CURATED_MF,,Redirection ,,,,,/diymf,,liability,RI,TRUE,,,,,,FALSE,Invest in Curated Mutual Funds,,,,
311,CC,All,Payment Options|Learn about different ways to make credit card payments,What are the payment options for my credit card?,"Explore different ways to pay your credit card bill including UPI, NEFT, and auto-debit.",VIEW_PAYMENT_OPTIONS,,Redirection ,,,,,/CreditCardDetails,,creditcard,RI,TRUE,,,,,,FALSE,Payment Options,,,,
312,CC,All,Balance Transfer|How to initiate a credit card balance transfer,How do I do a credit card balance transfer?,Transfer outstanding balance from another credit card to manage payments efficiently.,CREDIT_CARD_BALANCE_TRANSFER,,Redirection ,,,,,/CreditCardDetails,,creditcard,RI,TRUE,,,,,,FALSE,Credit Card Balance Transfer,,,,
313,WEALTH,All,Financial Planning|How to create a financial plan,How do I create a financial plan?,"Build a comprehensive financial plan covering savings, investments, and goals.",FINANCIAL_PLANNING,,Redirection ,,,,,/creategoal,,liability|asset|creditcard,RI,TRUE,,,,,,FALSE,Financial Planning,,,,
314,RAS,All,Share account details|How to share account details,How do I share my account details?,Share your account details securely for receiving payments or transfers.,SHARE_ACCOUNT_DETAILS,,Redirection ,,,,,/account,,liability|asset|creditcard,RI,TRUE,,,,,,FALSE,Share Account details,,,,
315,RL,All,Easy Buy Card details|How to see easy buy card details,How do I view my Easy Buy Card details?,View details of your Easy Buy Card including limits and usage.,VIEW_EASY_BUY_DETAILS,,Redirection ,,,,,/loansDashboard/easyBuyCard,,liability|asset|creditcard,RI,TRUE,,,,,,FALSE,Easy Buy Card Details,,,,
316,WEALTH,All,Download my SIPs report|How to download my SIPs report,How do I download my SIPs report?,Download a detailed report of your SIP investments including transactions and performance.,DOWNLOAD_SIP_REPORT,,Redirection ,,,,,/mfSummary/holdings,,liability,RI,TRUE,,,,,,FALSE,Download my SIPs report,,,,
317,WEALTH,All,Download my Investment portfolio report|How to download my investment portfolio report,How do I download my investment portfolio report?,Download your complete investment portfolio report with holdings and valuation details.,DOWNLOAD_INVESTMENT_REPORT,,Redirection ,,,,,/investments,,liability,RI,TRUE,,,,,,FALSE,Download My Investment Portfolio Report,,,,
318,RAS,All,Locate ATM or branch nearest to me|How to locate ATM or branch nearest to me,How do I locate the nearest ATM or branch?,Find the nearest ATM or bank branch quickly using location-based services.,LOCATE_ATM_BRANCH,,Redirection ,,,,,/servicerequests/dashboard/profile/LOCATE_NEAREST_BRANCH,,liability|asset|creditcard,RI,TRUE,,,,,,FALSE,Locate ATM or Nearest Branch,,,,
319,RAS,All,How to update Aadhar details|ReKYC,How do I update my Aadhaar details?,Update your Aadhaar details to complete KYC or Re-KYC requirements.,UPDATE_AADHAAR,,Redirection ,,,,,/completeReKYC,,liability|asset|creditcard,RI,TRUE,,,,,,FALSE,KYC-ReKYC,,,,
320,PLATFORM,All,Checksum|Where do I find Checksum,What is a checksum and where can I find it?,View checksum details required for verifying secure transactions or documents.,VIEW_CHECKSUM,,Redirection ,,,,,/servicerequests/dashboard,,liability|asset|creditcard,RI,TRUE,,,,,,FALSE,Checksum,,,,
321,PLATFORM,All,Device management|De-register Device|Deregister|De-register,How do I de-register my device?,De-register your device to remove access and enhance account security.,DEREGISTER_DEVICE,,Redirection ,,,,,/deviceManagement,,liability|asset|creditcard,RI,TRUE,,,,,,FALSE,De-register device,,,,
322,PLATFORM,All,Device management|Delink Device|Remove Device,How do I remove a registered device?,Remove or delink a device from your account for better security control.,REMOVE_DEVICE,,Redirection ,,,,,/deviceManagement,,liability|asset|creditcard,RI,TRUE,,,,,,FALSE,Remove Device,,,,
323,RAS,All,Update Address|Change Address|Modify Address|Update residential Address|Residential address updation|Residential address modification|Address change|Revise address|Address revision|How do I update my address,How do I update my address?,Update your residential or permanent address to keep your KYC details current.,UPDATE_ADDRESS,,Redirection ,,,,,/profile,,liability|asset|creditcard,RI,TRUE,,,,,,FALSE,Update Address,,,,
324,RAS,All,My Rewards|My Reward Points|How do I view my Rewards|Reward points|Reward points checking|Using reward points|where do I use my reward points,How do I view my reward points?,View your reward points balance and track usage across transactions.,VIEW_MY_REWARD_POINTS,,Redirection ,,,,,/rewards/cclp,,liability|asset|creditcard,RI,TRUE,,,,,,FALSE,My Reward Points,,,,
325,RAS,All,"Booster , Salary booster , Booster after Salary , Account Booster , Salary advance|How do I avail salary booster",How do I avail salary booster?,Access salary booster or advance facility for short-term financial needs.,SALARY_BOOSTER,,Redirection ,,,,,/salaryod,,liability|asset|creditcard,RI,TRUE,,,,,,FALSE,Salary Booster,,,,
326,CX,All,Customer care|Call customer Care|How can I call customer care number,How do I contact customer care?,Connect with customer support for assistance with your banking queries.,CONTACT_CUSTOMER_CARE,,Redirection ,,,,,/servicerequests/dashboard,,liability|asset|creditcard,RI,TRUE,,,,,,FALSE,Customer Care,,,,
327,RAS,All,Refer and Earn|Refer|Earn,How does Refer and Earn work?,Refer friends and earn rewards when they join and use banking services.,REFER_AND_EARN,,Redirection ,,,,,/referandearn,,liability|asset|creditcard,RI,TRUE,,,,,,FALSE,Refer and Earn,,,,
328,RAS,All,Deposit Routing Account|View All Savings|Residential Savings Account||My Accounts|,How do I view my accounts?,View all your savings and deposit accounts in one place.,VIEW_MY_ACCOUNTS,,Redirection ,,,,,/account,,liability|asset|creditcard,RI,TRUE,,,,,,FALSE,View My Accounts,,,,
329,RAS,All,Overdraft Limit,What is my overdraft limit?,Check your available overdraft limit linked to your account.,VIEW_OVERDRAFT_LIMIT,,Redirection ,,,,,/account,,liability|asset|creditcard,RI,TRUE,,,,,,FALSE,Overdraft Limit,,,,
330,RAS,All,Sweep In Balance|Sweep Balance|Sweep,What is my sweep-in balance?,View the balance available through sweep-in facility linked to deposits.,VIEW_SWEEP_IN_BALANCE,,Redirection ,,,,,/account,,liability|asset|creditcard,RI,TRUE,,,,,,FALSE,Sweep In Balance,,,,
331,RAS,All,Unclear Funds,What are unclear funds in my account?,Check funds that are not yet cleared or available for withdrawal.,VIEW_UNCLEAR_FUNDS,,Redirection ,,,,,/account,,liability|asset|creditcard,RI,TRUE,,,,,,FALSE,Unclear Funds,,,,
332,WEALTH,All,Term Insurance|Bajaj Allianz Life|ICICI Prudential,How do I view my term insurance details?,View your term insurance policies and coverage details.,VIEW_TERM_INSURANCE,,Redirection ,,,,,/insuranceDashboard,,liability|asset|creditcard,RI,TRUE,,,,,,FALSE,Term Insurance,,,,
333,WEALTH,All,Total Premium,How do I check my total insurance premium?,View the total premium payable for your insurance policies.,VIEW_TOTAL_PREMIUM,,Redirection ,,,,,/insuranceDashboard,,liability|asset|creditcard,RI,TRUE,,,,,,FALSE,Total Premium - Insurance,,,,
334,WEALTH,All,Secure Your Family's Future,How do I secure my family’s future?,Explore insurance plans that help secure your family’s financial future.,SECURE_FAMILY_FUTURE,,Redirection ,,,,,/insuranceDashboard,,liability|asset|creditcard,RI,TRUE,,,,,,FALSE,Secure Your Family's Future - Insurance,,,,
335,WEALTH,All,Buy Health Insurance|Protect Yourself,How do I buy health insurance?,Purchase health insurance plans to protect yourself against medical expenses.,BUY_HEALTH_INSURANCE,,Redirection ,,,,,/insuranceDashboard,,liability|asset|creditcard,RI,TRUE,,,,,,FALSE,Protect Yourself - Insurance,,,,
336,WEALTH,All,Increase Existing Health Cover|Additional Cover,How do I increase my health cover?,Enhance your existing health insurance coverage with additional benefits.,INCREASE_HEALTH_COVER,,Redirection ,,,,,/insuranceDashboard,,liability|asset|creditcard,RI,TRUE,,,,,,FALSE,Increase Existing Health Cover,,,,
337,WEALTH,All,Motor Insurance,How do I buy motor insurance?,Get motor insurance to protect your vehicle against damages and liabilities.,BUY_MOTOR_INSURANCE,,Redirection ,,,,,/insuranceDashboard,,liability|asset|creditcard,RI,TRUE,,,,,,FALSE,Motor Insurance,,,,
338,WEALTH,All,Calculate Ideal Cover,How do I calculate my ideal insurance cover?,Calculate the right insurance coverage based on your needs and lifestyle.,CALCULATE_IDEAL_COVER,,Redirection ,,,,,/insuranceDashboard,,liability|asset|creditcard,RI,TRUE,,,,,,FALSE,Calculate Ideal Cover - Insurance,,,,
339,WEALTH,All,Health Cover Need Analysis,How do I assess my health cover needs?,Analyze your healthcare needs to choose the right insurance plan.,HEALTH_COVER_ANALYSIS,,Redirection ,,,,,/insuranceDashboard,,liability|asset|creditcard,RI,TRUE,,,,,,FALSE,Health Cover Need Analysis,,,,
340,WEALTH,All,Find Your Ideal Cover,How do I find my ideal insurance cover?,Discover the most suitable insurance plan based on your profile.,FIND_IDEAL_INSURANCE,,Redirection ,,,,,/insuranceDashboard,,liability|asset|creditcard,RI,TRUE,,,,,,FALSE,Find Your Ideal Insurance Cover,,,,
341,WEALTH,All,Add On Protection,What are add-on protection options?,Explore add-on covers to enhance your insurance protection.,ADD_ON_PROTECTION,,Redirection ,,,,,/insuranceDashboard,,liability|asset|creditcard,RI,TRUE,,,,,,FALSE,Add On Protection - Insurance,,,,
342,WEALTH,All,Long Term Protection,How do I get long-term protection?,Choose long-term insurance plans for sustained financial security.,LONG_TERM_PROTECTION,,Redirection ,,,,,/insuranceDashboard,,liability|asset|creditcard,RI,TRUE,,,,,,FALSE,Long Term Protection,,,,
343,WEALTH,All,Life Cover,How do I get life insurance cover?,Get life insurance coverage to financially protect your loved ones.,BUY_LIFE_COVER,,Redirection ,,,,,/insuranceDashboard,,liability|asset|creditcard,RI,TRUE,,,,,,FALSE,Life Cover - Insurance,,,,
344,WEALTH,All,Buy Two Wheeler Insurance,How do I buy two-wheeler insurance?,Purchase insurance for your bike or scooter with ease.,BUY_TWO_WHEELER_INSURANCE,,Redirection ,,,,,/insuranceDashboard,,liability|asset|creditcard,RI,TRUE,,,,,,FALSE,Buy Two Wheeler Insurance,,,,
345,CC,All,Card Privileges|Your Card Privileges|Credit Card Privileges|How do I get my Credit Card Privileges,How do I view my card privileges?,View benefits and privileges associated with your credit card.,VIEW_CARD_PRIVILEGES,,Redirection ,,,,,/cards,,liability|asset|creditcard,RI,TRUE,,,,,,FALSE,Your Card Privileges,,,,
346,CC,All,Card Controls|Debit Card controls|How do I find Debit Card Card Controls?,How do I manage my debit card controls?,"Manage debit card settings like limits, usage, and security controls.",MANAGE_DEBIT_CARD_CONTROLS,,Redirection ,,,,,/cards,,liability|asset|creditcard,RI,TRUE,,,,,,FALSE,Debit Card Controls,,,,
347,CC,All,Card Controls|Credit Card controls|Manage Credit Card|Credit controls|How do I find Card Controls?,How do I manage my credit card controls?,"Manage credit card settings including limits, usage, and security preferences.",MANAGE_CREDIT_CARD_CONTROLS,,Redirection ,,,,,/cards,,liability|asset|creditcard,RI,TRUE,,,,,,FALSE,Credit Card Controls,,,,
348,CC,All,Update Credit Card Profile|Update Card profile|How do I change my profile details?|How do I change credit card details?,How do I update my credit card profile?,Update your credit card profile details and personal information.,UPDATE_CC_PROFILE,,Redirection ,,,,,/cards,,liability|asset|creditcard,RI,TRUE,,,,,,FALSE,Update Credit Card Profile,,,,
349,RL,All,Update CIBIL Status,How do I update my CIBIL status?,Check and update your CIBIL score or status for better loan eligibility.,UPDATE_CIBIL,,Redirection ,,,,,/servicerequests/dashboard,,liability|asset|creditcard,RI,TRUE,,,,,,FALSE,Update CIBIL Status,,,,
350,RL,All,Update CIBIL Status|know more about loans|Track loan application|EMI Calculator|Pay Later,How do I track my loan application?,Track the status of your loan application and related updates.,TRACK_LOAN_APPLICATION,,Redirection ,,,,,/loansDashboard,,liability|asset|creditcard,RI,TRUE,,,,,,FALSE,Track Loan Application,,,,
351,WEALTH,All,balanced|balanced investment,What is a balanced investor profile?,Understand the balanced investor profile with moderate risk and return preferences.,BALANCED_INVESTOR_PROFILE,,Redirection ,,,,,/riskprofile,,liability|asset|creditcard,RI,TRUE,,,,,,FALSE,Balanced Investor,,,,
352,WEALTH,All,aggressive investment|aggression,What is an aggressive investor profile?,Understand aggressive investment strategies focused on high risk and high returns.,AGGRESSIVE_INVESTOR_PROFILE,,Redirection ,,,,,/riskprofile,,liability|asset|creditcard,RI,TRUE,,,,,,FALSE,Aggressive Investor,,,,
353,WEALTH,All,IT sector funds|IT|IT index,How do I invest in IT sector funds?,Invest in IT sector funds to gain exposure to technology-driven companies.,INVEST_IT_FUNDS,,Redirection ,,,,,/investments,,liability|asset|creditcard,RI,TRUE,,,,,,FALSE,Invest in IT Companies,,,,
354,WEALTH,All,top companies|invest in top companies,How do I invest in top companies?,Invest in leading companies with strong market presence and performance.,INVEST_TOP_COMPANIES,,Redirection ,,,,,/investments,,liability|asset|creditcard,RI,TRUE,,,,,,FALSE,Invest in Top Companies,,,,
355,WEALTH,All,bank deposits|alternate to bank deposits,What are alternatives to bank deposits?,Explore investment options that can offer better returns than traditional deposits.,ALTERNATIVE_TO_DEPOSITS,,Redirection ,,,,,/investments,,liability|asset|creditcard,RI,TRUE,,,,,,FALSE,Alternate to Bank Deposits,,,,
356,WEALTH,All,bond funds,How do I invest in bond funds?,Invest in bond funds for stable income and lower risk exposure.,INVEST_BOND_FUNDS,,Redirection ,,,,,/investments,,liability|asset|creditcard,RI,TRUE,,,,,,FALSE,Invest in Bond Funds,,,,
357,WEALTH,All,elss|investment in elss,How do I invest in ELSS funds?,Invest in ELSS funds to save tax while earning market-linked returns.,INVEST_ELSS,,Redirection ,,,,,/investinmf,,liability|asset|creditcard,RI,TRUE,,,,,,FALSE,Invest in ELSS,,,,
358,WEALTH,All,fintech|MF|SIPs,How do I invest in banking and fintech funds?,Invest in mutual funds focused on banking and fintech sectors.,INVEST_FINTECH_FUNDS,,Redirection ,,,,,/investinmf,,liability|asset|creditcard,RI,TRUE,,,,,,FALSE,Invest in Banking and Fintech,,,,
359,WEALTH,All,debt mutual funds|MF|SIPs,How do I invest in SIP mutual funds?,Start SIP investments to build wealth through disciplined investing.,INVEST_MF_SIP,,Redirection ,,,,,/diymf,,liability|asset|creditcard,RI,TRUE,,,,,,FALSE,Invest in MF - SIP,,,,
360,WEALTH,All,handpicked funds|MF|SIPs,How do I invest in handpicked funds?,Invest in curated or handpicked mutual funds based on expert selection.,INVEST_HANDPICKED_FUNDS,,Redirection ,,,,,/investinmf,,liability|asset|creditcard,RI,TRUE,,,,,,FALSE,Invest in Handpicked Funds,,,,
361,FX,All,Overseas investment|How to invest overseas,How do I invest overseas?,Explore options to invest in international markets and diversify your portfolio.,INVEST_OVERSEAS,,Redirection ,,,,,/payabroad,,liability,RI,TRUE,,,,,,FALSE,Overseas Investment,,,,
362,FX,All,CAD|Canadian Dollars|How to pay in Canadian Dollars,How do I pay in Canadian Dollars?,Make international payments in Canadian Dollars securely through the app.,PAY_IN_CAD,,Redirection ,,,,,/payabroad,,liability,RI,TRUE,,,,,,FALSE,Pay in Canadian Dollars,,,,
363,FX,All,AUD|Australian Dollars|How to pay in Australian Dollars,How do I pay in Australian Dollars?,Send or pay money in Australian Dollars for international transactions.,PAY_IN_AUD,,Redirection ,,,,,/payabroad,,liability,RI,TRUE,,,,,,FALSE,Pay in Australian Dollars,,,,
364,FX,All,SGD|Singapore Dollars|How to pay in Singapore Dollars,How do I pay in Singapore Dollars?,Make payments in Singapore Dollars easily using international transfer options.,PAY_IN_SGD,,Redirection ,,,,,/payabroad,,liability,RI,TRUE,,,,,,FALSE,Pay in Singapore Dollars,,,,
365,INVESTMENTS,All,Track external mutual funds|Track all your mutual fund holdings|External mutual funds holdings|How do I track my external mutual fund holding|Sync all your mutual funds|Zerodha mutual funds|Groww mutual funds,How do I track external mutual funds?,Track mutual fund investments held outside the bank in one consolidated view.,TRACK_EXTERNAL_MF,,Redirection ,,,,,/mfSummary/holdings,,liability,RI,TRUE,,,,,,FALSE,Track External Mutual Funds,,,,
366,RAS,All,Airport lounge access|How do I know about Airport lounge access,How do I access airport lounge benefits?,Check your eligibility and access airport lounge benefits using your card.,AIRPORT_LOUNGE_ACCESS,,Redirection ,,,,,/cards,,liability,RI,TRUE,,,,,,FALSE,Airport Lounge Access,,,,
367,WEALTH,All,Invest in SBI - MF|SBI,How do I invest in SBI mutual funds?,Invest in SBI mutual funds to diversify your portfolio with trusted fund options.,INVEST_SBI_MF,,Redirection ,,,,,/investinmf,,liability,RI,TRUE,,,,,,FALSE,Invest in SBI - MF,,,,
368,WEALTH,All,Invest in HDFC - MF|HDFC,How do I invest in HDFC mutual funds?,Invest in HDFC mutual funds for long-term wealth creation.,INVEST_HDFC_MF,,Redirection ,,,,,/investinmf,,liability,RI,TRUE,,,,,,FALSE,Invest in HDFC - MF,,,,
369,WEALTH,All,Invest in ICICI - MF|ICICI,How do I invest in ICICI mutual funds?,Choose and invest in ICICI mutual fund schemes based on your goals.,INVEST_ICICI_MF,,Redirection ,,,,,/investinmf,,liability,RI,TRUE,,,,,,FALSE,Invest in ICICI - MF,,,,
370,WEALTH,All,Invest in Flexi Cap Funds|Small Cap|Mid Cap|Large Cap|Flexi Cap|Quant Funds|Qaunt Funds,How do I invest in flexi cap mutual funds?,Invest in flexi cap funds that dynamically allocate across market capitalizations.,INVEST_FLEXI_CAP_MF,,Redirection ,,,,,/investinmf,,liability,RI,TRUE,,,,,,FALSE,Invest in Flexi Cap Mutual Funds,,,,
371,WEALTH,All,Invest in Small Cap Funds|Small Cap|Mid Cap|Large Cap|Flexi Cap|Quant Funds|Qaunt Funds,How do I invest in small cap mutual funds?,Invest in small cap funds for high growth potential with higher risk.,INVEST_SMALL_CAP_MF,,Redirection ,,,,,/investinmf,,liability,RI,TRUE,,,,,,FALSE,Invest in Small Cap Mutual Funds,,,,
372,WEALTH,All,Invest in Mid Cap Funds|Small Cap|Mid Cap|Large Cap|Flexi Cap|Quant Funds|Qaunt Funds,How do I invest in mid cap mutual funds?,Invest in mid cap funds to capture growth from emerging companies.,INVEST_MID_CAP_MF,,Redirection ,,,,,/investinmf,,liability,RI,TRUE,,,,,,FALSE,Invest in Mid Cap Mutual Funds,,,,
373,WEALTH,All,Invest in Quant Funds|Small Cap|Mid Cap|Large Cap|Flexi Cap|Quant Funds|Qaunt Funds,How do I invest in quant mutual funds?,Invest in quant-based funds that use data-driven strategies for portfolio selection.,INVEST_QUANT_MF,,Redirection ,,,,,/investinmf,,liability,RI,TRUE,,,,,,FALSE,Invest in Quant Mutual Funds,,,,
374,WEALTH,All,Franklin MF|Invest in Franklin,How do I invest in Franklin mutual funds?,Invest in Franklin mutual funds for diversified investment options.,INVEST_FRANKLIN_MF,,Redirection ,,,,,/investinmf,,liability,RI,TRUE,,,,,,FALSE,Invest in Franklin√î√∏Œ©MF,,,,
375,WEALTH,All,TATA MF|Invest in TATA MF,How do I invest in TATA MF?,Choose and invest in TATA mutual fund schemes conveniently.,INVEST_TATA_MF,,Redirection ,,,,,/investinmf,,liability,RI,TRUE,,,,,,FALSE,Invest in TATA MF,,,,
376,WEALTH,All,Motilal MF|Invest in Motilal MF,How do I invest in Motilal mutual funds?,Invest in Motilal Oswal mutual funds based on your financial goals.,INVEST_MOTILAL_MF,,Redirection ,,,,,/investinmf,,liability,RI,TRUE,,,,,,FALSE,Invest in Motilal MF,,,,
377,WEALTH,All,UTI MF|Invest in UTI MF,How do I invest in UTI mutual funds?,Explore UTI mutual fund options and start investing.,INVEST_UTI_MF,,Redirection ,,,,,/investinmf,,liability,RI,TRUE,,,,,,FALSE,Invest in UTI MF,,,,
378,WEALTH,All,Aditya Birla MF|Invest in Aditya Birla MF,How do I invest in Aditya Birla mutual funds?,Invest in Aditya Birla mutual funds for diversified portfolio growth.,INVEST_ADITYA_BIRLA_MF,,Redirection ,,,,,/investinmf,,liability,RI,TRUE,,,,,,FALSE,Invest in Aditya Birla MF,,,,
379,WEALTH,All,Bajaj Finserve MF|Invest in Bajaj Finserve MF,How do I invest in Bajaj Finserv mutual funds?,Explore and invest in Bajaj Finserv mutual fund offerings.,INVEST_BAJAJ_MF,,Redirection ,,,,,/investinmf,,liability,RI,TRUE,,,,,,FALSE,Invest in Bajaj Finserve MF,,,,
380,WEALTH,All,Canara Rob MF|Invest in Canara Rob MF,How do I invest in Canara Robeco mutual funds?,Invest in Canara Robeco mutual funds for diversified investment options.,INVEST_CANARA_MF,,Redirection ,,,,,/investinmf,,liability,RI,TRUE,,,,,,FALSE,Invest in Canara Rob MF,,,,
381,WEALTH,All,Groww MF|Invest in Groww MF,How do I invest in Groww mutual funds?,Invest in mutual funds available via Groww integration or external holdings.,INVEST_GROWW_MF,,Redirection ,,,,,/investinmf,,liability,RI,TRUE,,,,,,FALSE,Invest in Groww MF,,,,
382,WEALTH,All,HSBC MF|Invest in HSBC MF,How do I invest in HSBC mutual funds?,Invest in HSBC mutual fund schemes to diversify your portfolio.,INVEST_HSBC_MF,,Redirection ,,,,,/investinmf,,liability,RI,TRUE,,,,,,FALSE,Invest in HSBC MF,,,,
383,WEALTH,All,LIC MF|Invest in LIC MF,How do I invest in LIC mutual funds?,Explore and invest in LIC mutual fund offerings easily.,INVEST_LIC_MF,,Redirection ,,,,,/investinmf,,liability,RI,TRUE,,,,,,FALSE,Invest in LIC MF,,,,
384,WEALTH,All,TRUSTMF|Invest in TRUSTMF,How do I invest in TRUST mutual funds?,Invest in TRUST mutual fund schemes through the app.,INVEST_TRUST_MF,,Redirection ,,,,,/investinmf,,liability,RI,TRUE,,,,,,FALSE,Invest in TRUSTMF,,,,
385,CX,All,Close Consumer Loan|Complete Consumer Loan|Finalize Consumer Loan|End Consumer Loan|Settle Consumer Loan|End Consumer Durable Loan|Complete Vehicle Loan|Finalize 2 Wheeler Loan|2 wheeler loan|Consumer Loan,How do I foreclose my loan?,"Foreclose your consumer, vehicle, or durable loan by paying the outstanding amount.",LOAN_FORECLOSURE,,Redirection ,,,,,/loansDashboard/myLoans,,liability|asset|creditcard,RI,TRUE,,,,,,FALSE,Other Loan Foreclosure,,,,
386,CX,All,RC Line Foreclosure|Revolving Credit Foreclosure|Revolving Credit Line Foreclosure|Credit Line Foreclosure|Pay later Foreclosure|Paylater Foreclosure|Flipkart loan Foreclosure|Ola loan Foreclosure|Amazon loan foreclosure|Flipkart Pay Later Closure,How do I foreclose my pay later loan?,Close your pay later or revolving credit line by clearing dues.,PAYLATER_FORECLOSURE,,Redirection ,,,,,/loansDashboard/myLoans,,liability|asset|creditcard,RI,TRUE,,,,,,FALSE,Pay Later Foreclsoure,,,,
387,PLATFORM,All,Face Settings|Biometric|Biometric recognition|Biometric ID|Login|Login ID|Login using Biometric|Login Face ID|Login Touch ID|Fingerprint reader,How do I manage biometric login settings?,Enable or manage biometric authentication like Face ID or fingerprint for secure login.,MANAGE_BIOMETRIC_LOGIN,,Redirection ,,,,,/Settings,,liability|asset|creditcard,RI,TRUE,,,,,,FALSE,Biometric - Login Settings,,,,
388,REWARDS,All,Hotel|Book|Book Hotel|Travel|Trip,How do I book hotels?,Book hotels for your travel needs directly through the app.,BOOK_HOTELS,,Redirection ,,,,,/rewards/hotel,,liability,RI,TRUE,,,,,,FALSE,Hotel Booking,,,,
389,PAYMENTS,All,Add Money|Money add,How do I add money?,Add funds to your account or wallet quickly and securely.,ADD_MONEY,,Redirection ,,,,,/addMoney,,liability,RI,TRUE,,,,,,FALSE,Add Money,,,,
390,ALL,All,Stop marketing calls and messages,How do I stop marketing calls and messages?,Opt out of promotional communications and marketing messages.,STOP_MARKETING_COMM,,Redirection ,,,,,/https://www.idfcfirstbank.com/dnd,,liability|asset|creditcard,RI,TRUE,,,,,,FALSE,Stop marketing calls and messages,,,,
391,CC,All,Secured card|Wow card|Credit card against FD|FD backed card|First earn credit card,How do I get a credit card against FD?,Apply for a secured credit card backed by your fixed deposit.,CC_AGAINST_FD,,Redirection ,,,,,/ApplyFdSecuredCard,,liability,RI,TRUE,,,,,,FALSE,Credit Card against FD,,,,
392,CC,All,CreditPro|Credit Pro|Balance Transfer,How does CreditPro balance transfer work?,Transfer your credit card balance using CreditPro for better repayment options.,CREDITPRO_BALANCE_TRANSFER,,Redirection ,,,,,/CreditProBalanceTransfer,,liability,RI,TRUE,,,,,,FALSE,Credit Pro balance transfer,,,,
393,WEALTH,All,Motilal|3 in 1|3 in|in 1|three|demat trading|amc waiver|hold and release|Hold & Release|Share trading,How do I open a 3-in-1 account?,"Open a 3-in-1 account for banking, trading, and demat services.",OPEN_3IN1_ACCOUNT,,Redirection ,,,,,/3in1account,,liability,RI,TRUE,,,,,,FALSE,3 in 1 Account,,,,
394,FX,All,gift city holdings|view gift city account|gift city deposit balance|gift city fd balance,How do I view my GIFT City holdings?,"View your GIFT City account holdings, deposits, and statements.",VIEW_GIFT_CITY_HOLDINGS,,Redirection ,,,,,/account,,liability,RI,TRUE,,,,,,FALSE,GIFT City Holdings & Statement,,,,
395,FX,All,open fcnr deposit|start fcnr account|fcnr deposit rates|fcnr interest rates|fcnr deposit|fcnr deposit statement|fcnr deposit application|how to open fcnr deposit|convert nre to fcnr|Foreign currency fixed deposits for NRIs,How do I open an FCNR deposit?,Open a foreign currency fixed deposit (FCNR) for NRI investments.,OPEN_FCNR_DEPOSIT,,Redirection ,,,,,/createfcnrfd,,liability,RI,TRUE,,,,,,FALSE,FCNR Deposit,,,,
396,FX,All,Overseas Transfer|Inward Remittance|Digital Inward Remittance|Digital Remittance|Transfer to India|Pay to India|Funds Transfer to India|Self Account Transfer|Me2Me|MetoMe,How do I transfer money between my accounts?,Transfer funds between your own accounts easily using Me2Me transfer.,ME2ME_TRANSFER,,Redirection ,,,,,/rfxmetome?isNewJourney=true,,liability,RI,TRUE,,,,,,FALSE,Me2Me Transfer,,,,
397,FX,All,Open GIFT City Savings account|Create GIFT city account|GIFT City,How do I open a GIFT City savings account?,Open a GIFT City account to access international banking and investment services.,OPEN_GIFT_CITY_ACCOUNT,,Redirection ,,,,,/openGiftCityAccount,,liability,RI,TRUE,,,,,,FALSE,Open GIFT City Savings account,,,,
398,RL,All,Pay EMI|EMI paid|Loan EMI|How do I access my loan EMI,How do I pay my loan EMI?,Pay your loan EMI easily and track your payment status through the app.,PAY_LOAN_EMI,,Redirection,,,,,/loansDashboard/myLoans,,liability|asset|creditcard,RI,TRUE,,,,,,FALSE,Loan EMI,,,,
399,CC,All,Change billing cycle|Credit card billing cycle change|Change credit card billing cycle|Modify billing cycle|Change billing date|Change statement cycle|Update billing cycle|New billing cycle|How do I change my billing cycle,How do I change my credit card billing cycle?,Change your credit card billing cycle to align statement and due dates with your preferred schedule.,CHANGE_CC_BILLING_CYCLE,,Redirection ,,,,,/servicerequests/dashboard/credit_card/CHANGE_CREDIT_CARD_BILLING_DATE,,creditcard,RI,TRUE,,,,,,FALSE,Change Credit Card Billing Cycle,,,,
